<LOG TP='BD'><![CDATA[15/11/2014 -> SELECT * FROM usuarios WHERE tx_login='fingal' and clave='12345'; Sat Nov 15 08:01:07 VET 2014]]></LOG><LOG TP='BD'><![CDATA[15/11/2014 -> SELECT * FROM usuarios WHERE tx_login='fingal' and clave='12345'; Sat Nov 15 08:01:07 VET 2014]]></LOG><LOG TP='BD'><![CDATA[15/11/2014 -> SELECT * FROM usuarios WHERE tx_login='fingal' and clave='12345'; Sat Nov 15 08:01:07 VET 2014]]></LOG><LOG TP='BD'><![CDATA[15/11/2014 -> SELECT * FROM tbl_estatus WHERE id_estatus='1'; Sat Nov 15 08:01:07 VET 2014]]></LOG><LOG TP='BD'><![CDATA[15/11/2014 -> SELECT * FROM usuarios WHERE tx_login='fingal' and clave='12345'; Sat Nov 15 08:01:07 VET 2014]]></LOG><LOG TP='BD'><![CDATA[15/11/2014 -> SELECT * FROM tbl_rol_usr WHERE nb_rol_usr='Administrador'; Sat Nov 15 08:01:07 VET 2014]]></LOG><LOG TP='BD'><![CDATA[15/11/2014 -> SELECT * FROM tbl_rol_usr WHERE nb_rol_usr='Estudiante'; Sat Nov 15 08:01:07 VET 2014]]></LOG><LOG TP='BD'><![CDATA[15/11/2014 -> SELECT * FROM tbl_rol_usr WHERE nb_rol_usr='Maestro'; Sat Nov 15 08:01:07 VET 2014]]></LOG><LOG TP='BD'><![CDATA[15/11/2014 -> SELECT * FROM tbl_rol_usr WHERE nb_rol_usr='Administrador'; Sat Nov 15 08:01:07 VET 2014]]></LOG><LOG TP='BD'><![CDATA[15/11/2014 -> SELECT * FROM tbl_rol_usr WHERE nb_rol_usr='Estudiante'; Sat Nov 15 08:01:07 VET 2014]]></LOG><LOG TP='BD'><![CDATA[15/11/2014 -> SELECT * FROM tbl_rol_usr WHERE nb_rol_usr='Maestro'; Sat Nov 15 08:01:07 VET 2014]]></LOG><LOG TP='BD'><![CDATA[15/11/2014 -> SELECT * FROM tbl_estatus WHERE id_estatus='3'; Sat Nov 15 08:01:07 VET 2014]]></LOG><LOG TP='BD'><![CDATA[15/11/2014 -> SELECT * FROM tbl_estatus WHERE id_estatus='3'; Sat Nov 15 08:01:07 VET 2014]]></LOG><LOG TP='BD'><![CDATA[15/11/2014 -> SELECT * FROM tbl_estatus WHERE id_estatus='3'; Sat Nov 15 08:01:07 VET 2014]]></LOG><LOG TP='BD'><![CDATA[15/11/2014 -> SELECT * FROM tbl_rol_usr WHERE id_rol_usr=2; Sat Nov 15 08:01:07 VET 2014]]></LOG><LOG TP='BD'><![CDATA[15/11/2014 -> SELECT id_estado FROM tbl_estado WHERE nb_estado='Falcón'; Sat Nov 15 08:01:07 VET 2014]]></LOG><LOG TP='BD'><![CDATA[15/11/2014 -> SELECT id_estado FROM tbl_estado WHERE nb_estado='Falcón'; Sat Nov 15 08:01:07 VET 2014]]></LOG><LOG TP='BD'><![CDATA[15/11/2014 -> SELECT id_municipio FROM tbl_municipio WHERE nb_municipio='Carirubana'; Sat Nov 15 08:01:07 VET 2014]]></LOG><LOG TP='BD'><![CDATA[15/11/2014 -> SELECT id_municipio FROM tbl_municipio WHERE nb_municipio='Carirubana'; Sat Nov 15 08:01:07 VET 2014]]></LOG><LOG TP='BD'><![CDATA[15/11/2014 -> SELECT * FROM usuarios WHERE tx_login='fingal1'; Sat Nov 15 08:01:07 VET 2014]]></LOG><LOG TP='BD'><![CDATA[15/11/2014 -> SELECT * FROM usuarios WHERE cedula='344344'; Sat Nov 15 08:01:07 VET 2014]]></LOG><LOG TP='BD'><![CDATA[15/11/2014 -> SELECT * FROM usuarios WHERE tx_login='fingal1'; Sat Nov 15 08:01:07 VET 2014]]></LOG><LOG TP='BD'><![CDATA[15/11/2014 -> SELECT * FROM usuarios WHERE cedula='344344'; Sat Nov 15 08:01:07 VET 2014]]></LOG><LOG TP='BD'><![CDATA[15/11/2014 -> SELECT * FROM usuarios WHERE tx_login='fingal1'; Sat Nov 15 08:01:07 VET 2014]]></LOG><LOG TP='BD'><![CDATA[15/11/2014 -> SELECT * FROM usuarios WHERE cedula='344344'; Sat Nov 15 08:01:07 VET 2014]]></LOG><LOG TP='BD'><![CDATA[15/11/2014 -> SELECT * FROM tbl_ciudad WHERE nb_ciudad ='Punto Fijo'; Sat Nov 15 08:01:07 VET 2014]]></LOG><LOG TP='BD'><![CDATA[15/11/2014 -> SELECT * FROM preguntas_secretas WHERE nb_pregunta_secreta='¿comida favorita?'; Sat Nov 15 08:01:07 VET 2014]]></LOG><LOG TP='BD'><![CDATA[15/11/2014 -> UPDATE usuarios SET cedula='344344',nombre='leonel', apellido='alexander', sexo='Femenino', fe_nacim='Thu Nov 20 00:00:00 VET 2014', clave='11111111', tx_direccion='fdf gcfdrd hvftf',tx_login='fingal1',id_ciudad='53',email='sdfghj' WHERE id_usuario='37'; Sat Nov 15 08:01:07 VET 2014]]></LOG><LOG TP='BD'><![CDATA[15/11/2014 -> INSERT INTO tbl_telefono(num_telefono,iid_usuario,num_telefono2) VALUES('344344','37','javax.swing.JTextField[,140,431,179x20,layout=javax.swing.plaf.basic.BasicTextUI$UpdateHandler,alignmentX=0.0,alignmentY=0.0,border=javax.swing.plaf.BorderUIResource$CompoundBorderUIResource@11ed915,flags=296,maximumSize=,minimumSize=,preferredSize=,caretColor=sun.swing.PrintColorUIResource[r=51,g=51,b=51],disabledTextColor=javax.swing.plaf.ColorUIResource[r=184,g=207,b=229],editable=true,margin=javax.swing.plaf.InsetsUIResource[top=0,left=0,bottom=0,right=0],selectedTextColor=sun.swing.PrintColorUIResource[r=51,g=51,b=51],selectionColor=javax.swing.plaf.ColorUIResource[r=184,g=207,b=229],columns=0,columnWidth=0,command=,horizontalAlignment=LEADING]'); Sat Nov 15 08:01:07 VET 2014]]></LOG><LOG TP='BD'><![CDATA[15/11/2014 -> INSERT INTO tbl_preg_usr(id_usuario,tx_respusta,id_preguna_secreta) VALUES('37','gfdfffdfd','4'); Sat Nov 15 08:01:07 VET 2014ERROR= ERROR: no existe la columna «tx_respusta» en la relación «tbl_preg_usr»
  Position: 37]]></LOG><LOG TP='BD'><![CDATA[15/11/2014 -> SELECT * FROM usuarios WHERE tx_login='frejolano' and clave='12345'; Sat Nov 15 08:35:14 VET 2014]]></LOG><LOG TP='BD'><![CDATA[15/11/2014 -> SELECT * FROM usuarios WHERE tx_login='frejolano' and clave='1234'; Sat Nov 15 08:35:14 VET 2014]]></LOG><LOG TP='BD'><![CDATA[15/11/2014 -> SELECT * FROM usuarios WHERE tx_login='frejolano' and clave='1234'; Sat Nov 15 08:35:14 VET 2014]]></LOG><LOG TP='BD'><![CDATA[15/11/2014 -> SELECT * FROM usuarios WHERE tx_login='frejolano' and clave='1234'; Sat Nov 15 08:35:14 VET 2014]]></LOG><LOG TP='BD'><![CDATA[15/11/2014 -> SELECT * FROM tbl_estatus WHERE id_estatus='1'; Sat Nov 15 08:35:14 VET 2014]]></LOG><LOG TP='BD'><![CDATA[15/11/2014 -> SELECT * FROM usuarios WHERE tx_login='frejolano' and clave='1234'; Sat Nov 15 08:35:14 VET 2014]]></LOG><LOG TP='BD'><![CDATA[15/11/2014 -> SELECT * FROM tbl_rol_usr WHERE nb_rol_usr='Administrador'; Sat Nov 15 08:35:14 VET 2014]]></LOG><LOG TP='BD'><![CDATA[15/11/2014 -> SELECT * FROM tbl_rol_usr WHERE nb_rol_usr='Estudiante'; Sat Nov 15 08:35:14 VET 2014]]></LOG><LOG TP='BD'><![CDATA[15/11/2014 -> SELECT * FROM tbl_rol_usr WHERE nb_rol_usr='Maestro'; Sat Nov 15 08:35:14 VET 2014]]></LOG><LOG TP='BD'><![CDATA[15/11/2014 -> SELECT * FROM tbl_rol_usr WHERE nb_rol_usr='Administrador'; Sat Nov 15 08:35:14 VET 2014]]></LOG><LOG TP='BD'><![CDATA[15/11/2014 -> SELECT * FROM tbl_rol_usr WHERE nb_rol_usr='Estudiante'; Sat Nov 15 08:35:14 VET 2014]]></LOG><LOG TP='BD'><![CDATA[15/11/2014 -> SELECT * FROM tbl_rol_usr WHERE nb_rol_usr='Maestro'; Sat Nov 15 08:35:14 VET 2014]]></LOG><LOG TP='BD'><![CDATA[15/11/2014 -> SELECT * FROM tbl_estatus WHERE id_estatus='3'; Sat Nov 15 08:35:14 VET 2014]]></LOG><LOG TP='BD'><![CDATA[15/11/2014 -> SELECT * FROM tbl_estatus WHERE id_estatus='3'; Sat Nov 15 08:35:14 VET 2014]]></LOG><LOG TP='BD'><![CDATA[15/11/2014 -> SELECT * FROM tbl_estatus WHERE id_estatus='3'; Sat Nov 15 08:35:14 VET 2014]]></LOG><LOG TP='BD'><![CDATA[15/11/2014 -> SELECT * FROM tbl_rol_usr WHERE id_rol_usr=1; Sat Nov 15 08:35:14 VET 2014]]></LOG><LOG TP='BD'><![CDATA[15/11/2014 -> SELECT * FROM tbl_estatus WHERE nb_estatus='activo'and tx_estatus='tbl_rol_usr'; Sat Nov 15 08:35:14 VET 2014]]></LOG><LOG TP='BD'><![CDATA[15/11/2014 -> SELECT * FROM usuarios WHERE cedula='88'; Sat Nov 15 08:35:14 VET 2014]]></LOG><LOG TP='BD'><![CDATA[15/11/2014 -> SELECT tx_login FROM usuarios WHERE tx_login='prueba'; Sat Nov 15 08:35:14 VET 2014]]></LOG><LOG TP='BD'><![CDATA[15/11/2014 -> INSERT INTO usuarios(clave,tx_login,id_rol_usr) VALUES('12345','prueba',2); Sat Nov 15 08:35:14 VET 2014]]></LOG><LOG TP='BD'><![CDATA[15/11/2014 -> SELECT * FROM usuarios WHERE tx_login='prueba' and clave='12345'; Sat Nov 15 08:36:48 VET 2014]]></LOG><LOG TP='BD'><![CDATA[15/11/2014 -> SELECT * FROM usuarios WHERE tx_login='prueba' and clave='12345'; Sat Nov 15 08:36:48 VET 2014]]></LOG><LOG TP='BD'><![CDATA[15/11/2014 -> SELECT * FROM usuarios WHERE tx_login='prueba' and clave='12345'; Sat Nov 15 08:36:48 VET 2014]]></LOG><LOG TP='BD'><![CDATA[15/11/2014 -> SELECT * FROM tbl_estatus WHERE id_estatus='null'; Sat Nov 15 08:36:48 VET 2014ERROR= ERROR: la sintaxis de entrada no es válida para integer: «null»
  Position: 44]]></LOG><LOG TP='BD'><![CDATA[15/11/2014 -> SELECT * FROM usuarios WHERE tx_login='prueba' and clave='12345'; Sat Nov 15 08:36:48 VET 2014]]></LOG><LOG TP='BD'><![CDATA[15/11/2014 -> SELECT * FROM usuarios WHERE tx_login='prueba' and clave='12345'; Sat Nov 15 08:36:48 VET 2014]]></LOG><LOG TP='BD'><![CDATA[15/11/2014 -> SELECT * FROM usuarios WHERE tx_login='prueba' and clave='12345'; Sat Nov 15 08:36:48 VET 2014]]></LOG><LOG TP='BD'><![CDATA[15/11/2014 -> SELECT * FROM tbl_estatus WHERE id_estatus='null'; Sat Nov 15 08:36:48 VET 2014ERROR= ERROR: la sintaxis de entrada no es válida para integer: «null»
  Position: 44]]></LOG><LOG TP='BD'><![CDATA[15/11/2014 -> SELECT * FROM usuarios WHERE tx_login='prueba' and clave='1234'; Sat Nov 15 08:49:58 VET 2014]]></LOG><LOG TP='BD'><![CDATA[15/11/2014 -> SELECT * FROM usuarios WHERE tx_login='prueba' and clave='12345'; Sat Nov 15 08:49:58 VET 2014]]></LOG><LOG TP='BD'><![CDATA[15/11/2014 -> SELECT * FROM usuarios WHERE tx_login='prueba' and clave='12345'; Sat Nov 15 08:49:58 VET 2014]]></LOG><LOG TP='BD'><![CDATA[15/11/2014 -> SELECT * FROM usuarios WHERE tx_login='prueba' and clave='12345'; Sat Nov 15 08:49:58 VET 2014]]></LOG><LOG TP='BD'><![CDATA[15/11/2014 -> SELECT * FROM tbl_estatus WHERE id_estatus='1'; Sat Nov 15 08:49:58 VET 2014]]></LOG><LOG TP='BD'><![CDATA[15/11/2014 -> SELECT * FROM usuarios WHERE tx_login='prueba' and clave='12345'; Sat Nov 15 08:49:58 VET 2014]]></LOG><LOG TP='BD'><![CDATA[15/11/2014 -> SELECT * FROM tbl_rol_usr WHERE nb_rol_usr='Administrador'; Sat Nov 15 08:49:58 VET 2014]]></LOG><LOG TP='BD'><![CDATA[15/11/2014 -> SELECT * FROM tbl_rol_usr WHERE nb_rol_usr='Estudiante'; Sat Nov 15 08:49:58 VET 2014]]></LOG><LOG TP='BD'><![CDATA[15/11/2014 -> SELECT * FROM tbl_rol_usr WHERE nb_rol_usr='Maestro'; Sat Nov 15 08:49:58 VET 2014]]></LOG><LOG TP='BD'><![CDATA[15/11/2014 -> SELECT * FROM tbl_rol_usr WHERE nb_rol_usr='Administrador'; Sat Nov 15 08:49:58 VET 2014]]></LOG><LOG TP='BD'><![CDATA[15/11/2014 -> SELECT * FROM tbl_rol_usr WHERE nb_rol_usr='Estudiante'; Sat Nov 15 08:49:58 VET 2014]]></LOG><LOG TP='BD'><![CDATA[15/11/2014 -> SELECT * FROM tbl_rol_usr WHERE nb_rol_usr='Maestro'; Sat Nov 15 08:49:58 VET 2014]]></LOG><LOG TP='BD'><![CDATA[15/11/2014 -> SELECT * FROM tbl_estatus WHERE id_estatus='3'; Sat Nov 15 08:49:58 VET 2014]]></LOG><LOG TP='BD'><![CDATA[15/11/2014 -> SELECT * FROM tbl_estatus WHERE id_estatus='3'; Sat Nov 15 08:49:58 VET 2014]]></LOG><LOG TP='BD'><![CDATA[15/11/2014 -> SELECT * FROM tbl_estatus WHERE id_estatus='3'; Sat Nov 15 08:49:58 VET 2014]]></LOG><LOG TP='BD'><![CDATA[15/11/2014 -> SELECT * FROM tbl_rol_usr WHERE id_rol_usr=2; Sat Nov 15 08:49:58 VET 2014]]></LOG><LOG TP='BD'><![CDATA[15/11/2014 -> SELECT id_estado FROM tbl_estado WHERE nb_estado='Aragua'; Sat Nov 15 08:49:58 VET 2014]]></LOG><LOG TP='BD'><![CDATA[15/11/2014 -> SELECT id_estado FROM tbl_estado WHERE nb_estado='Aragua'; Sat Nov 15 08:49:58 VET 2014]]></LOG><LOG TP='BD'><![CDATA[15/11/2014 -> SELECT id_municipio FROM tbl_municipio WHERE nb_municipio='Santos Michelena'; Sat Nov 15 08:49:58 VET 2014]]></LOG><LOG TP='BD'><![CDATA[15/11/2014 -> SELECT id_municipio FROM tbl_municipio WHERE nb_municipio='Santos Michelena'; Sat Nov 15 08:49:58 VET 2014]]></LOG><LOG TP='BD'><![CDATA[15/11/2014 -> SELECT * FROM usuarios WHERE tx_login='jajaja'; Sat Nov 15 08:49:58 VET 2014]]></LOG><LOG TP='BD'><![CDATA[15/11/2014 -> SELECT * FROM usuarios WHERE cedula='111212'; Sat Nov 15 08:49:58 VET 2014]]></LOG><LOG TP='BD'><![CDATA[15/11/2014 -> SELECT * FROM tbl_ciudad WHERE nb_ciudad ='Las Tejerias'; Sat Nov 15 08:49:58 VET 2014]]></LOG><LOG TP='BD'><![CDATA[15/11/2014 -> SELECT * FROM preguntas_secretas WHERE nb_pregunta_secreta='¿comida favorita?'; Sat Nov 15 08:49:58 VET 2014]]></LOG><LOG TP='BD'><![CDATA[15/11/2014 -> UPDATE usuarios SET cedula='111212',nombre='sdbhbd', apellido='hhfhhf', sexo='Masculino', fe_nacim='Fri Nov 02 00:00:00 VET 2007', clave='123456', tx_direccion='tjijtihubr',tx_login='jajaja',id_ciudad='21',email='fiijijigjijgg' WHERE id_usuario='38'; Sat Nov 15 08:49:58 VET 2014]]></LOG><LOG TP='BD'><![CDATA[15/11/2014 -> INSERT INTO tbl_telefono(num_telefono,iid_usuario,num_telefono2) VALUES('535535','38',''); Sat Nov 15 08:49:58 VET 2014]]></LOG><LOG TP='BD'><![CDATA[15/11/2014 -> INSERT INTO tbl_preg_usr(id_usuario,tx_respusta,id_pregunta_secreta) VALUES('38','dsdsdsd','4'); Sat Nov 15 08:49:58 VET 2014ERROR= ERROR: no existe la columna «tx_respusta» en la relación «tbl_preg_usr»
  Position: 37]]></LOG><LOG TP='BD'><![CDATA[15/11/2014 -> SELECT * FROM usuarios WHERE tx_login='frejolano' and clave='12345'; Sat Nov 15 09:34:25 VET 2014]]></LOG><LOG TP='BD'><![CDATA[15/11/2014 -> SELECT * FROM usuarios WHERE tx_login='frejolano' and clave='1234'; Sat Nov 15 09:34:25 VET 2014]]></LOG><LOG TP='BD'><![CDATA[15/11/2014 -> SELECT * FROM usuarios WHERE tx_login='frejolano' and clave='1234'; Sat Nov 15 09:34:25 VET 2014]]></LOG><LOG TP='BD'><![CDATA[15/11/2014 -> SELECT * FROM usuarios WHERE tx_login='frejolano' and clave='1234'; Sat Nov 15 09:34:25 VET 2014]]></LOG><LOG TP='BD'><![CDATA[15/11/2014 -> SELECT * FROM tbl_estatus WHERE id_estatus='1'; Sat Nov 15 09:34:25 VET 2014]]></LOG><LOG TP='BD'><![CDATA[15/11/2014 -> SELECT * FROM usuarios WHERE tx_login='frejolano' and clave='1234'; Sat Nov 15 09:34:25 VET 2014]]></LOG><LOG TP='BD'><![CDATA[15/11/2014 -> SELECT * FROM tbl_rol_usr WHERE nb_rol_usr='Administrador'; Sat Nov 15 09:34:25 VET 2014]]></LOG><LOG TP='BD'><![CDATA[15/11/2014 -> SELECT * FROM tbl_rol_usr WHERE nb_rol_usr='Estudiante'; Sat Nov 15 09:34:25 VET 2014]]></LOG><LOG TP='BD'><![CDATA[15/11/2014 -> SELECT * FROM tbl_rol_usr WHERE nb_rol_usr='Maestro'; Sat Nov 15 09:34:25 VET 2014]]></LOG><LOG TP='BD'><![CDATA[15/11/2014 -> SELECT * FROM tbl_rol_usr WHERE nb_rol_usr='Administrador'; Sat Nov 15 09:34:25 VET 2014]]></LOG><LOG TP='BD'><![CDATA[15/11/2014 -> SELECT * FROM tbl_rol_usr WHERE nb_rol_usr='Estudiante'; Sat Nov 15 09:34:25 VET 2014]]></LOG><LOG TP='BD'><![CDATA[15/11/2014 -> SELECT * FROM tbl_rol_usr WHERE nb_rol_usr='Maestro'; Sat Nov 15 09:34:25 VET 2014]]></LOG><LOG TP='BD'><![CDATA[15/11/2014 -> SELECT * FROM tbl_estatus WHERE id_estatus='3'; Sat Nov 15 09:34:25 VET 2014]]></LOG><LOG TP='BD'><![CDATA[15/11/2014 -> SELECT * FROM tbl_estatus WHERE id_estatus='3'; Sat Nov 15 09:34:25 VET 2014]]></LOG><LOG TP='BD'><![CDATA[15/11/2014 -> SELECT * FROM tbl_estatus WHERE id_estatus='3'; Sat Nov 15 09:34:25 VET 2014]]></LOG><LOG TP='BD'><![CDATA[15/11/2014 -> SELECT * FROM tbl_rol_usr WHERE id_rol_usr=1; Sat Nov 15 09:34:25 VET 2014]]></LOG><LOG TP='BD'><![CDATA[15/11/2014 -> SELECT * FROM tbl_estatus WHERE nb_estatus='activo'and tx_estatus='tbl_rol_usr'; Sat Nov 15 09:34:25 VET 2014]]></LOG><LOG TP='BD'><![CDATA[15/11/2014 -> SELECT * FROM usuarios WHERE cedula='6'; Sat Nov 15 09:34:25 VET 2014]]></LOG><LOG TP='BD'><![CDATA[15/11/2014 -> SELECT tx_login FROM usuarios WHERE tx_login='gggg'; Sat Nov 15 09:34:25 VET 2014]]></LOG><LOG TP='BD'><![CDATA[15/11/2014 -> SELECT * FROM tbl_rol_usr WHERE nb_rol_usr='Maestro'; Sat Nov 15 09:34:25 VET 2014]]></LOG><LOG TP='BD'><![CDATA[15/11/2014 -> SELECT * FROM tbl_estatus WHERE nb_estatus='activo' and tx_estatus='usuarios'; Sat Nov 15 09:34:25 VET 2014]]></LOG><LOG TP='BD'><![CDATA[15/11/2014 -> INSERT INTO usuarios(clave,tx_login,id_estatus,id_rol_usr) VALUES('12345','gggg','1','2'); Sat Nov 15 09:34:25 VET 2014]]></LOG><LOG TP='BD'><![CDATA[15/11/2014 -> SELECT * FROM usuarios WHERE tx_login='gggg' and clave='12345'; Sat Nov 15 09:36:17 VET 2014]]></LOG><LOG TP='BD'><![CDATA[15/11/2014 -> SELECT * FROM usuarios WHERE tx_login='gggg' and clave='12345'; Sat Nov 15 09:36:17 VET 2014]]></LOG><LOG TP='BD'><![CDATA[15/11/2014 -> SELECT * FROM usuarios WHERE tx_login='gggg' and clave='12345'; Sat Nov 15 09:36:17 VET 2014]]></LOG><LOG TP='BD'><![CDATA[15/11/2014 -> SELECT * FROM tbl_estatus WHERE id_estatus='1'; Sat Nov 15 09:36:17 VET 2014]]></LOG><LOG TP='BD'><![CDATA[15/11/2014 -> SELECT * FROM usuarios WHERE tx_login='gggg' and clave='12345'; Sat Nov 15 09:36:17 VET 2014]]></LOG><LOG TP='BD'><![CDATA[15/11/2014 -> SELECT * FROM tbl_rol_usr WHERE nb_rol_usr='Administrador'; Sat Nov 15 09:36:17 VET 2014]]></LOG><LOG TP='BD'><![CDATA[15/11/2014 -> SELECT * FROM tbl_rol_usr WHERE nb_rol_usr='Estudiante'; Sat Nov 15 09:36:17 VET 2014]]></LOG><LOG TP='BD'><![CDATA[15/11/2014 -> SELECT * FROM tbl_rol_usr WHERE nb_rol_usr='Maestro'; Sat Nov 15 09:36:17 VET 2014]]></LOG><LOG TP='BD'><![CDATA[15/11/2014 -> SELECT * FROM tbl_rol_usr WHERE nb_rol_usr='Administrador'; Sat Nov 15 09:36:17 VET 2014]]></LOG><LOG TP='BD'><![CDATA[15/11/2014 -> SELECT * FROM tbl_rol_usr WHERE nb_rol_usr='Estudiante'; Sat Nov 15 09:36:17 VET 2014]]></LOG><LOG TP='BD'><![CDATA[15/11/2014 -> SELECT * FROM tbl_rol_usr WHERE nb_rol_usr='Maestro'; Sat Nov 15 09:36:17 VET 2014]]></LOG><LOG TP='BD'><![CDATA[15/11/2014 -> SELECT * FROM tbl_estatus WHERE id_estatus='3'; Sat Nov 15 09:36:17 VET 2014]]></LOG><LOG TP='BD'><![CDATA[15/11/2014 -> SELECT * FROM tbl_estatus WHERE id_estatus='3'; Sat Nov 15 09:36:17 VET 2014]]></LOG><LOG TP='BD'><![CDATA[15/11/2014 -> SELECT * FROM tbl_estatus WHERE id_estatus='3'; Sat Nov 15 09:36:17 VET 2014]]></LOG><LOG TP='BD'><![CDATA[15/11/2014 -> SELECT * FROM tbl_rol_usr WHERE id_rol_usr=2; Sat Nov 15 09:36:17 VET 2014]]></LOG><LOG TP='BD'><![CDATA[15/11/2014 -> SELECT id_estado FROM tbl_estado WHERE nb_estado='Apure'; Sat Nov 15 09:36:17 VET 2014]]></LOG><LOG TP='BD'><![CDATA[15/11/2014 -> SELECT id_estado FROM tbl_estado WHERE nb_estado='Apure'; Sat Nov 15 09:36:17 VET 2014]]></LOG><LOG TP='BD'><![CDATA[15/11/2014 -> SELECT id_municipio FROM tbl_municipio WHERE nb_municipio='San Fernando'; Sat Nov 15 09:36:17 VET 2014]]></LOG><LOG TP='BD'><![CDATA[15/11/2014 -> SELECT id_municipio FROM tbl_municipio WHERE nb_municipio='San Fernando'; Sat Nov 15 09:36:17 VET 2014]]></LOG><LOG TP='BD'><![CDATA[15/11/2014 -> SELECT * FROM usuarios WHERE tx_login='sdsd'; Sat Nov 15 09:36:17 VET 2014]]></LOG><LOG TP='BD'><![CDATA[15/11/2014 -> SELECT * FROM usuarios WHERE cedula='3233333'; Sat Nov 15 09:36:17 VET 2014]]></LOG><LOG TP='BD'><![CDATA[15/11/2014 -> SELECT * FROM usuarios WHERE tx_login='sdsd'; Sat Nov 15 09:36:17 VET 2014]]></LOG><LOG TP='BD'><![CDATA[15/11/2014 -> SELECT * FROM usuarios WHERE cedula='3233333'; Sat Nov 15 09:36:17 VET 2014]]></LOG><LOG TP='BD'><![CDATA[15/11/2014 -> SELECT * FROM tbl_ciudad WHERE nb_ciudad ='San Fernando de Apure'; Sat Nov 15 09:36:17 VET 2014]]></LOG><LOG TP='BD'><![CDATA[15/11/2014 -> SELECT * FROM preguntas_secretas WHERE nb_pregunta_secreta='¿mejor amigo?'; Sat Nov 15 09:36:17 VET 2014]]></LOG><LOG TP='BD'><![CDATA[15/11/2014 -> UPDATE usuarios SET cedula='3233333',nombre='fdggf', apellido='sddsf', sexo='Masculino', fe_nacim='Wed Nov 22 00:00:00 VET 2006', clave='555555', tx_direccion='dfddg dfsdsd ',tx_login='sdsd',id_ciudad='16',email='ssdsdd' WHERE id_usuario='39'; Sat Nov 15 09:36:17 VET 2014]]></LOG><LOG TP='BD'><![CDATA[15/11/2014 -> INSERT INTO tbl_telefono(num_telefono,iid_usuario,num_telefono2) VALUES('212323','39','121212'); Sat Nov 15 09:36:17 VET 2014]]></LOG><LOG TP='BD'><![CDATA[15/11/2014 -> INSERT INTO tbl_preg_usr(id_usuario,tx_respuesta,id_preguntas_secreta) VALUES('39','ffdfdf','3'); Sat Nov 15 09:36:17 VET 2014ERROR= ERROR: no existe la columna «id_preguntas_secreta» en la relación «tbl_preg_usr»
  Position: 50]]></LOG><LOG TP='BD'><![CDATA[15/11/2014 -> SELECT * FROM usuarios WHERE tx_login='frejolano' and clave='12345'; Sat Nov 15 10:05:10 VET 2014]]></LOG><LOG TP='BD'><![CDATA[15/11/2014 -> SELECT * FROM usuarios WHERE tx_login='frejolano' and clave='1234'; Sat Nov 15 10:05:10 VET 2014]]></LOG><LOG TP='BD'><![CDATA[15/11/2014 -> SELECT * FROM usuarios WHERE tx_login='frejolano' and clave='1234'; Sat Nov 15 10:05:10 VET 2014]]></LOG><LOG TP='BD'><![CDATA[15/11/2014 -> SELECT * FROM usuarios WHERE tx_login='frejolano' and clave='1234'; Sat Nov 15 10:05:10 VET 2014]]></LOG><LOG TP='BD'><![CDATA[15/11/2014 -> SELECT * FROM tbl_estatus WHERE id_estatus='1'; Sat Nov 15 10:05:10 VET 2014]]></LOG><LOG TP='BD'><![CDATA[15/11/2014 -> SELECT * FROM usuarios WHERE tx_login='frejolano' and clave='1234'; Sat Nov 15 10:05:10 VET 2014]]></LOG><LOG TP='BD'><![CDATA[15/11/2014 -> SELECT * FROM tbl_rol_usr WHERE nb_rol_usr='Administrador'; Sat Nov 15 10:05:10 VET 2014]]></LOG><LOG TP='BD'><![CDATA[15/11/2014 -> SELECT * FROM tbl_rol_usr WHERE nb_rol_usr='Estudiante'; Sat Nov 15 10:05:10 VET 2014]]></LOG><LOG TP='BD'><![CDATA[15/11/2014 -> SELECT * FROM tbl_rol_usr WHERE nb_rol_usr='Maestro'; Sat Nov 15 10:05:10 VET 2014]]></LOG><LOG TP='BD'><![CDATA[15/11/2014 -> SELECT * FROM tbl_rol_usr WHERE nb_rol_usr='Administrador'; Sat Nov 15 10:05:10 VET 2014]]></LOG><LOG TP='BD'><![CDATA[15/11/2014 -> SELECT * FROM tbl_rol_usr WHERE nb_rol_usr='Estudiante'; Sat Nov 15 10:05:10 VET 2014]]></LOG><LOG TP='BD'><![CDATA[15/11/2014 -> SELECT * FROM tbl_rol_usr WHERE nb_rol_usr='Maestro'; Sat Nov 15 10:05:10 VET 2014]]></LOG><LOG TP='BD'><![CDATA[15/11/2014 -> SELECT * FROM tbl_estatus WHERE id_estatus='3'; Sat Nov 15 10:05:10 VET 2014]]></LOG><LOG TP='BD'><![CDATA[15/11/2014 -> SELECT * FROM tbl_estatus WHERE id_estatus='3'; Sat Nov 15 10:05:10 VET 2014]]></LOG><LOG TP='BD'><![CDATA[15/11/2014 -> SELECT * FROM tbl_estatus WHERE id_estatus='3'; Sat Nov 15 10:05:10 VET 2014]]></LOG><LOG TP='BD'><![CDATA[15/11/2014 -> SELECT * FROM tbl_rol_usr WHERE id_rol_usr=1; Sat Nov 15 10:05:10 VET 2014]]></LOG><LOG TP='BD'><![CDATA[15/11/2014 -> SELECT * FROM tbl_estatus WHERE nb_estatus='activo'and tx_estatus='tbl_rol_usr'; Sat Nov 15 10:05:10 VET 2014]]></LOG><LOG TP='BD'><![CDATA[15/11/2014 -> SELECT * FROM usuarios WHERE cedula='333'; Sat Nov 15 10:05:10 VET 2014]]></LOG><LOG TP='BD'><![CDATA[15/11/2014 -> SELECT tx_login FROM usuarios WHERE tx_login='jjjj'; Sat Nov 15 10:05:10 VET 2014]]></LOG><LOG TP='BD'><![CDATA[15/11/2014 -> SELECT * FROM tbl_rol_usr WHERE nb_rol_usr='Maestro'; Sat Nov 15 10:05:10 VET 2014]]></LOG><LOG TP='BD'><![CDATA[15/11/2014 -> SELECT * FROM tbl_estatus WHERE nb_estatus='activo' and tx_estatus='usuarios'; Sat Nov 15 10:05:10 VET 2014]]></LOG><LOG TP='BD'><![CDATA[15/11/2014 -> INSERT INTO usuarios(clave,tx_login,id_estatus,id_rol_usr) VALUES('12345','jjjj','1','2'); Sat Nov 15 10:05:10 VET 2014]]></LOG><LOG TP='BD'><![CDATA[15/11/2014 -> SELECT * FROM usuarios WHERE tx_login='jjjj' and clave='12345'; Sat Nov 15 10:06:37 VET 2014]]></LOG><LOG TP='BD'><![CDATA[15/11/2014 -> SELECT * FROM usuarios WHERE tx_login='jjjj' and clave='12345'; Sat Nov 15 10:06:37 VET 2014]]></LOG><LOG TP='BD'><![CDATA[15/11/2014 -> SELECT * FROM usuarios WHERE tx_login='jjjj' and clave='12345'; Sat Nov 15 10:06:37 VET 2014]]></LOG><LOG TP='BD'><![CDATA[15/11/2014 -> SELECT * FROM tbl_estatus WHERE id_estatus='1'; Sat Nov 15 10:06:37 VET 2014]]></LOG><LOG TP='BD'><![CDATA[15/11/2014 -> SELECT * FROM usuarios WHERE tx_login='jjjj' and clave='12345'; Sat Nov 15 10:06:37 VET 2014]]></LOG><LOG TP='BD'><![CDATA[15/11/2014 -> SELECT * FROM tbl_rol_usr WHERE nb_rol_usr='Administrador'; Sat Nov 15 10:06:37 VET 2014]]></LOG><LOG TP='BD'><![CDATA[15/11/2014 -> SELECT * FROM tbl_rol_usr WHERE nb_rol_usr='Estudiante'; Sat Nov 15 10:06:37 VET 2014]]></LOG><LOG TP='BD'><![CDATA[15/11/2014 -> SELECT * FROM tbl_rol_usr WHERE nb_rol_usr='Maestro'; Sat Nov 15 10:06:37 VET 2014]]></LOG><LOG TP='BD'><![CDATA[15/11/2014 -> SELECT * FROM tbl_rol_usr WHERE nb_rol_usr='Administrador'; Sat Nov 15 10:06:37 VET 2014]]></LOG><LOG TP='BD'><![CDATA[15/11/2014 -> SELECT * FROM tbl_rol_usr WHERE nb_rol_usr='Estudiante'; Sat Nov 15 10:06:37 VET 2014]]></LOG><LOG TP='BD'><![CDATA[15/11/2014 -> SELECT * FROM tbl_rol_usr WHERE nb_rol_usr='Maestro'; Sat Nov 15 10:06:37 VET 2014]]></LOG><LOG TP='BD'><![CDATA[15/11/2014 -> SELECT * FROM tbl_estatus WHERE id_estatus='3'; Sat Nov 15 10:06:37 VET 2014]]></LOG><LOG TP='BD'><![CDATA[15/11/2014 -> SELECT * FROM tbl_estatus WHERE id_estatus='3'; Sat Nov 15 10:06:37 VET 2014]]></LOG><LOG TP='BD'><![CDATA[15/11/2014 -> SELECT * FROM tbl_estatus WHERE id_estatus='3'; Sat Nov 15 10:06:37 VET 2014]]></LOG><LOG TP='BD'><![CDATA[15/11/2014 -> SELECT * FROM tbl_rol_usr WHERE id_rol_usr=2; Sat Nov 15 10:06:37 VET 2014]]></LOG><LOG TP='BD'><![CDATA[15/11/2014 -> SELECT id_estado FROM tbl_estado WHERE nb_estado='Aragua'; Sat Nov 15 10:06:37 VET 2014]]></LOG><LOG TP='BD'><![CDATA[15/11/2014 -> SELECT id_estado FROM tbl_estado WHERE nb_estado='Aragua'; Sat Nov 15 10:06:37 VET 2014]]></LOG><LOG TP='BD'><![CDATA[15/11/2014 -> SELECT id_municipio FROM tbl_municipio WHERE nb_municipio='Santos Michelena'; Sat Nov 15 10:06:37 VET 2014]]></LOG><LOG TP='BD'><![CDATA[15/11/2014 -> SELECT id_municipio FROM tbl_municipio WHERE nb_municipio='Santos Michelena'; Sat Nov 15 10:06:37 VET 2014]]></LOG><LOG TP='BD'><![CDATA[15/11/2014 -> SELECT * FROM usuarios WHERE tx_login='qeweer'; Sat Nov 15 10:06:37 VET 2014]]></LOG><LOG TP='BD'><![CDATA[15/11/2014 -> SELECT * FROM usuarios WHERE cedula='33332'; Sat Nov 15 10:06:37 VET 2014]]></LOG><LOG TP='BD'><![CDATA[15/11/2014 -> SELECT * FROM usuarios WHERE tx_login='qeweer'; Sat Nov 15 10:06:37 VET 2014]]></LOG><LOG TP='BD'><![CDATA[15/11/2014 -> SELECT * FROM usuarios WHERE cedula='33332'; Sat Nov 15 10:06:37 VET 2014]]></LOG><LOG TP='BD'><![CDATA[15/11/2014 -> SELECT * FROM tbl_ciudad WHERE nb_ciudad ='Las Tejerias'; Sat Nov 15 10:06:37 VET 2014]]></LOG><LOG TP='BD'><![CDATA[15/11/2014 -> SELECT * FROM preguntas_secretas WHERE nb_pregunta_secreta='¿nombre del padre?'; Sat Nov 15 10:06:37 VET 2014]]></LOG><LOG TP='BD'><![CDATA[15/11/2014 -> UPDATE usuarios SET cedula='33332',nombre='eeeree', apellido='rertrt', sexo='Masculino', fe_nacim='Thu Nov 12 00:00:00 VET 2009', clave='11111111', tx_direccion='ttert tgetertrt',tx_login='qeweer',id_ciudad='21',email='retetrw' WHERE id_usuario='40'; Sat Nov 15 10:06:37 VET 2014]]></LOG><LOG TP='BD'><![CDATA[15/11/2014 -> INSERT INTO tbl_telefono(num_telefono,iid_usuario,num_telefono2) VALUES('22222','40',''); Sat Nov 15 10:06:37 VET 2014]]></LOG><LOG TP='BD'><![CDATA[15/11/2014 -> INSERT INTO tbl_preg_usr(id_usuario,tx_respuesta,id_pregunta_secreta) VALUES('40','sdfdfd','2'); Sat Nov 15 10:06:37 VET 2014]]></LOG><LOG TP='BD'><![CDATA[15/11/2014 -> SELECT * FROM usuarios WHERE tx_login='frejolano' and clave='1234'; Sat Nov 15 10:11:32 VET 2014]]></LOG><LOG TP='BD'><![CDATA[15/11/2014 -> SELECT * FROM usuarios WHERE tx_login='frejolano' and clave='1234'; Sat Nov 15 10:11:32 VET 2014]]></LOG><LOG TP='BD'><![CDATA[15/11/2014 -> SELECT * FROM usuarios WHERE tx_login='frejolano' and clave='1234'; Sat Nov 15 10:11:32 VET 2014]]></LOG><LOG TP='BD'><![CDATA[15/11/2014 -> SELECT * FROM tbl_estatus WHERE id_estatus='1'; Sat Nov 15 10:11:32 VET 2014]]></LOG><LOG TP='BD'><![CDATA[15/11/2014 -> SELECT * FROM usuarios WHERE tx_login='frejolano' and clave='1234'; Sat Nov 15 10:11:32 VET 2014]]></LOG><LOG TP='BD'><![CDATA[15/11/2014 -> SELECT * FROM tbl_rol_usr WHERE nb_rol_usr='Administrador'; Sat Nov 15 10:11:32 VET 2014]]></LOG><LOG TP='BD'><![CDATA[15/11/2014 -> SELECT * FROM tbl_rol_usr WHERE nb_rol_usr='Estudiante'; Sat Nov 15 10:11:32 VET 2014]]></LOG><LOG TP='BD'><![CDATA[15/11/2014 -> SELECT * FROM tbl_rol_usr WHERE nb_rol_usr='Maestro'; Sat Nov 15 10:11:32 VET 2014]]></LOG><LOG TP='BD'><![CDATA[15/11/2014 -> SELECT * FROM tbl_rol_usr WHERE nb_rol_usr='Administrador'; Sat Nov 15 10:11:32 VET 2014]]></LOG><LOG TP='BD'><![CDATA[15/11/2014 -> SELECT * FROM tbl_rol_usr WHERE nb_rol_usr='Estudiante'; Sat Nov 15 10:11:32 VET 2014]]></LOG><LOG TP='BD'><![CDATA[15/11/2014 -> SELECT * FROM tbl_rol_usr WHERE nb_rol_usr='Maestro'; Sat Nov 15 10:11:32 VET 2014]]></LOG><LOG TP='BD'><![CDATA[15/11/2014 -> SELECT * FROM tbl_estatus WHERE id_estatus='3'; Sat Nov 15 10:11:32 VET 2014]]></LOG><LOG TP='BD'><![CDATA[15/11/2014 -> SELECT * FROM tbl_estatus WHERE id_estatus='3'; Sat Nov 15 10:11:32 VET 2014]]></LOG><LOG TP='BD'><![CDATA[15/11/2014 -> SELECT * FROM tbl_estatus WHERE id_estatus='3'; Sat Nov 15 10:11:32 VET 2014]]></LOG><LOG TP='BD'><![CDATA[15/11/2014 -> SELECT * FROM tbl_rol_usr WHERE id_rol_usr=1; Sat Nov 15 10:11:32 VET 2014]]></LOG><LOG TP='BD'><![CDATA[15/11/2014 -> SELECT * FROM tbl_estatus WHERE nb_estatus='activo'and tx_estatus='tbl_rol_usr'; Sat Nov 15 10:11:32 VET 2014]]></LOG><LOG TP='BD'><![CDATA[15/11/2014 -> SELECT * FROM usuarios WHERE cedula='32233'; Sat Nov 15 10:11:32 VET 2014]]></LOG><LOG TP='BD'><![CDATA[15/11/2014 -> SELECT id_grado FROM tbl_grado WHERE nb_grado='2'; Sat Nov 15 10:11:32 VET 2014]]></LOG><LOG TP='BD'><![CDATA[15/11/2014 -> SELECT id_grado FROM tbl_grado WHERE nb_grado='2'; Sat Nov 15 10:11:32 VET 2014]]></LOG><LOG TP='BD'><![CDATA[15/11/2014 -> SELECT tx_login FROM usuarios WHERE tx_login='wwww'; Sat Nov 15 10:11:32 VET 2014]]></LOG><LOG TP='BD'><![CDATA[15/11/2014 -> SELECT * FROM tbl_rol_usr WHERE nb_rol_usr='Estudiante'; Sat Nov 15 10:11:32 VET 2014]]></LOG><LOG TP='BD'><![CDATA[15/11/2014 -> SELECT * FROM tbl_estatus WHERE nb_estatus='activo' and tx_estatus='usuarios'; Sat Nov 15 10:11:32 VET 2014]]></LOG><LOG TP='BD'><![CDATA[15/11/2014 -> SELECT * FROM tbl_seccion WHERE nb_seccion='D'; Sat Nov 15 10:11:32 VET 2014]]></LOG><LOG TP='BD'><![CDATA[15/11/2014 -> INSERT INTO usuarios(clave,tx_login,id_rol_usr,id_estatus,id_seccion) VALUES('12345','wwww','3','1',4); Sat Nov 15 10:11:32 VET 2014]]></LOG><LOG TP='BD'><![CDATA[15/11/2014 -> SELECT id_grado FROM tbl_grado WHERE nb_grado='Seleccione un Grado Escolar'; Sat Nov 15 10:11:32 VET 2014]]></LOG><LOG TP='BD'><![CDATA[15/11/2014 -> SELECT * FROM usuarios WHERE cedula='11800120'; Sat Nov 15 10:11:32 VET 2014]]></LOG><LOG TP='BD'><![CDATA[15/11/2014 -> SELECT * FROM usuarios WHERE cedula='11800120'; Sat Nov 15 10:11:32 VET 2014]]></LOG><LOG TP='BD'><![CDATA[15/11/2014 -> SELECT * FROM usuarios WHERE cedula='11800120'; Sat Nov 15 10:11:32 VET 2014]]></LOG><LOG TP='BD'><![CDATA[15/11/2014 -> SELECT * FROM usuarios WHERE cedula='11800120'; Sat Nov 15 10:11:32 VET 2014]]></LOG><LOG TP='BD'><![CDATA[15/11/2014 -> SELECT * FROM usuarios WHERE cedula='11800120'; Sat Nov 15 10:11:32 VET 2014]]></LOG><LOG TP='BD'><![CDATA[15/11/2014 -> SELECT * FROM usuarios WHERE cedula='11800120'; Sat Nov 15 10:11:32 VET 2014]]></LOG><LOG TP='BD'><![CDATA[15/11/2014 -> SELECT * FROM usuarios WHERE cedula='11800120'; Sat Nov 15 10:11:32 VET 2014]]></LOG><LOG TP='BD'><![CDATA[15/11/2014 -> SELECT * FROM tbl_ciudad WHERE id_ciudad=1; Sat Nov 15 10:11:32 VET 2014]]></LOG><LOG TP='BD'><![CDATA[15/11/2014 -> SELECT * FROM tbl_municipio WHERE id_municipio=1; Sat Nov 15 10:11:32 VET 2014]]></LOG><LOG TP='BD'><![CDATA[15/11/2014 -> SELECT nb_estado FROM tbl_estado WHERE id_estado=1; Sat Nov 15 10:11:32 VET 2014]]></LOG><LOG TP='BD'><![CDATA[15/11/2014 -> SELECT * FROM tbl_municipio WHERE id_municipio=1; Sat Nov 15 10:11:32 VET 2014]]></LOG><LOG TP='BD'><![CDATA[15/11/2014 -> SELECT * FROM tbl_ciudad WHERE id_ciudad=1; Sat Nov 15 10:11:32 VET 2014]]></LOG><LOG TP='BD'><![CDATA[15/11/2014 -> SELECT * FROM usuarios WHERE cedula='11800120'; Sat Nov 15 10:11:32 VET 2014]]></LOG><LOG TP='BD'><![CDATA[15/11/2014 -> SELECT * FROM usuarios WHERE cedula='11800120'; Sat Nov 15 10:11:32 VET 2014]]></LOG><LOG TP='BD'><![CDATA[15/11/2014 -> SELECT * FROM tbl_estatus WHERE nb_estatus='activo'and tx_estatus='tbl_rol_usr'; Sat Nov 15 10:11:32 VET 2014]]></LOG><LOG TP='BD'><![CDATA[15/11/2014 -> SELECT * FROM usuarios WHERE cedula='11800120'; Sat Nov 15 10:11:32 VET 2014]]></LOG><LOG TP='BD'><![CDATA[15/11/2014 -> SELECT * FROM tbl_rol_usr WHERE id_rol_usr='1'; Sat Nov 15 10:11:32 VET 2014]]></LOG><LOG TP='BD'><![CDATA[15/11/2014 -> SELECT * FROM tbl_libro WHERE nb_libro='Genesis'; Sat Nov 15 10:11:32 VET 2014]]></LOG><LOG TP='BD'><![CDATA[15/11/2014 -> INSERT INTO tbl_preguntas(tx_preguntas,respuesta_correcta,id_etapa,id_libro) VALUES('a que testamento pertenece el libro de genesis?','antiguo testamento',3,'1'); Sat Nov 15 10:11:32 VET 2014]]></LOG><LOG TP='BD'><![CDATA[15/11/2014 -> SELECT * FROM tbl_preguntas WHERE tx_preguntas='a que testamento pertenece el libro de genesis?'; Sat Nov 15 10:11:32 VET 2014]]></LOG><LOG TP='BD'><![CDATA[15/11/2014 -> INSERT INTO tbl_resp_inc(resp_incorrecta,id_preguntas,opcion) VALUES('primer testamento','54','a'); Sat Nov 15 10:11:32 VET 2014]]></LOG><LOG TP='BD'><![CDATA[15/11/2014 -> INSERT INTO tbl_resp_inc(resp_incorrecta,id_preguntas,opcion) VALUES('antiguo testamento','54','a'); Sat Nov 15 10:11:32 VET 2014]]></LOG><LOG TP='BD'><![CDATA[15/11/2014 -> INSERT INTO tbl_resp_inc(resp_incorrecta,id_preguntas,opcion) VALUES('nuevo testamento','54','a'); Sat Nov 15 10:11:32 VET 2014]]></LOG><LOG TP='BD'><![CDATA[15/11/2014 -> INSERT INTO tbl_resp_inc(resp_incorrecta,id_preguntas,opcion) VALUES('ninguno','54','a'); Sat Nov 15 10:11:32 VET 2014]]></LOG><LOG TP='BD'><![CDATA[15/11/2014 -> SELECT * FROM usuarios WHERE tx_login='wwww' and clave='12345'; Sat Nov 15 10:17:34 VET 2014]]></LOG><LOG TP='BD'><![CDATA[15/11/2014 -> SELECT * FROM usuarios WHERE tx_login='wwww' and clave='12345'; Sat Nov 15 10:17:34 VET 2014]]></LOG><LOG TP='BD'><![CDATA[15/11/2014 -> SELECT * FROM usuarios WHERE tx_login='wwww' and clave='12345'; Sat Nov 15 10:17:34 VET 2014]]></LOG><LOG TP='BD'><![CDATA[15/11/2014 -> SELECT * FROM tbl_estatus WHERE id_estatus='1'; Sat Nov 15 10:17:34 VET 2014]]></LOG><LOG TP='BD'><![CDATA[15/11/2014 -> SELECT * FROM usuarios WHERE tx_login='wwww' and clave='12345'; Sat Nov 15 10:17:34 VET 2014]]></LOG><LOG TP='BD'><![CDATA[15/11/2014 -> SELECT * FROM tbl_rol_usr WHERE nb_rol_usr='Administrador'; Sat Nov 15 10:17:34 VET 2014]]></LOG><LOG TP='BD'><![CDATA[15/11/2014 -> SELECT * FROM tbl_rol_usr WHERE nb_rol_usr='Estudiante'; Sat Nov 15 10:17:34 VET 2014]]></LOG><LOG TP='BD'><![CDATA[15/11/2014 -> SELECT * FROM tbl_rol_usr WHERE nb_rol_usr='Maestro'; Sat Nov 15 10:17:34 VET 2014]]></LOG><LOG TP='BD'><![CDATA[15/11/2014 -> SELECT * FROM tbl_rol_usr WHERE nb_rol_usr='Administrador'; Sat Nov 15 10:17:34 VET 2014]]></LOG><LOG TP='BD'><![CDATA[15/11/2014 -> SELECT * FROM tbl_rol_usr WHERE nb_rol_usr='Estudiante'; Sat Nov 15 10:17:34 VET 2014]]></LOG><LOG TP='BD'><![CDATA[15/11/2014 -> SELECT * FROM tbl_rol_usr WHERE nb_rol_usr='Maestro'; Sat Nov 15 10:17:34 VET 2014]]></LOG><LOG TP='BD'><![CDATA[15/11/2014 -> SELECT * FROM tbl_estatus WHERE id_estatus='3'; Sat Nov 15 10:17:34 VET 2014]]></LOG><LOG TP='BD'><![CDATA[15/11/2014 -> SELECT * FROM tbl_estatus WHERE id_estatus='3'; Sat Nov 15 10:17:34 VET 2014]]></LOG><LOG TP='BD'><![CDATA[15/11/2014 -> SELECT * FROM tbl_estatus WHERE id_estatus='3'; Sat Nov 15 10:17:34 VET 2014]]></LOG><LOG TP='BD'><![CDATA[15/11/2014 -> SELECT * FROM tbl_rol_usr WHERE id_rol_usr=3; Sat Nov 15 10:17:34 VET 2014]]></LOG><LOG TP='BD'><![CDATA[15/11/2014 -> SELECT id_estado FROM tbl_estado WHERE nb_estado='Amazonas'; Sat Nov 15 10:17:34 VET 2014]]></LOG><LOG TP='BD'><![CDATA[15/11/2014 -> SELECT id_estado FROM tbl_estado WHERE nb_estado='Amazonas'; Sat Nov 15 10:17:34 VET 2014]]></LOG><LOG TP='BD'><![CDATA[15/11/2014 -> SELECT id_municipio FROM tbl_municipio WHERE nb_municipio='Atures'; Sat Nov 15 10:17:34 VET 2014]]></LOG><LOG TP='BD'><![CDATA[15/11/2014 -> SELECT id_municipio FROM tbl_municipio WHERE nb_municipio='Atures'; Sat Nov 15 10:17:34 VET 2014]]></LOG><LOG TP='BD'><![CDATA[15/11/2014 -> SELECT * FROM usuarios WHERE tx_login='josew'; Sat Nov 15 10:17:34 VET 2014]]></LOG><LOG TP='BD'><![CDATA[15/11/2014 -> SELECT * FROM usuarios WHERE cedula='24'; Sat Nov 15 10:17:34 VET 2014]]></LOG><LOG TP='BD'><![CDATA[15/11/2014 -> SELECT * FROM tbl_ciudad WHERE nb_ciudad ='Pto. Ayacucho'; Sat Nov 15 10:17:34 VET 2014]]></LOG><LOG TP='BD'><![CDATA[15/11/2014 -> SELECT * FROM preguntas_secretas WHERE nb_pregunta_secreta='¿nombre de la madre?'; Sat Nov 15 10:17:34 VET 2014]]></LOG><LOG TP='BD'><![CDATA[15/11/2014 -> UPDATE usuarios SET cedula='24',nombre='jose', apellido='chirino', sexo='Masculino', fe_nacim='Wed Nov 05 00:00:00 VET 2014', clave='1111111', tx_direccion='dsc ssd d d',tx_login='josew',id_ciudad='122',email='ssaasassassaasss' WHERE id_usuario='41'; Sat Nov 15 10:17:34 VET 2014]]></LOG><LOG TP='BD'><![CDATA[15/11/2014 -> INSERT INTO tbl_telefono(num_telefono,iid_usuario,num_telefono2) VALUES('45545','41',''); Sat Nov 15 10:17:34 VET 2014]]></LOG><LOG TP='BD'><![CDATA[15/11/2014 -> INSERT INTO tbl_preg_usr(id_usuario,tx_respuesta,id_pregunta_secreta) VALUES('41','wqer','1'); Sat Nov 15 10:17:34 VET 2014]]></LOG><LOG TP='BD'><![CDATA[15/11/2014 -> SELECT * FROM tbl_crucifijo  WHERE id_crucifijo=1 ; Sat Nov 15 10:38:58 VET 2014]]></LOG><LOG TP='BD'><![CDATA[15/11/2014 -> SELECT * FROM usuarios WHERE tx_login='frejolano' and clave='12345'; Sat Nov 15 16:50:03 VET 2014]]></LOG><LOG TP='BD'><![CDATA[15/11/2014 -> SELECT * FROM usuarios WHERE tx_login='frejolano' and clave='1234'; Sat Nov 15 16:50:03 VET 2014]]></LOG><LOG TP='BD'><![CDATA[15/11/2014 -> SELECT * FROM usuarios WHERE tx_login='frejolano' and clave='1234'; Sat Nov 15 16:50:03 VET 2014]]></LOG><LOG TP='BD'><![CDATA[15/11/2014 -> SELECT * FROM usuarios WHERE tx_login='frejolano' and clave='1234'; Sat Nov 15 16:50:03 VET 2014]]></LOG><LOG TP='BD'><![CDATA[15/11/2014 -> SELECT * FROM tbl_estatus WHERE id_estatus='1'; Sat Nov 15 16:50:03 VET 2014]]></LOG><LOG TP='BD'><![CDATA[15/11/2014 -> SELECT * FROM usuarios WHERE tx_login='frejolano' and clave='1234'; Sat Nov 15 16:50:03 VET 2014]]></LOG><LOG TP='BD'><![CDATA[15/11/2014 -> SELECT * FROM tbl_rol_usr WHERE nb_rol_usr='Administrador'; Sat Nov 15 16:50:03 VET 2014]]></LOG><LOG TP='BD'><![CDATA[15/11/2014 -> SELECT * FROM tbl_rol_usr WHERE nb_rol_usr='Estudiante'; Sat Nov 15 16:50:03 VET 2014]]></LOG><LOG TP='BD'><![CDATA[15/11/2014 -> SELECT * FROM tbl_rol_usr WHERE nb_rol_usr='Maestro'; Sat Nov 15 16:50:03 VET 2014]]></LOG><LOG TP='BD'><![CDATA[15/11/2014 -> SELECT * FROM tbl_rol_usr WHERE nb_rol_usr='Administrador'; Sat Nov 15 16:50:03 VET 2014]]></LOG><LOG TP='BD'><![CDATA[15/11/2014 -> SELECT * FROM tbl_rol_usr WHERE nb_rol_usr='Estudiante'; Sat Nov 15 16:50:03 VET 2014]]></LOG><LOG TP='BD'><![CDATA[15/11/2014 -> SELECT * FROM tbl_rol_usr WHERE nb_rol_usr='Maestro'; Sat Nov 15 16:50:03 VET 2014]]></LOG><LOG TP='BD'><![CDATA[15/11/2014 -> SELECT * FROM tbl_estatus WHERE id_estatus='3'; Sat Nov 15 16:50:03 VET 2014]]></LOG><LOG TP='BD'><![CDATA[15/11/2014 -> SELECT * FROM tbl_estatus WHERE id_estatus='3'; Sat Nov 15 16:50:03 VET 2014]]></LOG><LOG TP='BD'><![CDATA[15/11/2014 -> SELECT * FROM tbl_estatus WHERE id_estatus='3'; Sat Nov 15 16:50:03 VET 2014]]></LOG><LOG TP='BD'><![CDATA[15/11/2014 -> SELECT * FROM tbl_rol_usr WHERE id_rol_usr=1; Sat Nov 15 16:50:03 VET 2014]]></LOG><LOG TP='BD'><![CDATA[15/11/2014 -> SELECT * FROM tbl_estatus WHERE nb_estatus='activo'and tx_estatus='tbl_rol_usr'; Sat Nov 15 16:50:03 VET 2014]]></LOG><LOG TP='BD'><![CDATA[15/11/2014 -> SELECT * FROM usuarios WHERE tx_login='josew' and clave='1234'; Sat Nov 15 16:51:10 VET 2014]]></LOG><LOG TP='BD'><![CDATA[15/11/2014 -> SELECT * FROM usuarios WHERE tx_login='josew' and clave='1234'; Sat Nov 15 16:51:10 VET 2014]]></LOG><LOG TP='BD'><![CDATA[15/11/2014 -> SELECT * FROM usuarios WHERE tx_login='josew' and clave='1234'; Sat Nov 15 16:51:10 VET 2014]]></LOG><LOG TP='BD'><![CDATA[15/11/2014 -> SELECT * FROM tbl_estatus WHERE id_estatus='1'; Sat Nov 15 16:51:10 VET 2014]]></LOG><LOG TP='BD'><![CDATA[15/11/2014 -> SELECT * FROM usuarios WHERE tx_login='josew' and clave='1234'; Sat Nov 15 16:51:10 VET 2014]]></LOG><LOG TP='BD'><![CDATA[15/11/2014 -> SELECT * FROM tbl_rol_usr WHERE nb_rol_usr='Administrador'; Sat Nov 15 16:51:10 VET 2014]]></LOG><LOG TP='BD'><![CDATA[15/11/2014 -> SELECT * FROM tbl_rol_usr WHERE nb_rol_usr='Estudiante'; Sat Nov 15 16:51:10 VET 2014]]></LOG><LOG TP='BD'><![CDATA[15/11/2014 -> SELECT * FROM tbl_rol_usr WHERE nb_rol_usr='Maestro'; Sat Nov 15 16:51:10 VET 2014]]></LOG><LOG TP='BD'><![CDATA[15/11/2014 -> SELECT * FROM tbl_rol_usr WHERE nb_rol_usr='Administrador'; Sat Nov 15 16:51:10 VET 2014]]></LOG><LOG TP='BD'><![CDATA[15/11/2014 -> SELECT * FROM tbl_rol_usr WHERE nb_rol_usr='Estudiante'; Sat Nov 15 16:51:10 VET 2014]]></LOG><LOG TP='BD'><![CDATA[15/11/2014 -> SELECT * FROM tbl_rol_usr WHERE nb_rol_usr='Maestro'; Sat Nov 15 16:51:10 VET 2014]]></LOG><LOG TP='BD'><![CDATA[15/11/2014 -> SELECT * FROM tbl_estatus WHERE id_estatus='3'; Sat Nov 15 16:51:10 VET 2014]]></LOG><LOG TP='BD'><![CDATA[15/11/2014 -> SELECT * FROM tbl_estatus WHERE id_estatus='3'; Sat Nov 15 16:51:10 VET 2014]]></LOG><LOG TP='BD'><![CDATA[15/11/2014 -> SELECT * FROM tbl_estatus WHERE id_estatus='3'; Sat Nov 15 16:51:10 VET 2014]]></LOG><LOG TP='BD'><![CDATA[15/11/2014 -> SELECT * FROM usuarios WHERE tx_login='josew' and clave='1234'; Sat Nov 15 16:56:42 VET 2014]]></LOG><LOG TP='BD'><![CDATA[15/11/2014 -> SELECT * FROM usuarios WHERE tx_login='josew' and clave='1234'; Sat Nov 15 16:56:42 VET 2014]]></LOG><LOG TP='BD'><![CDATA[15/11/2014 -> SELECT * FROM usuarios WHERE tx_login='josew' and clave='1234'; Sat Nov 15 16:56:42 VET 2014]]></LOG><LOG TP='BD'><![CDATA[15/11/2014 -> SELECT * FROM tbl_estatus WHERE id_estatus='1'; Sat Nov 15 16:56:42 VET 2014]]></LOG><LOG TP='BD'><![CDATA[15/11/2014 -> SELECT * FROM usuarios WHERE tx_login='josew' and clave='1234'; Sat Nov 15 16:56:42 VET 2014]]></LOG><LOG TP='BD'><![CDATA[15/11/2014 -> SELECT * FROM tbl_rol_usr WHERE nb_rol_usr='Administrador'; Sat Nov 15 16:56:42 VET 2014]]></LOG><LOG TP='BD'><![CDATA[15/11/2014 -> SELECT * FROM tbl_rol_usr WHERE nb_rol_usr='Estudiante'; Sat Nov 15 16:56:42 VET 2014]]></LOG><LOG TP='BD'><![CDATA[15/11/2014 -> SELECT * FROM tbl_rol_usr WHERE nb_rol_usr='Maestro'; Sat Nov 15 16:56:42 VET 2014]]></LOG><LOG TP='BD'><![CDATA[15/11/2014 -> SELECT * FROM tbl_rol_usr WHERE nb_rol_usr='Administrador'; Sat Nov 15 16:56:42 VET 2014]]></LOG><LOG TP='BD'><![CDATA[15/11/2014 -> SELECT * FROM tbl_rol_usr WHERE nb_rol_usr='Estudiante'; Sat Nov 15 16:56:42 VET 2014]]></LOG><LOG TP='BD'><![CDATA[15/11/2014 -> SELECT * FROM tbl_rol_usr WHERE nb_rol_usr='Maestro'; Sat Nov 15 16:56:42 VET 2014]]></LOG><LOG TP='BD'><![CDATA[15/11/2014 -> SELECT * FROM tbl_estatus WHERE id_estatus='3'; Sat Nov 15 16:56:42 VET 2014]]></LOG><LOG TP='BD'><![CDATA[15/11/2014 -> SELECT * FROM tbl_estatus WHERE id_estatus='3'; Sat Nov 15 16:56:42 VET 2014]]></LOG><LOG TP='BD'><![CDATA[15/11/2014 -> SELECT * FROM tbl_estatus WHERE id_estatus='3'; Sat Nov 15 16:56:42 VET 2014]]></LOG><LOG TP='BD'><![CDATA[15/11/2014 -> SELECT * FROM usuarios WHERE tx_login='josew' and clave='1234'; Sat Nov 15 16:58:17 VET 2014]]></LOG><LOG TP='BD'><![CDATA[15/11/2014 -> SELECT * FROM usuarios WHERE tx_login='josew' and clave='1234'; Sat Nov 15 16:58:17 VET 2014]]></LOG><LOG TP='BD'><![CDATA[15/11/2014 -> SELECT * FROM usuarios WHERE tx_login='josew' and clave='1234'; Sat Nov 15 16:58:17 VET 2014]]></LOG><LOG TP='BD'><![CDATA[15/11/2014 -> SELECT * FROM tbl_estatus WHERE id_estatus='1'; Sat Nov 15 16:58:17 VET 2014]]></LOG><LOG TP='BD'><![CDATA[15/11/2014 -> SELECT * FROM usuarios WHERE tx_login='josew' and clave='1234'; Sat Nov 15 16:58:17 VET 2014]]></LOG><LOG TP='BD'><![CDATA[15/11/2014 -> SELECT * FROM tbl_rol_usr WHERE nb_rol_usr='Administrador'; Sat Nov 15 16:58:17 VET 2014]]></LOG><LOG TP='BD'><![CDATA[15/11/2014 -> SELECT * FROM tbl_rol_usr WHERE nb_rol_usr='Estudiante'; Sat Nov 15 16:58:17 VET 2014]]></LOG><LOG TP='BD'><![CDATA[15/11/2014 -> SELECT * FROM tbl_rol_usr WHERE nb_rol_usr='Maestro'; Sat Nov 15 16:58:17 VET 2014]]></LOG><LOG TP='BD'><![CDATA[15/11/2014 -> SELECT * FROM tbl_rol_usr WHERE nb_rol_usr='Administrador'; Sat Nov 15 16:58:17 VET 2014]]></LOG><LOG TP='BD'><![CDATA[15/11/2014 -> SELECT * FROM tbl_rol_usr WHERE nb_rol_usr='Estudiante'; Sat Nov 15 16:58:17 VET 2014]]></LOG><LOG TP='BD'><![CDATA[15/11/2014 -> SELECT * FROM tbl_rol_usr WHERE nb_rol_usr='Maestro'; Sat Nov 15 16:58:17 VET 2014]]></LOG><LOG TP='BD'><![CDATA[15/11/2014 -> SELECT * FROM tbl_estatus WHERE id_estatus='3'; Sat Nov 15 16:58:17 VET 2014]]></LOG><LOG TP='BD'><![CDATA[15/11/2014 -> SELECT * FROM tbl_estatus WHERE id_estatus='3'; Sat Nov 15 16:58:17 VET 2014]]></LOG><LOG TP='BD'><![CDATA[15/11/2014 -> SELECT * FROM tbl_estatus WHERE id_estatus='3'; Sat Nov 15 16:58:17 VET 2014]]></LOG><LOG TP='BD'><![CDATA[15/11/2014 -> SELECT * FROM usuarios WHERE tx_login='josew' and clave='1234'; Sat Nov 15 17:03:40 VET 2014]]></LOG><LOG TP='BD'><![CDATA[15/11/2014 -> SELECT * FROM usuarios WHERE tx_login='josew' and clave='1234'; Sat Nov 15 17:03:40 VET 2014]]></LOG><LOG TP='BD'><![CDATA[15/11/2014 -> SELECT * FROM usuarios WHERE tx_login='josew' and clave='1234'; Sat Nov 15 17:03:40 VET 2014]]></LOG><LOG TP='BD'><![CDATA[15/11/2014 -> SELECT * FROM tbl_estatus WHERE id_estatus='1'; Sat Nov 15 17:03:40 VET 2014]]></LOG><LOG TP='BD'><![CDATA[15/11/2014 -> SELECT * FROM usuarios WHERE tx_login='josew' and clave='1234'; Sat Nov 15 17:03:40 VET 2014]]></LOG><LOG TP='BD'><![CDATA[15/11/2014 -> SELECT * FROM tbl_rol_usr WHERE nb_rol_usr='Administrador'; Sat Nov 15 17:03:40 VET 2014]]></LOG><LOG TP='BD'><![CDATA[15/11/2014 -> SELECT * FROM tbl_rol_usr WHERE nb_rol_usr='Estudiante'; Sat Nov 15 17:03:40 VET 2014]]></LOG><LOG TP='BD'><![CDATA[15/11/2014 -> SELECT * FROM tbl_rol_usr WHERE nb_rol_usr='Maestro'; Sat Nov 15 17:03:40 VET 2014]]></LOG><LOG TP='BD'><![CDATA[15/11/2014 -> SELECT * FROM tbl_rol_usr WHERE nb_rol_usr='Administrador'; Sat Nov 15 17:03:40 VET 2014]]></LOG><LOG TP='BD'><![CDATA[15/11/2014 -> SELECT * FROM tbl_rol_usr WHERE nb_rol_usr='Estudiante'; Sat Nov 15 17:03:40 VET 2014]]></LOG><LOG TP='BD'><![CDATA[15/11/2014 -> SELECT * FROM tbl_rol_usr WHERE nb_rol_usr='Maestro'; Sat Nov 15 17:03:40 VET 2014]]></LOG><LOG TP='BD'><![CDATA[15/11/2014 -> SELECT * FROM tbl_estatus WHERE id_estatus='3'; Sat Nov 15 17:03:40 VET 2014]]></LOG><LOG TP='BD'><![CDATA[15/11/2014 -> SELECT * FROM tbl_estatus WHERE id_estatus='3'; Sat Nov 15 17:03:40 VET 2014]]></LOG><LOG TP='BD'><![CDATA[15/11/2014 -> SELECT * FROM tbl_estatus WHERE id_estatus='3'; Sat Nov 15 17:03:40 VET 2014]]></LOG><LOG TP='BD'><![CDATA[15/11/2014 -> SELECT * FROM usuarios WHERE tx_login='josew' and clave='1234'; Sat Nov 15 17:07:04 VET 2014]]></LOG><LOG TP='BD'><![CDATA[15/11/2014 -> SELECT * FROM usuarios WHERE tx_login='josew' and clave='1234'; Sat Nov 15 17:07:04 VET 2014]]></LOG><LOG TP='BD'><![CDATA[15/11/2014 -> SELECT * FROM usuarios WHERE tx_login='josew' and clave='1234'; Sat Nov 15 17:07:04 VET 2014]]></LOG><LOG TP='BD'><![CDATA[15/11/2014 -> SELECT * FROM tbl_estatus WHERE id_estatus='1'; Sat Nov 15 17:07:04 VET 2014]]></LOG><LOG TP='BD'><![CDATA[15/11/2014 -> SELECT * FROM usuarios WHERE tx_login='josew' and clave='1234'; Sat Nov 15 17:07:04 VET 2014]]></LOG><LOG TP='BD'><![CDATA[15/11/2014 -> SELECT * FROM tbl_rol_usr WHERE nb_rol_usr='Administrador'; Sat Nov 15 17:07:04 VET 2014]]></LOG><LOG TP='BD'><![CDATA[15/11/2014 -> SELECT * FROM tbl_rol_usr WHERE nb_rol_usr='Estudiante'; Sat Nov 15 17:07:04 VET 2014]]></LOG><LOG TP='BD'><![CDATA[15/11/2014 -> SELECT * FROM tbl_rol_usr WHERE nb_rol_usr='Maestro'; Sat Nov 15 17:07:04 VET 2014]]></LOG><LOG TP='BD'><![CDATA[15/11/2014 -> SELECT * FROM tbl_rol_usr WHERE nb_rol_usr='Administrador'; Sat Nov 15 17:07:04 VET 2014]]></LOG><LOG TP='BD'><![CDATA[15/11/2014 -> SELECT * FROM tbl_rol_usr WHERE nb_rol_usr='Estudiante'; Sat Nov 15 17:07:04 VET 2014]]></LOG><LOG TP='BD'><![CDATA[15/11/2014 -> SELECT * FROM tbl_rol_usr WHERE nb_rol_usr='Maestro'; Sat Nov 15 17:07:04 VET 2014]]></LOG><LOG TP='BD'><![CDATA[15/11/2014 -> SELECT * FROM tbl_estatus WHERE id_estatus='3'; Sat Nov 15 17:07:04 VET 2014]]></LOG><LOG TP='BD'><![CDATA[15/11/2014 -> SELECT * FROM tbl_estatus WHERE id_estatus='3'; Sat Nov 15 17:07:04 VET 2014]]></LOG><LOG TP='BD'><![CDATA[15/11/2014 -> SELECT * FROM tbl_estatus WHERE id_estatus='3'; Sat Nov 15 17:07:04 VET 2014]]></LOG><LOG TP='BD'><![CDATA[15/11/2014 -> SELECT * FROM usuarios WHERE tx_login='josew' and clave='1234'; Sat Nov 15 17:09:58 VET 2014]]></LOG><LOG TP='BD'><![CDATA[15/11/2014 -> SELECT * FROM usuarios WHERE tx_login='josew' and clave='1234'; Sat Nov 15 17:09:58 VET 2014]]></LOG><LOG TP='BD'><![CDATA[15/11/2014 -> SELECT * FROM usuarios WHERE tx_login='josew' and clave='1234'; Sat Nov 15 17:09:58 VET 2014]]></LOG><LOG TP='BD'><![CDATA[15/11/2014 -> SELECT * FROM tbl_estatus WHERE id_estatus='1'; Sat Nov 15 17:09:58 VET 2014]]></LOG><LOG TP='BD'><![CDATA[15/11/2014 -> SELECT * FROM usuarios WHERE tx_login='josew' and clave='1234'; Sat Nov 15 17:09:58 VET 2014]]></LOG><LOG TP='BD'><![CDATA[15/11/2014 -> SELECT * FROM tbl_rol_usr WHERE nb_rol_usr='Administrador'; Sat Nov 15 17:09:58 VET 2014]]></LOG><LOG TP='BD'><![CDATA[15/11/2014 -> SELECT * FROM tbl_rol_usr WHERE nb_rol_usr='Estudiante'; Sat Nov 15 17:09:58 VET 2014]]></LOG><LOG TP='BD'><![CDATA[15/11/2014 -> SELECT * FROM tbl_rol_usr WHERE nb_rol_usr='Maestro'; Sat Nov 15 17:09:58 VET 2014]]></LOG><LOG TP='BD'><![CDATA[15/11/2014 -> SELECT * FROM tbl_rol_usr WHERE nb_rol_usr='Administrador'; Sat Nov 15 17:09:58 VET 2014]]></LOG><LOG TP='BD'><![CDATA[15/11/2014 -> SELECT * FROM tbl_rol_usr WHERE nb_rol_usr='Estudiante'; Sat Nov 15 17:09:58 VET 2014]]></LOG><LOG TP='BD'><![CDATA[15/11/2014 -> SELECT * FROM tbl_rol_usr WHERE nb_rol_usr='Maestro'; Sat Nov 15 17:09:58 VET 2014]]></LOG><LOG TP='BD'><![CDATA[15/11/2014 -> SELECT * FROM tbl_estatus WHERE id_estatus='3'; Sat Nov 15 17:09:58 VET 2014]]></LOG><LOG TP='BD'><![CDATA[15/11/2014 -> SELECT * FROM tbl_estatus WHERE id_estatus='3'; Sat Nov 15 17:09:58 VET 2014]]></LOG><LOG TP='BD'><![CDATA[15/11/2014 -> SELECT * FROM tbl_estatus WHERE id_estatus='3'; Sat Nov 15 17:09:58 VET 2014]]></LOG><LOG TP='BD'><![CDATA[15/11/2014 -> SELECT * FROM usuarios WHERE tx_login='josew' and clave='1234'; Sat Nov 15 17:10:21 VET 2014]]></LOG><LOG TP='BD'><![CDATA[15/11/2014 -> SELECT * FROM usuarios WHERE tx_login='josew' and clave='1234'; Sat Nov 15 17:10:21 VET 2014]]></LOG><LOG TP='BD'><![CDATA[15/11/2014 -> SELECT * FROM usuarios WHERE tx_login='josew' and clave='1234'; Sat Nov 15 17:10:21 VET 2014]]></LOG><LOG TP='BD'><![CDATA[15/11/2014 -> SELECT * FROM tbl_estatus WHERE id_estatus='1'; Sat Nov 15 17:10:21 VET 2014]]></LOG><LOG TP='BD'><![CDATA[15/11/2014 -> SELECT * FROM usuarios WHERE tx_login='josew' and clave='1234'; Sat Nov 15 17:10:21 VET 2014]]></LOG><LOG TP='BD'><![CDATA[15/11/2014 -> SELECT * FROM tbl_rol_usr WHERE nb_rol_usr='Administrador'; Sat Nov 15 17:10:21 VET 2014]]></LOG><LOG TP='BD'><![CDATA[15/11/2014 -> SELECT * FROM tbl_rol_usr WHERE nb_rol_usr='Estudiante'; Sat Nov 15 17:10:21 VET 2014]]></LOG><LOG TP='BD'><![CDATA[15/11/2014 -> SELECT * FROM tbl_rol_usr WHERE nb_rol_usr='Maestro'; Sat Nov 15 17:10:21 VET 2014]]></LOG><LOG TP='BD'><![CDATA[15/11/2014 -> SELECT * FROM tbl_rol_usr WHERE nb_rol_usr='Administrador'; Sat Nov 15 17:10:21 VET 2014]]></LOG><LOG TP='BD'><![CDATA[15/11/2014 -> SELECT * FROM tbl_rol_usr WHERE nb_rol_usr='Estudiante'; Sat Nov 15 17:10:21 VET 2014]]></LOG><LOG TP='BD'><![CDATA[15/11/2014 -> SELECT * FROM tbl_rol_usr WHERE nb_rol_usr='Maestro'; Sat Nov 15 17:10:21 VET 2014]]></LOG><LOG TP='BD'><![CDATA[15/11/2014 -> SELECT * FROM tbl_estatus WHERE id_estatus='3'; Sat Nov 15 17:10:21 VET 2014]]></LOG><LOG TP='BD'><![CDATA[15/11/2014 -> SELECT * FROM tbl_estatus WHERE id_estatus='3'; Sat Nov 15 17:10:21 VET 2014]]></LOG><LOG TP='BD'><![CDATA[15/11/2014 -> SELECT * FROM tbl_estatus WHERE id_estatus='3'; Sat Nov 15 17:10:21 VET 2014]]></LOG><LOG TP='BD'><![CDATA[15/11/2014 -> SELECT * FROM usuarios WHERE tx_login='josew' and clave='1234'; Sat Nov 15 17:19:37 VET 2014]]></LOG><LOG TP='BD'><![CDATA[15/11/2014 -> SELECT * FROM usuarios WHERE tx_login='josew' and clave='1234'; Sat Nov 15 17:19:37 VET 2014]]></LOG><LOG TP='BD'><![CDATA[15/11/2014 -> SELECT * FROM usuarios WHERE tx_login='josew' and clave='1234'; Sat Nov 15 17:19:37 VET 2014]]></LOG><LOG TP='BD'><![CDATA[15/11/2014 -> SELECT * FROM tbl_estatus WHERE id_estatus='1'; Sat Nov 15 17:19:37 VET 2014]]></LOG><LOG TP='BD'><![CDATA[15/11/2014 -> SELECT * FROM usuarios WHERE tx_login='josew' and clave='1234'; Sat Nov 15 17:19:37 VET 2014]]></LOG><LOG TP='BD'><![CDATA[15/11/2014 -> SELECT * FROM tbl_rol_usr WHERE nb_rol_usr='Administrador'; Sat Nov 15 17:19:37 VET 2014]]></LOG><LOG TP='BD'><![CDATA[15/11/2014 -> SELECT * FROM tbl_rol_usr WHERE nb_rol_usr='Estudiante'; Sat Nov 15 17:19:37 VET 2014]]></LOG><LOG TP='BD'><![CDATA[15/11/2014 -> SELECT * FROM tbl_rol_usr WHERE nb_rol_usr='Maestro'; Sat Nov 15 17:19:37 VET 2014]]></LOG><LOG TP='BD'><![CDATA[15/11/2014 -> SELECT * FROM tbl_rol_usr WHERE nb_rol_usr='Administrador'; Sat Nov 15 17:19:37 VET 2014]]></LOG><LOG TP='BD'><![CDATA[15/11/2014 -> SELECT * FROM tbl_rol_usr WHERE nb_rol_usr='Estudiante'; Sat Nov 15 17:19:37 VET 2014]]></LOG><LOG TP='BD'><![CDATA[15/11/2014 -> SELECT * FROM tbl_rol_usr WHERE nb_rol_usr='Maestro'; Sat Nov 15 17:19:37 VET 2014]]></LOG><LOG TP='BD'><![CDATA[15/11/2014 -> SELECT * FROM tbl_estatus WHERE id_estatus='3'; Sat Nov 15 17:19:37 VET 2014]]></LOG><LOG TP='BD'><![CDATA[15/11/2014 -> SELECT * FROM tbl_estatus WHERE id_estatus='3'; Sat Nov 15 17:19:37 VET 2014]]></LOG><LOG TP='BD'><![CDATA[15/11/2014 -> SELECT * FROM tbl_estatus WHERE id_estatus='3'; Sat Nov 15 17:19:37 VET 2014]]></LOG><LOG TP='BD'><![CDATA[15/11/2014 -> SELECT * FROM usuarios WHERE tx_login='josew' and clave='1234'; Sat Nov 15 17:27:08 VET 2014]]></LOG><LOG TP='BD'><![CDATA[15/11/2014 -> SELECT * FROM usuarios WHERE tx_login='josew' and clave='1234'; Sat Nov 15 17:27:08 VET 2014]]></LOG><LOG TP='BD'><![CDATA[15/11/2014 -> SELECT * FROM usuarios WHERE tx_login='josew' and clave='1234'; Sat Nov 15 17:27:08 VET 2014]]></LOG><LOG TP='BD'><![CDATA[15/11/2014 -> SELECT * FROM tbl_estatus WHERE id_estatus='1'; Sat Nov 15 17:27:08 VET 2014]]></LOG><LOG TP='BD'><![CDATA[15/11/2014 -> SELECT * FROM usuarios WHERE tx_login='josew' and clave='1234'; Sat Nov 15 17:27:08 VET 2014]]></LOG><LOG TP='BD'><![CDATA[15/11/2014 -> SELECT * FROM tbl_rol_usr WHERE nb_rol_usr='Administrador'; Sat Nov 15 17:27:08 VET 2014]]></LOG><LOG TP='BD'><![CDATA[15/11/2014 -> SELECT * FROM tbl_rol_usr WHERE nb_rol_usr='Estudiante'; Sat Nov 15 17:27:08 VET 2014]]></LOG><LOG TP='BD'><![CDATA[15/11/2014 -> SELECT * FROM tbl_rol_usr WHERE nb_rol_usr='Maestro'; Sat Nov 15 17:27:08 VET 2014]]></LOG><LOG TP='BD'><![CDATA[15/11/2014 -> SELECT * FROM tbl_rol_usr WHERE nb_rol_usr='Administrador'; Sat Nov 15 17:27:08 VET 2014]]></LOG><LOG TP='BD'><![CDATA[15/11/2014 -> SELECT * FROM tbl_rol_usr WHERE nb_rol_usr='Estudiante'; Sat Nov 15 17:27:08 VET 2014]]></LOG><LOG TP='BD'><![CDATA[15/11/2014 -> SELECT * FROM tbl_rol_usr WHERE nb_rol_usr='Maestro'; Sat Nov 15 17:27:08 VET 2014]]></LOG><LOG TP='BD'><![CDATA[15/11/2014 -> SELECT * FROM tbl_estatus WHERE id_estatus='3'; Sat Nov 15 17:27:08 VET 2014]]></LOG><LOG TP='BD'><![CDATA[15/11/2014 -> SELECT * FROM tbl_estatus WHERE id_estatus='3'; Sat Nov 15 17:27:08 VET 2014]]></LOG><LOG TP='BD'><![CDATA[15/11/2014 -> SELECT * FROM tbl_estatus WHERE id_estatus='3'; Sat Nov 15 17:27:08 VET 2014]]></LOG><LOG TP='BD'><![CDATA[15/11/2014 -> SELECT tx_palabra, int puntos FROM tbl_palabra WHERE int_dificultad = 1; Sat Nov 15 17:27:37 VET 2014ERROR= ERROR: no existe la columna «int»
  Position: 20]]></LOG><LOG TP='BD'><![CDATA[15/11/2014 -> SELECT * FROM usuarios WHERE tx_login='josew' and clave='1234'; Sat Nov 15 17:28:04 VET 2014]]></LOG><LOG TP='BD'><![CDATA[15/11/2014 -> SELECT * FROM usuarios WHERE tx_login='josew' and clave='1234'; Sat Nov 15 17:28:04 VET 2014]]></LOG><LOG TP='BD'><![CDATA[15/11/2014 -> SELECT * FROM usuarios WHERE tx_login='josew' and clave='1234'; Sat Nov 15 17:28:04 VET 2014]]></LOG><LOG TP='BD'><![CDATA[15/11/2014 -> SELECT * FROM tbl_estatus WHERE id_estatus='1'; Sat Nov 15 17:28:04 VET 2014]]></LOG><LOG TP='BD'><![CDATA[15/11/2014 -> SELECT * FROM usuarios WHERE tx_login='josew' and clave='1234'; Sat Nov 15 17:28:04 VET 2014]]></LOG><LOG TP='BD'><![CDATA[15/11/2014 -> SELECT * FROM tbl_rol_usr WHERE nb_rol_usr='Administrador'; Sat Nov 15 17:28:04 VET 2014]]></LOG><LOG TP='BD'><![CDATA[15/11/2014 -> SELECT * FROM tbl_rol_usr WHERE nb_rol_usr='Estudiante'; Sat Nov 15 17:28:04 VET 2014]]></LOG><LOG TP='BD'><![CDATA[15/11/2014 -> SELECT * FROM tbl_rol_usr WHERE nb_rol_usr='Maestro'; Sat Nov 15 17:28:04 VET 2014]]></LOG><LOG TP='BD'><![CDATA[15/11/2014 -> SELECT * FROM tbl_rol_usr WHERE nb_rol_usr='Administrador'; Sat Nov 15 17:28:04 VET 2014]]></LOG><LOG TP='BD'><![CDATA[15/11/2014 -> SELECT * FROM tbl_rol_usr WHERE nb_rol_usr='Estudiante'; Sat Nov 15 17:28:04 VET 2014]]></LOG><LOG TP='BD'><![CDATA[15/11/2014 -> SELECT * FROM tbl_rol_usr WHERE nb_rol_usr='Maestro'; Sat Nov 15 17:28:04 VET 2014]]></LOG><LOG TP='BD'><![CDATA[15/11/2014 -> SELECT * FROM tbl_estatus WHERE id_estatus='3'; Sat Nov 15 17:28:04 VET 2014]]></LOG><LOG TP='BD'><![CDATA[15/11/2014 -> SELECT * FROM tbl_estatus WHERE id_estatus='3'; Sat Nov 15 17:28:04 VET 2014]]></LOG><LOG TP='BD'><![CDATA[15/11/2014 -> SELECT * FROM tbl_estatus WHERE id_estatus='3'; Sat Nov 15 17:28:04 VET 2014]]></LOG><LOG TP='BD'><![CDATA[15/11/2014 -> SELECT tx_palabra, int_puntos FROM tbl_palabra WHERE int_dificultad = 1; Sat Nov 15 17:28:16 VET 2014]]></LOG><LOG TP='BD'><![CDATA[15/11/2014 -> SELECT * FROM usuarios WHERE tx_login='josew' and clave='1234'; Sat Nov 15 17:29:31 VET 2014]]></LOG><LOG TP='BD'><![CDATA[15/11/2014 -> SELECT * FROM usuarios WHERE tx_login='josew' and clave='1234'; Sat Nov 15 17:29:31 VET 2014]]></LOG><LOG TP='BD'><![CDATA[15/11/2014 -> SELECT * FROM usuarios WHERE tx_login='josew' and clave='1234'; Sat Nov 15 17:29:31 VET 2014]]></LOG><LOG TP='BD'><![CDATA[15/11/2014 -> SELECT * FROM tbl_estatus WHERE id_estatus='1'; Sat Nov 15 17:29:31 VET 2014]]></LOG><LOG TP='BD'><![CDATA[15/11/2014 -> SELECT * FROM usuarios WHERE tx_login='josew' and clave='1234'; Sat Nov 15 17:29:31 VET 2014]]></LOG><LOG TP='BD'><![CDATA[15/11/2014 -> SELECT * FROM tbl_rol_usr WHERE nb_rol_usr='Administrador'; Sat Nov 15 17:29:31 VET 2014]]></LOG><LOG TP='BD'><![CDATA[15/11/2014 -> SELECT * FROM tbl_rol_usr WHERE nb_rol_usr='Estudiante'; Sat Nov 15 17:29:31 VET 2014]]></LOG><LOG TP='BD'><![CDATA[15/11/2014 -> SELECT * FROM tbl_rol_usr WHERE nb_rol_usr='Maestro'; Sat Nov 15 17:29:31 VET 2014]]></LOG><LOG TP='BD'><![CDATA[15/11/2014 -> SELECT * FROM tbl_rol_usr WHERE nb_rol_usr='Administrador'; Sat Nov 15 17:29:31 VET 2014]]></LOG><LOG TP='BD'><![CDATA[15/11/2014 -> SELECT * FROM tbl_rol_usr WHERE nb_rol_usr='Estudiante'; Sat Nov 15 17:29:31 VET 2014]]></LOG><LOG TP='BD'><![CDATA[15/11/2014 -> SELECT * FROM tbl_rol_usr WHERE nb_rol_usr='Maestro'; Sat Nov 15 17:29:31 VET 2014]]></LOG><LOG TP='BD'><![CDATA[15/11/2014 -> SELECT * FROM tbl_estatus WHERE id_estatus='3'; Sat Nov 15 17:29:31 VET 2014]]></LOG><LOG TP='BD'><![CDATA[15/11/2014 -> SELECT * FROM tbl_estatus WHERE id_estatus='3'; Sat Nov 15 17:29:31 VET 2014]]></LOG><LOG TP='BD'><![CDATA[15/11/2014 -> SELECT * FROM tbl_estatus WHERE id_estatus='3'; Sat Nov 15 17:29:31 VET 2014]]></LOG><LOG TP='BD'><![CDATA[15/11/2014 -> SELECT tx_palabra, int_puntos FROM tbl_palabra WHERE int_dificultad = 1; Sat Nov 15 17:29:45 VET 2014]]></LOG><LOG TP='BD'><![CDATA[15/11/2014 -> SELECT * FROM usuarios WHERE tx_login='josew' and clave='1234'; Sat Nov 15 17:30:29 VET 2014]]></LOG><LOG TP='BD'><![CDATA[15/11/2014 -> SELECT * FROM usuarios WHERE tx_login='josew' and clave='1234'; Sat Nov 15 17:30:29 VET 2014]]></LOG><LOG TP='BD'><![CDATA[15/11/2014 -> SELECT * FROM usuarios WHERE tx_login='josew' and clave='1234'; Sat Nov 15 17:30:29 VET 2014]]></LOG><LOG TP='BD'><![CDATA[15/11/2014 -> SELECT * FROM tbl_estatus WHERE id_estatus='1'; Sat Nov 15 17:30:29 VET 2014]]></LOG><LOG TP='BD'><![CDATA[15/11/2014 -> SELECT * FROM usuarios WHERE tx_login='josew' and clave='1234'; Sat Nov 15 17:30:29 VET 2014]]></LOG><LOG TP='BD'><![CDATA[15/11/2014 -> SELECT * FROM tbl_rol_usr WHERE nb_rol_usr='Administrador'; Sat Nov 15 17:30:29 VET 2014]]></LOG><LOG TP='BD'><![CDATA[15/11/2014 -> SELECT * FROM tbl_rol_usr WHERE nb_rol_usr='Estudiante'; Sat Nov 15 17:30:29 VET 2014]]></LOG><LOG TP='BD'><![CDATA[15/11/2014 -> SELECT * FROM tbl_rol_usr WHERE nb_rol_usr='Maestro'; Sat Nov 15 17:30:29 VET 2014]]></LOG><LOG TP='BD'><![CDATA[15/11/2014 -> SELECT * FROM tbl_rol_usr WHERE nb_rol_usr='Administrador'; Sat Nov 15 17:30:29 VET 2014]]></LOG><LOG TP='BD'><![CDATA[15/11/2014 -> SELECT * FROM tbl_rol_usr WHERE nb_rol_usr='Estudiante'; Sat Nov 15 17:30:29 VET 2014]]></LOG><LOG TP='BD'><![CDATA[15/11/2014 -> SELECT * FROM tbl_rol_usr WHERE nb_rol_usr='Maestro'; Sat Nov 15 17:30:29 VET 2014]]></LOG><LOG TP='BD'><![CDATA[15/11/2014 -> SELECT * FROM tbl_estatus WHERE id_estatus='3'; Sat Nov 15 17:30:29 VET 2014]]></LOG><LOG TP='BD'><![CDATA[15/11/2014 -> SELECT * FROM tbl_estatus WHERE id_estatus='3'; Sat Nov 15 17:30:29 VET 2014]]></LOG><LOG TP='BD'><![CDATA[15/11/2014 -> SELECT * FROM tbl_estatus WHERE id_estatus='3'; Sat Nov 15 17:30:29 VET 2014]]></LOG><LOG TP='BD'><![CDATA[15/11/2014 -> SELECT tx_palabra, int_puntos FROM tbl_palabra WHERE int_dificultad = 1; Sat Nov 15 17:30:49 VET 2014]]></LOG><LOG TP='BD'><![CDATA[15/11/2014 -> SELECT * FROM usuarios WHERE tx_login='josew' and clave='1234'; Sat Nov 15 17:33:41 VET 2014]]></LOG><LOG TP='BD'><![CDATA[15/11/2014 -> SELECT * FROM usuarios WHERE tx_login='josew' and clave='1234'; Sat Nov 15 17:33:41 VET 2014]]></LOG><LOG TP='BD'><![CDATA[15/11/2014 -> SELECT * FROM usuarios WHERE tx_login='josew' and clave='1234'; Sat Nov 15 17:33:41 VET 2014]]></LOG><LOG TP='BD'><![CDATA[15/11/2014 -> SELECT * FROM tbl_estatus WHERE id_estatus='1'; Sat Nov 15 17:33:41 VET 2014]]></LOG><LOG TP='BD'><![CDATA[15/11/2014 -> SELECT * FROM usuarios WHERE tx_login='josew' and clave='1234'; Sat Nov 15 17:33:41 VET 2014]]></LOG><LOG TP='BD'><![CDATA[15/11/2014 -> SELECT * FROM tbl_rol_usr WHERE nb_rol_usr='Administrador'; Sat Nov 15 17:33:41 VET 2014]]></LOG><LOG TP='BD'><![CDATA[15/11/2014 -> SELECT * FROM tbl_rol_usr WHERE nb_rol_usr='Estudiante'; Sat Nov 15 17:33:41 VET 2014]]></LOG><LOG TP='BD'><![CDATA[15/11/2014 -> SELECT * FROM tbl_rol_usr WHERE nb_rol_usr='Maestro'; Sat Nov 15 17:33:41 VET 2014]]></LOG><LOG TP='BD'><![CDATA[15/11/2014 -> SELECT * FROM tbl_rol_usr WHERE nb_rol_usr='Administrador'; Sat Nov 15 17:33:41 VET 2014]]></LOG><LOG TP='BD'><![CDATA[15/11/2014 -> SELECT * FROM tbl_rol_usr WHERE nb_rol_usr='Estudiante'; Sat Nov 15 17:33:41 VET 2014]]></LOG><LOG TP='BD'><![CDATA[15/11/2014 -> SELECT * FROM tbl_rol_usr WHERE nb_rol_usr='Maestro'; Sat Nov 15 17:33:41 VET 2014]]></LOG><LOG TP='BD'><![CDATA[15/11/2014 -> SELECT * FROM tbl_estatus WHERE id_estatus='3'; Sat Nov 15 17:33:41 VET 2014]]></LOG><LOG TP='BD'><![CDATA[15/11/2014 -> SELECT * FROM tbl_estatus WHERE id_estatus='3'; Sat Nov 15 17:33:41 VET 2014]]></LOG><LOG TP='BD'><![CDATA[15/11/2014 -> SELECT * FROM tbl_estatus WHERE id_estatus='3'; Sat Nov 15 17:33:41 VET 2014]]></LOG><LOG TP='BD'><![CDATA[15/11/2014 -> SELECT tx_palabra, int_puntos FROM tbl_palabra WHERE int_dificultad = 2; Sat Nov 15 17:33:54 VET 2014]]></LOG><LOG TP='BD'><![CDATA[15/11/2014 -> SELECT * FROM usuarios WHERE tx_login='josew' and clave='1234'; Sat Nov 15 17:34:45 VET 2014]]></LOG><LOG TP='BD'><![CDATA[15/11/2014 -> SELECT * FROM usuarios WHERE tx_login='josew' and clave='1234'; Sat Nov 15 17:34:45 VET 2014]]></LOG><LOG TP='BD'><![CDATA[15/11/2014 -> SELECT * FROM usuarios WHERE tx_login='josew' and clave='1234'; Sat Nov 15 17:34:45 VET 2014]]></LOG><LOG TP='BD'><![CDATA[15/11/2014 -> SELECT * FROM tbl_estatus WHERE id_estatus='1'; Sat Nov 15 17:34:45 VET 2014]]></LOG><LOG TP='BD'><![CDATA[15/11/2014 -> SELECT * FROM usuarios WHERE tx_login='josew' and clave='1234'; Sat Nov 15 17:34:45 VET 2014]]></LOG><LOG TP='BD'><![CDATA[15/11/2014 -> SELECT * FROM tbl_rol_usr WHERE nb_rol_usr='Administrador'; Sat Nov 15 17:34:45 VET 2014]]></LOG><LOG TP='BD'><![CDATA[15/11/2014 -> SELECT * FROM tbl_rol_usr WHERE nb_rol_usr='Estudiante'; Sat Nov 15 17:34:45 VET 2014]]></LOG><LOG TP='BD'><![CDATA[15/11/2014 -> SELECT * FROM tbl_rol_usr WHERE nb_rol_usr='Maestro'; Sat Nov 15 17:34:45 VET 2014]]></LOG><LOG TP='BD'><![CDATA[15/11/2014 -> SELECT * FROM tbl_rol_usr WHERE nb_rol_usr='Administrador'; Sat Nov 15 17:34:45 VET 2014]]></LOG><LOG TP='BD'><![CDATA[15/11/2014 -> SELECT * FROM tbl_rol_usr WHERE nb_rol_usr='Estudiante'; Sat Nov 15 17:34:45 VET 2014]]></LOG><LOG TP='BD'><![CDATA[15/11/2014 -> SELECT * FROM tbl_rol_usr WHERE nb_rol_usr='Maestro'; Sat Nov 15 17:34:45 VET 2014]]></LOG><LOG TP='BD'><![CDATA[15/11/2014 -> SELECT * FROM tbl_estatus WHERE id_estatus='3'; Sat Nov 15 17:34:45 VET 2014]]></LOG><LOG TP='BD'><![CDATA[15/11/2014 -> SELECT * FROM tbl_estatus WHERE id_estatus='3'; Sat Nov 15 17:34:45 VET 2014]]></LOG><LOG TP='BD'><![CDATA[15/11/2014 -> SELECT * FROM tbl_estatus WHERE id_estatus='3'; Sat Nov 15 17:34:45 VET 2014]]></LOG><LOG TP='BD'><![CDATA[15/11/2014 -> SELECT tx_palabra, int_puntos FROM tbl_palabra WHERE int_dificultad = 3; Sat Nov 15 17:34:56 VET 2014]]></LOG><LOG TP='BD'><![CDATA[15/11/2014 -> SELECT tx_palabra, int_puntos FROM tbl_palabra WHERE int_dificultad = 1; Sat Nov 15 17:35:29 VET 2014]]></LOG><LOG TP='BD'><![CDATA[15/11/2014 -> SELECT * FROM usuarios WHERE tx_login='josew' and clave='1234'; Sat Nov 15 18:08:41 VET 2014]]></LOG><LOG TP='BD'><![CDATA[15/11/2014 -> SELECT * FROM usuarios WHERE tx_login='josew' and clave='1234'; Sat Nov 15 18:08:41 VET 2014]]></LOG><LOG TP='BD'><![CDATA[15/11/2014 -> SELECT * FROM usuarios WHERE tx_login='josew' and clave='1234'; Sat Nov 15 18:08:41 VET 2014]]></LOG><LOG TP='BD'><![CDATA[15/11/2014 -> SELECT * FROM tbl_estatus WHERE id_estatus='1'; Sat Nov 15 18:08:41 VET 2014]]></LOG><LOG TP='BD'><![CDATA[15/11/2014 -> SELECT * FROM usuarios WHERE tx_login='josew' and clave='1234'; Sat Nov 15 18:08:41 VET 2014]]></LOG><LOG TP='BD'><![CDATA[15/11/2014 -> SELECT * FROM tbl_rol_usr WHERE nb_rol_usr='Administrador'; Sat Nov 15 18:08:41 VET 2014]]></LOG><LOG TP='BD'><![CDATA[15/11/2014 -> SELECT * FROM tbl_rol_usr WHERE nb_rol_usr='Estudiante'; Sat Nov 15 18:08:41 VET 2014]]></LOG><LOG TP='BD'><![CDATA[15/11/2014 -> SELECT * FROM tbl_rol_usr WHERE nb_rol_usr='Maestro'; Sat Nov 15 18:08:41 VET 2014]]></LOG><LOG TP='BD'><![CDATA[15/11/2014 -> SELECT * FROM tbl_rol_usr WHERE nb_rol_usr='Administrador'; Sat Nov 15 18:08:41 VET 2014]]></LOG><LOG TP='BD'><![CDATA[15/11/2014 -> SELECT * FROM tbl_rol_usr WHERE nb_rol_usr='Estudiante'; Sat Nov 15 18:08:41 VET 2014]]></LOG><LOG TP='BD'><![CDATA[15/11/2014 -> SELECT * FROM tbl_rol_usr WHERE nb_rol_usr='Maestro'; Sat Nov 15 18:08:41 VET 2014]]></LOG><LOG TP='BD'><![CDATA[15/11/2014 -> SELECT * FROM tbl_estatus WHERE id_estatus='3'; Sat Nov 15 18:08:41 VET 2014]]></LOG><LOG TP='BD'><![CDATA[15/11/2014 -> SELECT * FROM tbl_estatus WHERE id_estatus='3'; Sat Nov 15 18:08:41 VET 2014]]></LOG><LOG TP='BD'><![CDATA[15/11/2014 -> SELECT * FROM tbl_estatus WHERE id_estatus='3'; Sat Nov 15 18:08:41 VET 2014]]></LOG><LOG TP='BD'><![CDATA[15/11/2014 -> SELECT tx_palabra, int_puntos FROM tbl_palabra WHERE int_dificultad = 1; Sat Nov 15 18:08:53 VET 2014]]></LOG><LOG TP='BD'><![CDATA[15/11/2014 -> SELECT * FROM usuarios WHERE tx_login='josew' and clave='1234'; Sat Nov 15 18:15:34 VET 2014]]></LOG><LOG TP='BD'><![CDATA[15/11/2014 -> SELECT * FROM usuarios WHERE tx_login='josew' and clave='1234'; Sat Nov 15 18:15:34 VET 2014]]></LOG><LOG TP='BD'><![CDATA[15/11/2014 -> SELECT * FROM usuarios WHERE tx_login='josew' and clave='1234'; Sat Nov 15 18:15:34 VET 2014]]></LOG><LOG TP='BD'><![CDATA[15/11/2014 -> SELECT * FROM tbl_estatus WHERE id_estatus='1'; Sat Nov 15 18:15:34 VET 2014]]></LOG><LOG TP='BD'><![CDATA[15/11/2014 -> SELECT * FROM usuarios WHERE tx_login='josew' and clave='1234'; Sat Nov 15 18:15:34 VET 2014]]></LOG><LOG TP='BD'><![CDATA[15/11/2014 -> SELECT * FROM tbl_rol_usr WHERE nb_rol_usr='Administrador'; Sat Nov 15 18:15:34 VET 2014]]></LOG><LOG TP='BD'><![CDATA[15/11/2014 -> SELECT * FROM tbl_rol_usr WHERE nb_rol_usr='Estudiante'; Sat Nov 15 18:15:34 VET 2014]]></LOG><LOG TP='BD'><![CDATA[15/11/2014 -> SELECT * FROM tbl_rol_usr WHERE nb_rol_usr='Maestro'; Sat Nov 15 18:15:34 VET 2014]]></LOG><LOG TP='BD'><![CDATA[15/11/2014 -> SELECT * FROM tbl_rol_usr WHERE nb_rol_usr='Administrador'; Sat Nov 15 18:15:34 VET 2014]]></LOG><LOG TP='BD'><![CDATA[15/11/2014 -> SELECT * FROM tbl_rol_usr WHERE nb_rol_usr='Estudiante'; Sat Nov 15 18:15:34 VET 2014]]></LOG><LOG TP='BD'><![CDATA[15/11/2014 -> SELECT * FROM tbl_rol_usr WHERE nb_rol_usr='Maestro'; Sat Nov 15 18:15:34 VET 2014]]></LOG><LOG TP='BD'><![CDATA[15/11/2014 -> SELECT * FROM tbl_estatus WHERE id_estatus='3'; Sat Nov 15 18:15:34 VET 2014]]></LOG><LOG TP='BD'><![CDATA[15/11/2014 -> SELECT * FROM tbl_estatus WHERE id_estatus='3'; Sat Nov 15 18:15:34 VET 2014]]></LOG><LOG TP='BD'><![CDATA[15/11/2014 -> SELECT * FROM tbl_estatus WHERE id_estatus='3'; Sat Nov 15 18:15:34 VET 2014]]></LOG><LOG TP='BD'><![CDATA[15/11/2014 -> SELECT tx_palabra, int_puntos FROM tbl_palabra WHERE int_dificultad = 2; Sat Nov 15 18:15:44 VET 2014]]></LOG><LOG TP='BD'><![CDATA[15/11/2014 -> SELECT * FROM usuarios WHERE tx_login='josew' and clave='1234'; Sat Nov 15 18:23:09 VET 2014]]></LOG><LOG TP='BD'><![CDATA[15/11/2014 -> SELECT * FROM usuarios WHERE tx_login='josew' and clave='1234'; Sat Nov 15 18:23:09 VET 2014]]></LOG><LOG TP='BD'><![CDATA[15/11/2014 -> SELECT * FROM usuarios WHERE tx_login='josew' and clave='1234'; Sat Nov 15 18:23:09 VET 2014]]></LOG><LOG TP='BD'><![CDATA[15/11/2014 -> SELECT * FROM tbl_estatus WHERE id_estatus='1'; Sat Nov 15 18:23:09 VET 2014]]></LOG><LOG TP='BD'><![CDATA[15/11/2014 -> SELECT * FROM usuarios WHERE tx_login='josew' and clave='1234'; Sat Nov 15 18:23:09 VET 2014]]></LOG><LOG TP='BD'><![CDATA[15/11/2014 -> SELECT * FROM tbl_rol_usr WHERE nb_rol_usr='Administrador'; Sat Nov 15 18:23:09 VET 2014]]></LOG><LOG TP='BD'><![CDATA[15/11/2014 -> SELECT * FROM tbl_rol_usr WHERE nb_rol_usr='Estudiante'; Sat Nov 15 18:23:09 VET 2014]]></LOG><LOG TP='BD'><![CDATA[15/11/2014 -> SELECT * FROM tbl_rol_usr WHERE nb_rol_usr='Maestro'; Sat Nov 15 18:23:09 VET 2014]]></LOG><LOG TP='BD'><![CDATA[15/11/2014 -> SELECT * FROM tbl_rol_usr WHERE nb_rol_usr='Administrador'; Sat Nov 15 18:23:09 VET 2014]]></LOG><LOG TP='BD'><![CDATA[15/11/2014 -> SELECT * FROM tbl_rol_usr WHERE nb_rol_usr='Estudiante'; Sat Nov 15 18:23:09 VET 2014]]></LOG><LOG TP='BD'><![CDATA[15/11/2014 -> SELECT * FROM tbl_rol_usr WHERE nb_rol_usr='Maestro'; Sat Nov 15 18:23:09 VET 2014]]></LOG><LOG TP='BD'><![CDATA[15/11/2014 -> SELECT * FROM tbl_estatus WHERE id_estatus='3'; Sat Nov 15 18:23:09 VET 2014]]></LOG><LOG TP='BD'><![CDATA[15/11/2014 -> SELECT * FROM tbl_estatus WHERE id_estatus='3'; Sat Nov 15 18:23:09 VET 2014]]></LOG><LOG TP='BD'><![CDATA[15/11/2014 -> SELECT * FROM tbl_estatus WHERE id_estatus='3'; Sat Nov 15 18:23:09 VET 2014]]></LOG><LOG TP='BD'><![CDATA[15/11/2014 -> SELECT tx_palabra, int_puntos FROM tbl_palabra WHERE int_dificultad = 2; Sat Nov 15 18:23:25 VET 2014]]></LOG><LOG TP='BD'><![CDATA[15/11/2014 -> SELECT * FROM usuarios WHERE tx_login='josew' and clave='1234'; Sat Nov 15 18:24:16 VET 2014]]></LOG><LOG TP='BD'><![CDATA[15/11/2014 -> SELECT * FROM usuarios WHERE tx_login='josew' and clave='1234'; Sat Nov 15 18:24:16 VET 2014]]></LOG><LOG TP='BD'><![CDATA[15/11/2014 -> SELECT * FROM usuarios WHERE tx_login='josew' and clave='1234'; Sat Nov 15 18:24:16 VET 2014]]></LOG><LOG TP='BD'><![CDATA[15/11/2014 -> SELECT * FROM tbl_estatus WHERE id_estatus='1'; Sat Nov 15 18:24:16 VET 2014]]></LOG><LOG TP='BD'><![CDATA[15/11/2014 -> SELECT * FROM usuarios WHERE tx_login='josew' and clave='1234'; Sat Nov 15 18:24:16 VET 2014]]></LOG><LOG TP='BD'><![CDATA[15/11/2014 -> SELECT * FROM tbl_rol_usr WHERE nb_rol_usr='Administrador'; Sat Nov 15 18:24:16 VET 2014]]></LOG><LOG TP='BD'><![CDATA[15/11/2014 -> SELECT * FROM tbl_rol_usr WHERE nb_rol_usr='Estudiante'; Sat Nov 15 18:24:16 VET 2014]]></LOG><LOG TP='BD'><![CDATA[15/11/2014 -> SELECT * FROM tbl_rol_usr WHERE nb_rol_usr='Maestro'; Sat Nov 15 18:24:16 VET 2014]]></LOG><LOG TP='BD'><![CDATA[15/11/2014 -> SELECT * FROM tbl_rol_usr WHERE nb_rol_usr='Administrador'; Sat Nov 15 18:24:16 VET 2014]]></LOG><LOG TP='BD'><![CDATA[15/11/2014 -> SELECT * FROM tbl_rol_usr WHERE nb_rol_usr='Estudiante'; Sat Nov 15 18:24:16 VET 2014]]></LOG><LOG TP='BD'><![CDATA[15/11/2014 -> SELECT * FROM tbl_rol_usr WHERE nb_rol_usr='Maestro'; Sat Nov 15 18:24:16 VET 2014]]></LOG><LOG TP='BD'><![CDATA[15/11/2014 -> SELECT * FROM tbl_estatus WHERE id_estatus='3'; Sat Nov 15 18:24:16 VET 2014]]></LOG><LOG TP='BD'><![CDATA[15/11/2014 -> SELECT * FROM tbl_estatus WHERE id_estatus='3'; Sat Nov 15 18:24:16 VET 2014]]></LOG><LOG TP='BD'><![CDATA[15/11/2014 -> SELECT * FROM tbl_estatus WHERE id_estatus='3'; Sat Nov 15 18:24:16 VET 2014]]></LOG><LOG TP='BD'><![CDATA[15/11/2014 -> SELECT tx_palabra, int_puntos FROM tbl_palabra WHERE int_dificultad = 2; Sat Nov 15 18:24:29 VET 2014]]></LOG><LOG TP='BD'><![CDATA[15/11/2014 -> SELECT * FROM usuarios WHERE tx_login='josew' and clave='1234'; Sat Nov 15 18:26:07 VET 2014]]></LOG><LOG TP='BD'><![CDATA[15/11/2014 -> SELECT * FROM usuarios WHERE tx_login='josew' and clave='1234'; Sat Nov 15 18:26:07 VET 2014]]></LOG><LOG TP='BD'><![CDATA[15/11/2014 -> SELECT * FROM usuarios WHERE tx_login='josew' and clave='1234'; Sat Nov 15 18:26:07 VET 2014]]></LOG><LOG TP='BD'><![CDATA[15/11/2014 -> SELECT * FROM tbl_estatus WHERE id_estatus='1'; Sat Nov 15 18:26:07 VET 2014]]></LOG><LOG TP='BD'><![CDATA[15/11/2014 -> SELECT * FROM usuarios WHERE tx_login='josew' and clave='1234'; Sat Nov 15 18:26:07 VET 2014]]></LOG><LOG TP='BD'><![CDATA[15/11/2014 -> SELECT * FROM tbl_rol_usr WHERE nb_rol_usr='Administrador'; Sat Nov 15 18:26:07 VET 2014]]></LOG><LOG TP='BD'><![CDATA[15/11/2014 -> SELECT * FROM tbl_rol_usr WHERE nb_rol_usr='Estudiante'; Sat Nov 15 18:26:07 VET 2014]]></LOG><LOG TP='BD'><![CDATA[15/11/2014 -> SELECT * FROM tbl_rol_usr WHERE nb_rol_usr='Maestro'; Sat Nov 15 18:26:07 VET 2014]]></LOG><LOG TP='BD'><![CDATA[15/11/2014 -> SELECT * FROM tbl_rol_usr WHERE nb_rol_usr='Administrador'; Sat Nov 15 18:26:07 VET 2014]]></LOG><LOG TP='BD'><![CDATA[15/11/2014 -> SELECT * FROM tbl_rol_usr WHERE nb_rol_usr='Estudiante'; Sat Nov 15 18:26:07 VET 2014]]></LOG><LOG TP='BD'><![CDATA[15/11/2014 -> SELECT * FROM tbl_rol_usr WHERE nb_rol_usr='Maestro'; Sat Nov 15 18:26:07 VET 2014]]></LOG><LOG TP='BD'><![CDATA[15/11/2014 -> SELECT * FROM tbl_estatus WHERE id_estatus='3'; Sat Nov 15 18:26:07 VET 2014]]></LOG><LOG TP='BD'><![CDATA[15/11/2014 -> SELECT * FROM tbl_estatus WHERE id_estatus='3'; Sat Nov 15 18:26:07 VET 2014]]></LOG><LOG TP='BD'><![CDATA[15/11/2014 -> SELECT * FROM tbl_estatus WHERE id_estatus='3'; Sat Nov 15 18:26:07 VET 2014]]></LOG><LOG TP='BD'><![CDATA[15/11/2014 -> SELECT tx_palabra, int_puntos FROM tbl_palabra WHERE int_dificultad = 2; Sat Nov 15 18:26:18 VET 2014]]></LOG><LOG TP='BD'><![CDATA[15/11/2014 -> SELECT * FROM usuarios WHERE tx_login='josew' and clave='1234'; Sat Nov 15 18:29:25 VET 2014]]></LOG><LOG TP='BD'><![CDATA[15/11/2014 -> SELECT * FROM usuarios WHERE tx_login='josew' and clave='1234'; Sat Nov 15 18:29:25 VET 2014]]></LOG><LOG TP='BD'><![CDATA[15/11/2014 -> SELECT * FROM usuarios WHERE tx_login='josew' and clave='1234'; Sat Nov 15 18:29:25 VET 2014]]></LOG><LOG TP='BD'><![CDATA[15/11/2014 -> SELECT * FROM tbl_estatus WHERE id_estatus='1'; Sat Nov 15 18:29:25 VET 2014]]></LOG><LOG TP='BD'><![CDATA[15/11/2014 -> SELECT * FROM usuarios WHERE tx_login='josew' and clave='1234'; Sat Nov 15 18:29:25 VET 2014]]></LOG><LOG TP='BD'><![CDATA[15/11/2014 -> SELECT * FROM tbl_rol_usr WHERE nb_rol_usr='Administrador'; Sat Nov 15 18:29:25 VET 2014]]></LOG><LOG TP='BD'><![CDATA[15/11/2014 -> SELECT * FROM tbl_rol_usr WHERE nb_rol_usr='Estudiante'; Sat Nov 15 18:29:25 VET 2014]]></LOG><LOG TP='BD'><![CDATA[15/11/2014 -> SELECT * FROM tbl_rol_usr WHERE nb_rol_usr='Maestro'; Sat Nov 15 18:29:25 VET 2014]]></LOG><LOG TP='BD'><![CDATA[15/11/2014 -> SELECT * FROM tbl_rol_usr WHERE nb_rol_usr='Administrador'; Sat Nov 15 18:29:25 VET 2014]]></LOG><LOG TP='BD'><![CDATA[15/11/2014 -> SELECT * FROM tbl_rol_usr WHERE nb_rol_usr='Estudiante'; Sat Nov 15 18:29:25 VET 2014]]></LOG><LOG TP='BD'><![CDATA[15/11/2014 -> SELECT * FROM tbl_rol_usr WHERE nb_rol_usr='Maestro'; Sat Nov 15 18:29:25 VET 2014]]></LOG><LOG TP='BD'><![CDATA[15/11/2014 -> SELECT * FROM tbl_estatus WHERE id_estatus='3'; Sat Nov 15 18:29:25 VET 2014]]></LOG><LOG TP='BD'><![CDATA[15/11/2014 -> SELECT * FROM tbl_estatus WHERE id_estatus='3'; Sat Nov 15 18:29:25 VET 2014]]></LOG><LOG TP='BD'><![CDATA[15/11/2014 -> SELECT * FROM tbl_estatus WHERE id_estatus='3'; Sat Nov 15 18:29:25 VET 2014]]></LOG><LOG TP='BD'><![CDATA[15/11/2014 -> SELECT tx_palabra, int_puntos FROM tbl_palabra WHERE int_dificultad = 2; Sat Nov 15 18:29:36 VET 2014]]></LOG><LOG TP='BD'><![CDATA[15/11/2014 -> SELECT * FROM usuarios WHERE tx_login='josew' and clave='1234'; Sat Nov 15 18:31:00 VET 2014]]></LOG><LOG TP='BD'><![CDATA[15/11/2014 -> SELECT * FROM usuarios WHERE tx_login='josew' and clave='1234'; Sat Nov 15 18:31:00 VET 2014]]></LOG><LOG TP='BD'><![CDATA[15/11/2014 -> SELECT * FROM usuarios WHERE tx_login='josew' and clave='1234'; Sat Nov 15 18:31:00 VET 2014]]></LOG><LOG TP='BD'><![CDATA[15/11/2014 -> SELECT * FROM tbl_estatus WHERE id_estatus='1'; Sat Nov 15 18:31:00 VET 2014]]></LOG><LOG TP='BD'><![CDATA[15/11/2014 -> SELECT * FROM usuarios WHERE tx_login='josew' and clave='1234'; Sat Nov 15 18:31:00 VET 2014]]></LOG><LOG TP='BD'><![CDATA[15/11/2014 -> SELECT * FROM tbl_rol_usr WHERE nb_rol_usr='Administrador'; Sat Nov 15 18:31:00 VET 2014]]></LOG><LOG TP='BD'><![CDATA[15/11/2014 -> SELECT * FROM tbl_rol_usr WHERE nb_rol_usr='Estudiante'; Sat Nov 15 18:31:00 VET 2014]]></LOG><LOG TP='BD'><![CDATA[15/11/2014 -> SELECT * FROM tbl_rol_usr WHERE nb_rol_usr='Maestro'; Sat Nov 15 18:31:00 VET 2014]]></LOG><LOG TP='BD'><![CDATA[15/11/2014 -> SELECT * FROM tbl_rol_usr WHERE nb_rol_usr='Administrador'; Sat Nov 15 18:31:00 VET 2014]]></LOG><LOG TP='BD'><![CDATA[15/11/2014 -> SELECT * FROM tbl_rol_usr WHERE nb_rol_usr='Estudiante'; Sat Nov 15 18:31:00 VET 2014]]></LOG><LOG TP='BD'><![CDATA[15/11/2014 -> SELECT * FROM tbl_rol_usr WHERE nb_rol_usr='Maestro'; Sat Nov 15 18:31:00 VET 2014]]></LOG><LOG TP='BD'><![CDATA[15/11/2014 -> SELECT * FROM tbl_estatus WHERE id_estatus='3'; Sat Nov 15 18:31:00 VET 2014]]></LOG><LOG TP='BD'><![CDATA[15/11/2014 -> SELECT * FROM tbl_estatus WHERE id_estatus='3'; Sat Nov 15 18:31:00 VET 2014]]></LOG><LOG TP='BD'><![CDATA[15/11/2014 -> SELECT * FROM tbl_estatus WHERE id_estatus='3'; Sat Nov 15 18:31:00 VET 2014]]></LOG><LOG TP='BD'><![CDATA[15/11/2014 -> SELECT tx_palabra, int_puntos FROM tbl_palabra WHERE int_dificultad = 2; Sat Nov 15 18:31:24 VET 2014]]></LOG><LOG TP='BD'><![CDATA[15/11/2014 -> SELECT * FROM usuarios WHERE tx_login='josew' and clave='1234'; Sat Nov 15 18:33:48 VET 2014]]></LOG><LOG TP='BD'><![CDATA[15/11/2014 -> SELECT * FROM usuarios WHERE tx_login='josew' and clave='1234'; Sat Nov 15 18:33:48 VET 2014]]></LOG><LOG TP='BD'><![CDATA[15/11/2014 -> SELECT * FROM usuarios WHERE tx_login='josew' and clave='1234'; Sat Nov 15 18:33:48 VET 2014]]></LOG><LOG TP='BD'><![CDATA[15/11/2014 -> SELECT * FROM tbl_estatus WHERE id_estatus='1'; Sat Nov 15 18:33:48 VET 2014]]></LOG><LOG TP='BD'><![CDATA[15/11/2014 -> SELECT * FROM usuarios WHERE tx_login='josew' and clave='1234'; Sat Nov 15 18:33:48 VET 2014]]></LOG><LOG TP='BD'><![CDATA[15/11/2014 -> SELECT * FROM tbl_rol_usr WHERE nb_rol_usr='Administrador'; Sat Nov 15 18:33:48 VET 2014]]></LOG><LOG TP='BD'><![CDATA[15/11/2014 -> SELECT * FROM tbl_rol_usr WHERE nb_rol_usr='Estudiante'; Sat Nov 15 18:33:48 VET 2014]]></LOG><LOG TP='BD'><![CDATA[15/11/2014 -> SELECT * FROM tbl_rol_usr WHERE nb_rol_usr='Maestro'; Sat Nov 15 18:33:48 VET 2014]]></LOG><LOG TP='BD'><![CDATA[15/11/2014 -> SELECT * FROM tbl_rol_usr WHERE nb_rol_usr='Administrador'; Sat Nov 15 18:33:48 VET 2014]]></LOG><LOG TP='BD'><![CDATA[15/11/2014 -> SELECT * FROM tbl_rol_usr WHERE nb_rol_usr='Estudiante'; Sat Nov 15 18:33:48 VET 2014]]></LOG><LOG TP='BD'><![CDATA[15/11/2014 -> SELECT * FROM tbl_rol_usr WHERE nb_rol_usr='Maestro'; Sat Nov 15 18:33:48 VET 2014]]></LOG><LOG TP='BD'><![CDATA[15/11/2014 -> SELECT * FROM tbl_estatus WHERE id_estatus='3'; Sat Nov 15 18:33:48 VET 2014]]></LOG><LOG TP='BD'><![CDATA[15/11/2014 -> SELECT * FROM tbl_estatus WHERE id_estatus='3'; Sat Nov 15 18:33:48 VET 2014]]></LOG><LOG TP='BD'><![CDATA[15/11/2014 -> SELECT * FROM tbl_estatus WHERE id_estatus='3'; Sat Nov 15 18:33:48 VET 2014]]></LOG><LOG TP='BD'><![CDATA[15/11/2014 -> SELECT tx_palabra, int_puntos FROM tbl_palabra WHERE int_dificultad = 2; Sat Nov 15 18:34:09 VET 2014]]></LOG><LOG TP='BD'><![CDATA[15/11/2014 -> SELECT * FROM usuarios WHERE tx_login='josew' and clave='1234'; Sat Nov 15 18:34:53 VET 2014]]></LOG><LOG TP='BD'><![CDATA[15/11/2014 -> SELECT * FROM usuarios WHERE tx_login='josew' and clave='1234'; Sat Nov 15 18:34:53 VET 2014]]></LOG><LOG TP='BD'><![CDATA[15/11/2014 -> SELECT * FROM usuarios WHERE tx_login='josew' and clave='1234'; Sat Nov 15 18:34:53 VET 2014]]></LOG><LOG TP='BD'><![CDATA[15/11/2014 -> SELECT * FROM tbl_estatus WHERE id_estatus='1'; Sat Nov 15 18:34:53 VET 2014]]></LOG><LOG TP='BD'><![CDATA[15/11/2014 -> SELECT * FROM usuarios WHERE tx_login='josew' and clave='1234'; Sat Nov 15 18:34:53 VET 2014]]></LOG><LOG TP='BD'><![CDATA[15/11/2014 -> SELECT * FROM tbl_rol_usr WHERE nb_rol_usr='Administrador'; Sat Nov 15 18:34:53 VET 2014]]></LOG><LOG TP='BD'><![CDATA[15/11/2014 -> SELECT * FROM tbl_rol_usr WHERE nb_rol_usr='Estudiante'; Sat Nov 15 18:34:53 VET 2014]]></LOG><LOG TP='BD'><![CDATA[15/11/2014 -> SELECT * FROM tbl_rol_usr WHERE nb_rol_usr='Maestro'; Sat Nov 15 18:34:53 VET 2014]]></LOG><LOG TP='BD'><![CDATA[15/11/2014 -> SELECT * FROM tbl_rol_usr WHERE nb_rol_usr='Administrador'; Sat Nov 15 18:34:53 VET 2014]]></LOG><LOG TP='BD'><![CDATA[15/11/2014 -> SELECT * FROM tbl_rol_usr WHERE nb_rol_usr='Estudiante'; Sat Nov 15 18:34:53 VET 2014]]></LOG><LOG TP='BD'><![CDATA[15/11/2014 -> SELECT * FROM tbl_rol_usr WHERE nb_rol_usr='Maestro'; Sat Nov 15 18:34:53 VET 2014]]></LOG><LOG TP='BD'><![CDATA[15/11/2014 -> SELECT * FROM tbl_estatus WHERE id_estatus='3'; Sat Nov 15 18:34:53 VET 2014]]></LOG><LOG TP='BD'><![CDATA[15/11/2014 -> SELECT * FROM tbl_estatus WHERE id_estatus='3'; Sat Nov 15 18:34:53 VET 2014]]></LOG><LOG TP='BD'><![CDATA[15/11/2014 -> SELECT * FROM tbl_estatus WHERE id_estatus='3'; Sat Nov 15 18:34:53 VET 2014]]></LOG><LOG TP='BD'><![CDATA[15/11/2014 -> SELECT tx_palabra, int_puntos FROM tbl_palabra WHERE int_dificultad = 2; Sat Nov 15 18:35:02 VET 2014]]></LOG><LOG TP='BD'><![CDATA[15/11/2014 -> SELECT * FROM usuarios WHERE tx_login='josew' and clave='1234'; Sat Nov 15 18:37:46 VET 2014]]></LOG><LOG TP='BD'><![CDATA[15/11/2014 -> SELECT * FROM usuarios WHERE tx_login='josew' and clave='1234'; Sat Nov 15 18:37:46 VET 2014]]></LOG><LOG TP='BD'><![CDATA[15/11/2014 -> SELECT * FROM usuarios WHERE tx_login='josew' and clave='1234'; Sat Nov 15 18:37:46 VET 2014]]></LOG><LOG TP='BD'><![CDATA[15/11/2014 -> SELECT * FROM tbl_estatus WHERE id_estatus='1'; Sat Nov 15 18:37:46 VET 2014]]></LOG><LOG TP='BD'><![CDATA[15/11/2014 -> SELECT * FROM usuarios WHERE tx_login='josew' and clave='1234'; Sat Nov 15 18:37:46 VET 2014]]></LOG><LOG TP='BD'><![CDATA[15/11/2014 -> SELECT * FROM tbl_rol_usr WHERE nb_rol_usr='Administrador'; Sat Nov 15 18:37:46 VET 2014]]></LOG><LOG TP='BD'><![CDATA[15/11/2014 -> SELECT * FROM tbl_rol_usr WHERE nb_rol_usr='Estudiante'; Sat Nov 15 18:37:46 VET 2014]]></LOG><LOG TP='BD'><![CDATA[15/11/2014 -> SELECT * FROM tbl_rol_usr WHERE nb_rol_usr='Maestro'; Sat Nov 15 18:37:46 VET 2014]]></LOG><LOG TP='BD'><![CDATA[15/11/2014 -> SELECT * FROM tbl_rol_usr WHERE nb_rol_usr='Administrador'; Sat Nov 15 18:37:46 VET 2014]]></LOG><LOG TP='BD'><![CDATA[15/11/2014 -> SELECT * FROM tbl_rol_usr WHERE nb_rol_usr='Estudiante'; Sat Nov 15 18:37:46 VET 2014]]></LOG><LOG TP='BD'><![CDATA[15/11/2014 -> SELECT * FROM tbl_rol_usr WHERE nb_rol_usr='Maestro'; Sat Nov 15 18:37:46 VET 2014]]></LOG><LOG TP='BD'><![CDATA[15/11/2014 -> SELECT * FROM tbl_estatus WHERE id_estatus='3'; Sat Nov 15 18:37:46 VET 2014]]></LOG><LOG TP='BD'><![CDATA[15/11/2014 -> SELECT * FROM tbl_estatus WHERE id_estatus='3'; Sat Nov 15 18:37:46 VET 2014]]></LOG><LOG TP='BD'><![CDATA[15/11/2014 -> SELECT * FROM tbl_estatus WHERE id_estatus='3'; Sat Nov 15 18:37:46 VET 2014]]></LOG><LOG TP='BD'><![CDATA[15/11/2014 -> SELECT tx_palabra, int_puntos FROM tbl_palabra WHERE int_dificultad = 2; Sat Nov 15 18:37:59 VET 2014]]></LOG><LOG TP='BD'><![CDATA[15/11/2014 -> SELECT * FROM usuarios WHERE tx_login='josew' and clave='1234'; Sat Nov 15 18:38:44 VET 2014]]></LOG><LOG TP='BD'><![CDATA[15/11/2014 -> SELECT * FROM usuarios WHERE tx_login='josew' and clave='1234'; Sat Nov 15 18:38:44 VET 2014]]></LOG><LOG TP='BD'><![CDATA[15/11/2014 -> SELECT * FROM usuarios WHERE tx_login='josew' and clave='1234'; Sat Nov 15 18:38:44 VET 2014]]></LOG><LOG TP='BD'><![CDATA[15/11/2014 -> SELECT * FROM tbl_estatus WHERE id_estatus='1'; Sat Nov 15 18:38:44 VET 2014]]></LOG><LOG TP='BD'><![CDATA[15/11/2014 -> SELECT * FROM usuarios WHERE tx_login='josew' and clave='1234'; Sat Nov 15 18:38:44 VET 2014]]></LOG><LOG TP='BD'><![CDATA[15/11/2014 -> SELECT * FROM tbl_rol_usr WHERE nb_rol_usr='Administrador'; Sat Nov 15 18:38:44 VET 2014]]></LOG><LOG TP='BD'><![CDATA[15/11/2014 -> SELECT * FROM tbl_rol_usr WHERE nb_rol_usr='Estudiante'; Sat Nov 15 18:38:44 VET 2014]]></LOG><LOG TP='BD'><![CDATA[15/11/2014 -> SELECT * FROM tbl_rol_usr WHERE nb_rol_usr='Maestro'; Sat Nov 15 18:38:44 VET 2014]]></LOG><LOG TP='BD'><![CDATA[15/11/2014 -> SELECT * FROM tbl_rol_usr WHERE nb_rol_usr='Administrador'; Sat Nov 15 18:38:44 VET 2014]]></LOG><LOG TP='BD'><![CDATA[15/11/2014 -> SELECT * FROM tbl_rol_usr WHERE nb_rol_usr='Estudiante'; Sat Nov 15 18:38:44 VET 2014]]></LOG><LOG TP='BD'><![CDATA[15/11/2014 -> SELECT * FROM tbl_rol_usr WHERE nb_rol_usr='Maestro'; Sat Nov 15 18:38:44 VET 2014]]></LOG><LOG TP='BD'><![CDATA[15/11/2014 -> SELECT * FROM tbl_estatus WHERE id_estatus='3'; Sat Nov 15 18:38:44 VET 2014]]></LOG><LOG TP='BD'><![CDATA[15/11/2014 -> SELECT * FROM tbl_estatus WHERE id_estatus='3'; Sat Nov 15 18:38:44 VET 2014]]></LOG><LOG TP='BD'><![CDATA[15/11/2014 -> SELECT * FROM tbl_estatus WHERE id_estatus='3'; Sat Nov 15 18:38:44 VET 2014]]></LOG><LOG TP='BD'><![CDATA[15/11/2014 -> SELECT tx_palabra, int_puntos FROM tbl_palabra WHERE int_dificultad = 2; Sat Nov 15 18:38:54 VET 2014]]></LOG><LOG TP='BD'><![CDATA[15/11/2014 -> SELECT * FROM usuarios WHERE tx_login='juanw' and clave='1234'; Sat Nov 15 19:33:43 VET 2014]]></LOG><LOG TP='BD'><![CDATA[15/11/2014 -> SELECT * FROM usuarios WHERE tx_login='josew' and clave='1234'; Sat Nov 15 19:33:43 VET 2014]]></LOG><LOG TP='BD'><![CDATA[15/11/2014 -> SELECT * FROM usuarios WHERE tx_login='josew' and clave='1234'; Sat Nov 15 19:33:43 VET 2014]]></LOG><LOG TP='BD'><![CDATA[15/11/2014 -> SELECT * FROM usuarios WHERE tx_login='josew' and clave='1234'; Sat Nov 15 19:33:43 VET 2014]]></LOG><LOG TP='BD'><![CDATA[15/11/2014 -> SELECT * FROM tbl_estatus WHERE id_estatus='1'; Sat Nov 15 19:33:43 VET 2014]]></LOG><LOG TP='BD'><![CDATA[15/11/2014 -> SELECT * FROM usuarios WHERE tx_login='josew' and clave='1234'; Sat Nov 15 19:33:43 VET 2014]]></LOG><LOG TP='BD'><![CDATA[15/11/2014 -> SELECT * FROM tbl_rol_usr WHERE nb_rol_usr='Administrador'; Sat Nov 15 19:33:43 VET 2014]]></LOG><LOG TP='BD'><![CDATA[15/11/2014 -> SELECT * FROM tbl_rol_usr WHERE nb_rol_usr='Estudiante'; Sat Nov 15 19:33:43 VET 2014]]></LOG><LOG TP='BD'><![CDATA[15/11/2014 -> SELECT * FROM tbl_rol_usr WHERE nb_rol_usr='Maestro'; Sat Nov 15 19:33:43 VET 2014]]></LOG><LOG TP='BD'><![CDATA[15/11/2014 -> SELECT * FROM tbl_rol_usr WHERE nb_rol_usr='Administrador'; Sat Nov 15 19:33:43 VET 2014]]></LOG><LOG TP='BD'><![CDATA[15/11/2014 -> SELECT * FROM tbl_rol_usr WHERE nb_rol_usr='Estudiante'; Sat Nov 15 19:33:43 VET 2014]]></LOG><LOG TP='BD'><![CDATA[15/11/2014 -> SELECT * FROM tbl_rol_usr WHERE nb_rol_usr='Maestro'; Sat Nov 15 19:33:43 VET 2014]]></LOG><LOG TP='BD'><![CDATA[15/11/2014 -> SELECT * FROM tbl_estatus WHERE id_estatus='3'; Sat Nov 15 19:33:43 VET 2014]]></LOG><LOG TP='BD'><![CDATA[15/11/2014 -> SELECT * FROM tbl_estatus WHERE id_estatus='3'; Sat Nov 15 19:33:43 VET 2014]]></LOG><LOG TP='BD'><![CDATA[15/11/2014 -> SELECT * FROM tbl_estatus WHERE id_estatus='3'; Sat Nov 15 19:33:43 VET 2014]]></LOG><LOG TP='BD'><![CDATA[15/11/2014 -> SELECT tx_palabra, int_puntos FROM tbl_palabra WHERE int_dificultad = 2; Sat Nov 15 19:34:09 VET 2014]]></LOG><LOG TP='BD'><![CDATA[15/11/2014 -> SELECT * FROM usuarios WHERE tx_login='josew' and clave='1234'; Sat Nov 15 19:37:55 VET 2014]]></LOG><LOG TP='BD'><![CDATA[15/11/2014 -> SELECT * FROM usuarios WHERE tx_login='josew' and clave='1234'; Sat Nov 15 19:37:55 VET 2014]]></LOG><LOG TP='BD'><![CDATA[15/11/2014 -> SELECT * FROM usuarios WHERE tx_login='josew' and clave='1234'; Sat Nov 15 19:37:55 VET 2014]]></LOG><LOG TP='BD'><![CDATA[15/11/2014 -> SELECT * FROM tbl_estatus WHERE id_estatus='1'; Sat Nov 15 19:37:55 VET 2014]]></LOG><LOG TP='BD'><![CDATA[15/11/2014 -> SELECT * FROM usuarios WHERE tx_login='josew' and clave='1234'; Sat Nov 15 19:37:55 VET 2014]]></LOG><LOG TP='BD'><![CDATA[15/11/2014 -> SELECT * FROM tbl_rol_usr WHERE nb_rol_usr='Administrador'; Sat Nov 15 19:37:55 VET 2014]]></LOG><LOG TP='BD'><![CDATA[15/11/2014 -> SELECT * FROM tbl_rol_usr WHERE nb_rol_usr='Estudiante'; Sat Nov 15 19:37:55 VET 2014]]></LOG><LOG TP='BD'><![CDATA[15/11/2014 -> SELECT * FROM tbl_rol_usr WHERE nb_rol_usr='Maestro'; Sat Nov 15 19:37:55 VET 2014]]></LOG><LOG TP='BD'><![CDATA[15/11/2014 -> SELECT * FROM tbl_rol_usr WHERE nb_rol_usr='Administrador'; Sat Nov 15 19:37:55 VET 2014]]></LOG><LOG TP='BD'><![CDATA[15/11/2014 -> SELECT * FROM tbl_rol_usr WHERE nb_rol_usr='Estudiante'; Sat Nov 15 19:37:55 VET 2014]]></LOG><LOG TP='BD'><![CDATA[15/11/2014 -> SELECT * FROM tbl_rol_usr WHERE nb_rol_usr='Maestro'; Sat Nov 15 19:37:55 VET 2014]]></LOG><LOG TP='BD'><![CDATA[15/11/2014 -> SELECT * FROM tbl_estatus WHERE id_estatus='3'; Sat Nov 15 19:37:55 VET 2014]]></LOG><LOG TP='BD'><![CDATA[15/11/2014 -> SELECT * FROM tbl_estatus WHERE id_estatus='3'; Sat Nov 15 19:37:55 VET 2014]]></LOG><LOG TP='BD'><![CDATA[15/11/2014 -> SELECT * FROM tbl_estatus WHERE id_estatus='3'; Sat Nov 15 19:37:55 VET 2014]]></LOG><LOG TP='BD'><![CDATA[15/11/2014 -> SELECT tx_palabra, int_puntos FROM tbl_palabra WHERE int_dificultad = 2; Sat Nov 15 19:38:09 VET 2014]]></LOG><LOG TP='BD'><![CDATA[15/11/2014 -> SELECT * FROM usuarios WHERE tx_login='josew' and clave='1234'; Sat Nov 15 19:39:42 VET 2014]]></LOG><LOG TP='BD'><![CDATA[15/11/2014 -> SELECT * FROM usuarios WHERE tx_login='josew' and clave='1234'; Sat Nov 15 19:39:42 VET 2014]]></LOG><LOG TP='BD'><![CDATA[15/11/2014 -> SELECT * FROM usuarios WHERE tx_login='josew' and clave='1234'; Sat Nov 15 19:39:42 VET 2014]]></LOG><LOG TP='BD'><![CDATA[15/11/2014 -> SELECT * FROM tbl_estatus WHERE id_estatus='1'; Sat Nov 15 19:39:42 VET 2014]]></LOG><LOG TP='BD'><![CDATA[15/11/2014 -> SELECT * FROM usuarios WHERE tx_login='josew' and clave='1234'; Sat Nov 15 19:39:42 VET 2014]]></LOG><LOG TP='BD'><![CDATA[15/11/2014 -> SELECT * FROM tbl_rol_usr WHERE nb_rol_usr='Administrador'; Sat Nov 15 19:39:42 VET 2014]]></LOG><LOG TP='BD'><![CDATA[15/11/2014 -> SELECT * FROM tbl_rol_usr WHERE nb_rol_usr='Estudiante'; Sat Nov 15 19:39:42 VET 2014]]></LOG><LOG TP='BD'><![CDATA[15/11/2014 -> SELECT * FROM tbl_rol_usr WHERE nb_rol_usr='Maestro'; Sat Nov 15 19:39:42 VET 2014]]></LOG><LOG TP='BD'><![CDATA[15/11/2014 -> SELECT * FROM tbl_rol_usr WHERE nb_rol_usr='Administrador'; Sat Nov 15 19:39:42 VET 2014]]></LOG><LOG TP='BD'><![CDATA[15/11/2014 -> SELECT * FROM tbl_rol_usr WHERE nb_rol_usr='Estudiante'; Sat Nov 15 19:39:42 VET 2014]]></LOG><LOG TP='BD'><![CDATA[15/11/2014 -> SELECT * FROM tbl_rol_usr WHERE nb_rol_usr='Maestro'; Sat Nov 15 19:39:42 VET 2014]]></LOG><LOG TP='BD'><![CDATA[15/11/2014 -> SELECT * FROM tbl_estatus WHERE id_estatus='3'; Sat Nov 15 19:39:42 VET 2014]]></LOG><LOG TP='BD'><![CDATA[15/11/2014 -> SELECT * FROM tbl_estatus WHERE id_estatus='3'; Sat Nov 15 19:39:42 VET 2014]]></LOG><LOG TP='BD'><![CDATA[15/11/2014 -> SELECT * FROM tbl_estatus WHERE id_estatus='3'; Sat Nov 15 19:39:42 VET 2014]]></LOG><LOG TP='BD'><![CDATA[15/11/2014 -> SELECT tx_palabra, int_puntos FROM tbl_palabra WHERE int_dificultad = 2; Sat Nov 15 19:39:55 VET 2014]]></LOG><LOG TP='BD'><![CDATA[15/11/2014 -> SELECT * FROM usuarios WHERE tx_login='josew' and clave='1234'; Sat Nov 15 19:47:16 VET 2014]]></LOG><LOG TP='BD'><![CDATA[15/11/2014 -> SELECT * FROM usuarios WHERE tx_login='josew' and clave='1234'; Sat Nov 15 19:47:16 VET 2014]]></LOG><LOG TP='BD'><![CDATA[15/11/2014 -> SELECT * FROM usuarios WHERE tx_login='josew' and clave='1234'; Sat Nov 15 19:47:16 VET 2014]]></LOG><LOG TP='BD'><![CDATA[15/11/2014 -> SELECT * FROM tbl_estatus WHERE id_estatus='1'; Sat Nov 15 19:47:16 VET 2014]]></LOG><LOG TP='BD'><![CDATA[15/11/2014 -> SELECT * FROM usuarios WHERE tx_login='josew' and clave='1234'; Sat Nov 15 19:47:16 VET 2014]]></LOG><LOG TP='BD'><![CDATA[15/11/2014 -> SELECT * FROM tbl_rol_usr WHERE nb_rol_usr='Administrador'; Sat Nov 15 19:47:16 VET 2014]]></LOG><LOG TP='BD'><![CDATA[15/11/2014 -> SELECT * FROM tbl_rol_usr WHERE nb_rol_usr='Estudiante'; Sat Nov 15 19:47:16 VET 2014]]></LOG><LOG TP='BD'><![CDATA[15/11/2014 -> SELECT * FROM tbl_rol_usr WHERE nb_rol_usr='Maestro'; Sat Nov 15 19:47:16 VET 2014]]></LOG><LOG TP='BD'><![CDATA[15/11/2014 -> SELECT * FROM tbl_rol_usr WHERE nb_rol_usr='Administrador'; Sat Nov 15 19:47:16 VET 2014]]></LOG><LOG TP='BD'><![CDATA[15/11/2014 -> SELECT * FROM tbl_rol_usr WHERE nb_rol_usr='Estudiante'; Sat Nov 15 19:47:16 VET 2014]]></LOG><LOG TP='BD'><![CDATA[15/11/2014 -> SELECT * FROM tbl_rol_usr WHERE nb_rol_usr='Maestro'; Sat Nov 15 19:47:16 VET 2014]]></LOG><LOG TP='BD'><![CDATA[15/11/2014 -> SELECT * FROM tbl_estatus WHERE id_estatus='3'; Sat Nov 15 19:47:16 VET 2014]]></LOG><LOG TP='BD'><![CDATA[15/11/2014 -> SELECT * FROM tbl_estatus WHERE id_estatus='3'; Sat Nov 15 19:47:16 VET 2014]]></LOG><LOG TP='BD'><![CDATA[15/11/2014 -> SELECT * FROM tbl_estatus WHERE id_estatus='3'; Sat Nov 15 19:47:16 VET 2014]]></LOG><LOG TP='BD'><![CDATA[15/11/2014 -> SELECT tx_palabra, int_puntos FROM tbl_palabra WHERE int_dificultad = 2; Sat Nov 15 19:47:26 VET 2014]]></LOG><LOG TP='BD'><![CDATA[15/11/2014 -> SELECT * FROM usuarios WHERE tx_login='josew' and clave='1234'; Sat Nov 15 19:50:43 VET 2014]]></LOG><LOG TP='BD'><![CDATA[15/11/2014 -> SELECT * FROM usuarios WHERE tx_login='josew' and clave='1234'; Sat Nov 15 19:50:43 VET 2014]]></LOG><LOG TP='BD'><![CDATA[15/11/2014 -> SELECT * FROM usuarios WHERE tx_login='josew' and clave='1234'; Sat Nov 15 19:50:43 VET 2014]]></LOG><LOG TP='BD'><![CDATA[15/11/2014 -> SELECT * FROM tbl_estatus WHERE id_estatus='1'; Sat Nov 15 19:50:43 VET 2014]]></LOG><LOG TP='BD'><![CDATA[15/11/2014 -> SELECT * FROM usuarios WHERE tx_login='josew' and clave='1234'; Sat Nov 15 19:50:43 VET 2014]]></LOG><LOG TP='BD'><![CDATA[15/11/2014 -> SELECT * FROM tbl_rol_usr WHERE nb_rol_usr='Administrador'; Sat Nov 15 19:50:43 VET 2014]]></LOG><LOG TP='BD'><![CDATA[15/11/2014 -> SELECT * FROM tbl_rol_usr WHERE nb_rol_usr='Estudiante'; Sat Nov 15 19:50:43 VET 2014]]></LOG><LOG TP='BD'><![CDATA[15/11/2014 -> SELECT * FROM tbl_rol_usr WHERE nb_rol_usr='Maestro'; Sat Nov 15 19:50:43 VET 2014]]></LOG><LOG TP='BD'><![CDATA[15/11/2014 -> SELECT * FROM tbl_rol_usr WHERE nb_rol_usr='Administrador'; Sat Nov 15 19:50:43 VET 2014]]></LOG><LOG TP='BD'><![CDATA[15/11/2014 -> SELECT * FROM tbl_rol_usr WHERE nb_rol_usr='Estudiante'; Sat Nov 15 19:50:43 VET 2014]]></LOG><LOG TP='BD'><![CDATA[15/11/2014 -> SELECT * FROM tbl_rol_usr WHERE nb_rol_usr='Maestro'; Sat Nov 15 19:50:43 VET 2014]]></LOG><LOG TP='BD'><![CDATA[15/11/2014 -> SELECT * FROM tbl_estatus WHERE id_estatus='3'; Sat Nov 15 19:50:43 VET 2014]]></LOG><LOG TP='BD'><![CDATA[15/11/2014 -> SELECT * FROM tbl_estatus WHERE id_estatus='3'; Sat Nov 15 19:50:43 VET 2014]]></LOG><LOG TP='BD'><![CDATA[15/11/2014 -> SELECT * FROM tbl_estatus WHERE id_estatus='3'; Sat Nov 15 19:50:43 VET 2014]]></LOG><LOG TP='BD'><![CDATA[15/11/2014 -> SELECT tx_palabra, int_puntos FROM tbl_palabra WHERE int_dificultad = 3; Sat Nov 15 19:50:53 VET 2014]]></LOG><LOG TP='BD'><![CDATA[15/11/2014 -> SELECT tx_palabra, int_puntos FROM tbl_palabra WHERE int_dificultad = 2; Sat Nov 15 19:52:33 VET 2014]]></LOG><LOG TP='BD'><![CDATA[15/11/2014 -> SELECT tx_palabra, int_puntos FROM tbl_palabra WHERE int_dificultad = 1; Sat Nov 15 19:53:03 VET 2014]]></LOG><LOG TP='BD'><![CDATA[15/11/2014 -> SELECT * FROM usuarios WHERE tx_login='josew' and clave='1234'; Sat Nov 15 20:07:32 VET 2014]]></LOG><LOG TP='BD'><![CDATA[15/11/2014 -> SELECT * FROM usuarios WHERE tx_login='josew' and clave='1234'; Sat Nov 15 20:07:32 VET 2014]]></LOG><LOG TP='BD'><![CDATA[15/11/2014 -> SELECT * FROM usuarios WHERE tx_login='josew' and clave='1234'; Sat Nov 15 20:07:32 VET 2014]]></LOG><LOG TP='BD'><![CDATA[15/11/2014 -> SELECT * FROM tbl_estatus WHERE id_estatus='1'; Sat Nov 15 20:07:32 VET 2014]]></LOG><LOG TP='BD'><![CDATA[15/11/2014 -> SELECT * FROM usuarios WHERE tx_login='josew' and clave='1234'; Sat Nov 15 20:07:32 VET 2014]]></LOG><LOG TP='BD'><![CDATA[15/11/2014 -> SELECT * FROM tbl_rol_usr WHERE nb_rol_usr='Administrador'; Sat Nov 15 20:07:32 VET 2014]]></LOG><LOG TP='BD'><![CDATA[15/11/2014 -> SELECT * FROM tbl_rol_usr WHERE nb_rol_usr='Estudiante'; Sat Nov 15 20:07:32 VET 2014]]></LOG><LOG TP='BD'><![CDATA[15/11/2014 -> SELECT * FROM tbl_rol_usr WHERE nb_rol_usr='Maestro'; Sat Nov 15 20:07:32 VET 2014]]></LOG><LOG TP='BD'><![CDATA[15/11/2014 -> SELECT * FROM tbl_rol_usr WHERE nb_rol_usr='Administrador'; Sat Nov 15 20:07:32 VET 2014]]></LOG><LOG TP='BD'><![CDATA[15/11/2014 -> SELECT * FROM tbl_rol_usr WHERE nb_rol_usr='Estudiante'; Sat Nov 15 20:07:32 VET 2014]]></LOG><LOG TP='BD'><![CDATA[15/11/2014 -> SELECT * FROM tbl_rol_usr WHERE nb_rol_usr='Maestro'; Sat Nov 15 20:07:32 VET 2014]]></LOG><LOG TP='BD'><![CDATA[15/11/2014 -> SELECT * FROM tbl_estatus WHERE id_estatus='3'; Sat Nov 15 20:07:32 VET 2014]]></LOG><LOG TP='BD'><![CDATA[15/11/2014 -> SELECT * FROM tbl_estatus WHERE id_estatus='3'; Sat Nov 15 20:07:32 VET 2014]]></LOG><LOG TP='BD'><![CDATA[15/11/2014 -> SELECT * FROM tbl_estatus WHERE id_estatus='3'; Sat Nov 15 20:07:32 VET 2014]]></LOG><LOG TP='BD'><![CDATA[15/11/2014 -> SELECT tx_palabra, int_puntos FROM tbl_palabra WHERE int_dificultad = 3; Sat Nov 15 20:07:47 VET 2014]]></LOG><LOG TP='BD'><![CDATA[15/11/2014 -> SELECT tx_palabra, int_puntos FROM tbl_palabra WHERE int_dificultad = 3; Sat Nov 15 20:08:34 VET 2014]]></LOG>