<LOG TP='BD'><![CDATA[3/11/2014 -> SELECT * FROM usuarios WHERE tx_login='frejolano' and clave='1234'; Mon Nov 03 08:18:06 VET 2014]]></LOG><LOG TP='BD'><![CDATA[3/11/2014 -> SELECT * FROM usuarios WHERE tx_login='frejolano' and clave='1234'; Mon Nov 03 08:18:06 VET 2014]]></LOG><LOG TP='BD'><![CDATA[3/11/2014 -> SELECT * FROM tbl_rol_usr WHERE nb_rol_usr='Administrador'; Mon Nov 03 08:18:06 VET 2014]]></LOG><LOG TP='BD'><![CDATA[3/11/2014 -> SELECT * FROM tbl_rol_usr WHERE nb_rol_usr='Estudiante'; Mon Nov 03 08:18:06 VET 2014]]></LOG><LOG TP='BD'><![CDATA[3/11/2014 -> SELECT * FROM tbl_rol_usr WHERE nb_rol_usr='Maestro'; Mon Nov 03 08:18:06 VET 2014]]></LOG><LOG TP='BD'><![CDATA[3/11/2014 -> SELECT * FROM tbl_rol_usr WHERE id_rol_usr=1; Mon Nov 03 08:18:06 VET 2014]]></LOG><LOG TP='BD'><![CDATA[3/11/2014 -> SELECT * FROM usuarios WHERE cedula='11800120'; Mon Nov 03 08:18:06 VET 2014]]></LOG><LOG TP='BD'><![CDATA[3/11/2014 -> SELECT * FROM usuarios WHERE cedula='11800120'; Mon Nov 03 08:18:06 VET 2014]]></LOG><LOG TP='BD'><![CDATA[3/11/2014 -> SELECT * FROM usuarios WHERE cedula='11800120'; Mon Nov 03 08:18:06 VET 2014]]></LOG><LOG TP='BD'><![CDATA[3/11/2014 -> SELECT * FROM usuarios WHERE cedula='11800120'; Mon Nov 03 08:18:06 VET 2014]]></LOG><LOG TP='BD'><![CDATA[3/11/2014 -> SELECT * FROM usuarios WHERE cedula='11800120'; Mon Nov 03 08:18:06 VET 2014]]></LOG><LOG TP='BD'><![CDATA[3/11/2014 -> SELECT * FROM usuarios WHERE cedula='11800120'; Mon Nov 03 08:18:06 VET 2014]]></LOG><LOG TP='BD'><![CDATA[3/11/2014 -> SELECT * FROM usuarios WHERE cedula='11800120'; Mon Nov 03 08:18:06 VET 2014]]></LOG><LOG TP='BD'><![CDATA[3/11/2014 -> SELECT * FROM tbl_ciudad WHERE id_ciudad=1; Mon Nov 03 08:18:06 VET 2014]]></LOG><LOG TP='BD'><![CDATA[3/11/2014 -> SELECT * FROM tbl_municipio WHERE id_municipio=1; Mon Nov 03 08:18:06 VET 2014]]></LOG><LOG TP='BD'><![CDATA[3/11/2014 -> SELECT nb_estado FROM tbl_estado WHERE id_estado=1; Mon Nov 03 08:18:06 VET 2014]]></LOG><LOG TP='BD'><![CDATA[3/11/2014 -> SELECT id_estado FROM tbl_estado WHERE nb_estado='Amazonas'; Mon Nov 03 08:18:06 VET 2014]]></LOG><LOG TP='BD'><![CDATA[3/11/2014 -> SELECT id_estado FROM tbl_estado WHERE nb_estado='Amazonas'; Mon Nov 03 08:18:06 VET 2014]]></LOG><LOG TP='BD'><![CDATA[3/11/2014 -> SELECT * FROM tbl_municipio WHERE id_municipio=1; Mon Nov 03 08:18:06 VET 2014]]></LOG><LOG TP='BD'><![CDATA[3/11/2014 -> SELECT id_municipio FROM tbl_municipio WHERE nb_municipio='Atures'; Mon Nov 03 08:18:06 VET 2014]]></LOG><LOG TP='BD'><![CDATA[3/11/2014 -> SELECT id_municipio FROM tbl_municipio WHERE nb_municipio='Atures'; Mon Nov 03 08:18:06 VET 2014]]></LOG><LOG TP='BD'><![CDATA[3/11/2014 -> SELECT * FROM tbl_ciudad WHERE id_ciudad=1; Mon Nov 03 08:18:06 VET 2014]]></LOG><LOG TP='BD'><![CDATA[3/11/2014 -> SELECT * FROM usuarios WHERE cedula='11800120'; Mon Nov 03 08:18:06 VET 2014]]></LOG><LOG TP='BD'><![CDATA[3/11/2014 -> SELECT * FROM usuarios WHERE cedula='11800120'; Mon Nov 03 08:18:06 VET 2014]]></LOG><LOG TP='BD'><![CDATA[3/11/2014 -> SELECT * FROM usuarios WHERE cedula='11800120'; Mon Nov 03 08:18:06 VET 2014]]></LOG><LOG TP='BD'><![CDATA[3/11/2014 -> SELECT * FROM tbl_rol_usr WHERE id_rol_usr='1'; Mon Nov 03 08:18:06 VET 2014]]></LOG><LOG TP='BD'><![CDATA[3/11/2014 -> SELECT id_estado FROM tbl_estado WHERE nb_estado='Falcón'; Mon Nov 03 08:18:06 VET 2014]]></LOG><LOG TP='BD'><![CDATA[3/11/2014 -> SELECT id_estado FROM tbl_estado WHERE nb_estado='Falcón'; Mon Nov 03 08:18:06 VET 2014]]></LOG><LOG TP='BD'><![CDATA[3/11/2014 -> SELECT * FROM usuarios WHERE tx_login='frejolano' and clave='1234'; Mon Nov 03 08:42:43 VET 2014]]></LOG><LOG TP='BD'><![CDATA[3/11/2014 -> SELECT * FROM usuarios WHERE tx_login='frejolano' and clave='1234'; Mon Nov 03 08:42:43 VET 2014]]></LOG><LOG TP='BD'><![CDATA[3/11/2014 -> SELECT * FROM tbl_rol_usr WHERE nb_rol_usr='Administrador'; Mon Nov 03 08:42:43 VET 2014]]></LOG><LOG TP='BD'><![CDATA[3/11/2014 -> SELECT * FROM tbl_rol_usr WHERE nb_rol_usr='Estudiante'; Mon Nov 03 08:42:43 VET 2014]]></LOG><LOG TP='BD'><![CDATA[3/11/2014 -> SELECT * FROM tbl_rol_usr WHERE nb_rol_usr='Maestro'; Mon Nov 03 08:42:43 VET 2014]]></LOG><LOG TP='BD'><![CDATA[3/11/2014 -> SELECT * FROM tbl_rol_usr WHERE id_rol_usr=1; Mon Nov 03 08:42:43 VET 2014]]></LOG><LOG TP='BD'><![CDATA[3/11/2014 -> SELECT * FROM usuarios WHERE cedula='3344'; Mon Nov 03 08:42:43 VET 2014]]></LOG><LOG TP='BD'><![CDATA[3/11/2014 -> SELECT tx_login FROM usuarios WHERE tx_login='frejolano'; Mon Nov 03 08:42:43 VET 2014]]></LOG><LOG TP='BD'><![CDATA[3/11/2014 -> SELECT tx_login FROM usuarios WHERE tx_login=''; Mon Nov 03 08:42:43 VET 2014]]></LOG><LOG TP='BD'><![CDATA[3/11/2014 -> SELECT tx_login FROM usuarios WHERE tx_login='fgh'; Mon Nov 03 08:42:43 VET 2014]]></LOG><LOG TP='BD'><![CDATA[3/11/2014 -> SELECT tx_login FROM usuarios WHERE tx_login='fgh'; Mon Nov 03 08:42:43 VET 2014]]></LOG><LOG TP='BD'><![CDATA[3/11/2014 -> SELECT tx_login FROM usuarios WHERE tx_login='fgh'; Mon Nov 03 08:42:43 VET 2014]]></LOG><LOG TP='BD'><![CDATA[3/11/2014 -> SELECT tx_login FROM usuarios WHERE tx_login='fgh'; Mon Nov 03 08:42:43 VET 2014]]></LOG><LOG TP='BD'><![CDATA[3/11/2014 -> SELECT tx_login FROM usuarios WHERE tx_login='fgh'; Mon Nov 03 08:42:43 VET 2014]]></LOG><LOG TP='BD'><![CDATA[3/11/2014 -> SELECT tx_login FROM usuarios WHERE tx_login='fgh'; Mon Nov 03 08:42:43 VET 2014]]></LOG><LOG TP='BD'><![CDATA[3/11/2014 -> SELECT tx_login FROM usuarios WHERE tx_login='fgh'; Mon Nov 03 08:42:43 VET 2014]]></LOG><LOG TP='BD'><![CDATA[3/11/2014 -> SELECT * FROM tbl_rol_usr WHERE nb_rol_usr='Administrador'; Mon Nov 03 08:42:43 VET 2014]]></LOG><LOG TP='BD'><![CDATA[3/11/2014 -> SELECT * FROM usuarios WHERE id_rol_usr=Administrador; Mon Nov 03 08:42:43 VET 2014ERROR= ERROR: no existe la columna «administrador»
  Position: 41]]></LOG><LOG TP='BD'><![CDATA[3/11/2014 -> INSERT INTO usuarios(clave,tx_login,id_rol_usr,id_seccion) VALUES('12345','fgh',1,); Mon Nov 03 08:42:43 VET 2014ERROR= ERROR: error de sintaxis en o cerca de «)»
  Position: 83]]></LOG><LOG TP='BD'><![CDATA[3/11/2014 -> SELECT tx_login FROM usuarios WHERE tx_login='fgh'; Mon Nov 03 08:42:43 VET 2014]]></LOG><LOG TP='BD'><![CDATA[3/11/2014 -> SELECT tx_login FROM usuarios WHERE tx_login='fgh'; Mon Nov 03 08:42:43 VET 2014]]></LOG><LOG TP='BD'><![CDATA[3/11/2014 -> SELECT tx_login FROM usuarios WHERE tx_login='fgh'; Mon Nov 03 08:42:43 VET 2014]]></LOG><LOG TP='BD'><![CDATA[3/11/2014 -> SELECT tx_login FROM usuarios WHERE tx_login='fgh'; Mon Nov 03 08:42:43 VET 2014]]></LOG><LOG TP='BD'><![CDATA[3/11/2014 -> SELECT * FROM tbl_rol_usr WHERE nb_rol_usr='Administrador'; Mon Nov 03 08:42:43 VET 2014]]></LOG><LOG TP='BD'><![CDATA[3/11/2014 -> SELECT * FROM usuarios WHERE id_rol_usr=Administrador; Mon Nov 03 08:42:43 VET 2014ERROR= ERROR: no existe la columna «administrador»
  Position: 41]]></LOG><LOG TP='BD'><![CDATA[3/11/2014 -> INSERT INTO usuarios(clave,tx_login,id_rol_usr,id_seccion) VALUES('12345','fgh',1,); Mon Nov 03 08:42:43 VET 2014ERROR= ERROR: error de sintaxis en o cerca de «)»
  Position: 83]]></LOG><LOG TP='BD'><![CDATA[3/11/2014 -> SELECT * FROM usuarios WHERE tx_login='frejolano' and clave='1234'; Mon Nov 03 08:44:56 VET 2014]]></LOG><LOG TP='BD'><![CDATA[3/11/2014 -> SELECT * FROM usuarios WHERE tx_login='frejolano' and clave='1234'; Mon Nov 03 08:44:56 VET 2014]]></LOG><LOG TP='BD'><![CDATA[3/11/2014 -> SELECT * FROM tbl_rol_usr WHERE nb_rol_usr='Administrador'; Mon Nov 03 08:44:56 VET 2014]]></LOG><LOG TP='BD'><![CDATA[3/11/2014 -> SELECT * FROM tbl_rol_usr WHERE nb_rol_usr='Estudiante'; Mon Nov 03 08:44:56 VET 2014]]></LOG><LOG TP='BD'><![CDATA[3/11/2014 -> SELECT * FROM tbl_rol_usr WHERE nb_rol_usr='Maestro'; Mon Nov 03 08:44:56 VET 2014]]></LOG><LOG TP='BD'><![CDATA[3/11/2014 -> SELECT * FROM tbl_rol_usr WHERE id_rol_usr=1; Mon Nov 03 08:44:56 VET 2014]]></LOG><LOG TP='BD'><![CDATA[3/11/2014 -> SELECT * FROM usuarios WHERE cedula='3444'; Mon Nov 03 08:44:56 VET 2014]]></LOG><LOG TP='BD'><![CDATA[3/11/2014 -> SELECT tx_login FROM usuarios WHERE tx_login='gdggd'; Mon Nov 03 08:44:56 VET 2014]]></LOG><LOG TP='BD'><![CDATA[3/11/2014 -> SELECT * FROM tbl_rol_usr WHERE nb_rol_usr='Administrador'; Mon Nov 03 08:44:56 VET 2014]]></LOG><LOG TP='BD'><![CDATA[3/11/2014 -> SELECT * FROM usuarios WHERE id_rol_usr=1; Mon Nov 03 08:44:56 VET 2014]]></LOG><LOG TP='BD'><![CDATA[3/11/2014 -> SELECT * FROM usuarios WHERE tx_login='jesus' and clave='12345'; Mon Nov 03 08:54:38 VET 2014]]></LOG><LOG TP='BD'><![CDATA[3/11/2014 -> SELECT * FROM usuarios WHERE tx_login='jesus' and clave='12345'; Mon Nov 03 08:54:38 VET 2014]]></LOG><LOG TP='BD'><![CDATA[3/11/2014 -> SELECT * FROM tbl_rol_usr WHERE nb_rol_usr='Administrador'; Mon Nov 03 08:54:38 VET 2014]]></LOG><LOG TP='BD'><![CDATA[3/11/2014 -> SELECT * FROM tbl_rol_usr WHERE nb_rol_usr='Estudiante'; Mon Nov 03 08:54:38 VET 2014]]></LOG><LOG TP='BD'><![CDATA[3/11/2014 -> SELECT * FROM tbl_rol_usr WHERE nb_rol_usr='Maestro'; Mon Nov 03 08:54:38 VET 2014]]></LOG><LOG TP='BD'><![CDATA[3/11/2014 -> SELECT id_estado FROM tbl_estado WHERE nb_estado='Barinas'; Mon Nov 03 08:54:38 VET 2014]]></LOG><LOG TP='BD'><![CDATA[3/11/2014 -> SELECT id_estado FROM tbl_estado WHERE nb_estado='Barinas'; Mon Nov 03 08:54:38 VET 2014]]></LOG><LOG TP='BD'><![CDATA[3/11/2014 -> SELECT id_municipio FROM tbl_municipio WHERE nb_municipio='Ezequiel Zamora'; Mon Nov 03 08:54:38 VET 2014]]></LOG><LOG TP='BD'><![CDATA[3/11/2014 -> SELECT id_municipio FROM tbl_municipio WHERE nb_municipio='Ezequiel Zamora'; Mon Nov 03 08:54:38 VET 2014]]></LOG><LOG TP='BD'><![CDATA[3/11/2014 -> SELECT * FROM usuarios WHERE tx_login='frejolano' and clave='123456'; Mon Nov 03 09:37:20 VET 2014]]></LOG><LOG TP='BD'><![CDATA[3/11/2014 -> SELECT * FROM usuarios WHERE tx_login='frejolano' and clave='1234'; Mon Nov 03 09:37:20 VET 2014]]></LOG><LOG TP='BD'><![CDATA[3/11/2014 -> SELECT * FROM usuarios WHERE tx_login='frejolano' and clave='1234'; Mon Nov 03 09:37:20 VET 2014]]></LOG><LOG TP='BD'><![CDATA[3/11/2014 -> SELECT * FROM tbl_rol_usr WHERE nb_rol_usr='Administrador'; Mon Nov 03 09:37:20 VET 2014]]></LOG><LOG TP='BD'><![CDATA[3/11/2014 -> SELECT * FROM tbl_rol_usr WHERE nb_rol_usr='Estudiante'; Mon Nov 03 09:37:20 VET 2014]]></LOG><LOG TP='BD'><![CDATA[3/11/2014 -> SELECT * FROM tbl_rol_usr WHERE nb_rol_usr='Maestro'; Mon Nov 03 09:37:20 VET 2014]]></LOG><LOG TP='BD'><![CDATA[3/11/2014 -> SELECT * FROM tbl_rol_usr WHERE id_rol_usr=1; Mon Nov 03 09:37:20 VET 2014]]></LOG><LOG TP='BD'><![CDATA[3/11/2014 -> SELECT * FROM usuarios WHERE cedula='11800120'; Mon Nov 03 09:37:20 VET 2014]]></LOG><LOG TP='BD'><![CDATA[3/11/2014 -> SELECT * FROM usuarios WHERE cedula='11800120'; Mon Nov 03 09:37:20 VET 2014]]></LOG><LOG TP='BD'><![CDATA[3/11/2014 -> SELECT * FROM usuarios WHERE cedula='11800120'; Mon Nov 03 09:37:20 VET 2014]]></LOG><LOG TP='BD'><![CDATA[3/11/2014 -> SELECT * FROM usuarios WHERE cedula='11800120'; Mon Nov 03 09:37:20 VET 2014]]></LOG><LOG TP='BD'><![CDATA[3/11/2014 -> SELECT * FROM usuarios WHERE cedula='11800120'; Mon Nov 03 09:37:20 VET 2014]]></LOG><LOG TP='BD'><![CDATA[3/11/2014 -> SELECT * FROM usuarios WHERE cedula='11800120'; Mon Nov 03 09:37:20 VET 2014]]></LOG><LOG TP='BD'><![CDATA[3/11/2014 -> SELECT * FROM usuarios WHERE cedula='11800120'; Mon Nov 03 09:37:20 VET 2014]]></LOG><LOG TP='BD'><![CDATA[3/11/2014 -> SELECT * FROM tbl_ciudad WHERE id_ciudad=1; Mon Nov 03 09:37:20 VET 2014]]></LOG><LOG TP='BD'><![CDATA[3/11/2014 -> SELECT * FROM tbl_municipio WHERE id_municipio=1; Mon Nov 03 09:37:20 VET 2014]]></LOG><LOG TP='BD'><![CDATA[3/11/2014 -> SELECT nb_estado FROM tbl_estado WHERE id_estado=1; Mon Nov 03 09:37:20 VET 2014]]></LOG><LOG TP='BD'><![CDATA[3/11/2014 -> SELECT id_estado FROM tbl_estado WHERE nb_estado='Amazonas'; Mon Nov 03 09:37:20 VET 2014]]></LOG><LOG TP='BD'><![CDATA[3/11/2014 -> SELECT id_estado FROM tbl_estado WHERE nb_estado='Amazonas'; Mon Nov 03 09:37:20 VET 2014]]></LOG><LOG TP='BD'><![CDATA[3/11/2014 -> SELECT * FROM tbl_municipio WHERE id_municipio=1; Mon Nov 03 09:37:20 VET 2014]]></LOG><LOG TP='BD'><![CDATA[3/11/2014 -> SELECT id_municipio FROM tbl_municipio WHERE nb_municipio='Atures'; Mon Nov 03 09:37:20 VET 2014]]></LOG><LOG TP='BD'><![CDATA[3/11/2014 -> SELECT id_municipio FROM tbl_municipio WHERE nb_municipio='Atures'; Mon Nov 03 09:37:20 VET 2014]]></LOG><LOG TP='BD'><![CDATA[3/11/2014 -> SELECT * FROM tbl_ciudad WHERE id_ciudad=1; Mon Nov 03 09:37:20 VET 2014]]></LOG><LOG TP='BD'><![CDATA[3/11/2014 -> SELECT * FROM usuarios WHERE cedula='11800120'; Mon Nov 03 09:37:20 VET 2014]]></LOG><LOG TP='BD'><![CDATA[3/11/2014 -> SELECT * FROM usuarios WHERE cedula='11800120'; Mon Nov 03 09:37:20 VET 2014]]></LOG><LOG TP='BD'><![CDATA[3/11/2014 -> SELECT * FROM usuarios WHERE cedula='11800120'; Mon Nov 03 09:37:20 VET 2014]]></LOG><LOG TP='BD'><![CDATA[3/11/2014 -> SELECT * FROM tbl_rol_usr WHERE id_rol_usr='1'; Mon Nov 03 09:37:20 VET 2014]]></LOG><LOG TP='BD'><![CDATA[3/11/2014 -> SELECT * FROM usuarios WHERE cedula='12123123'; Mon Nov 03 09:37:20 VET 2014]]></LOG><LOG TP='BD'><![CDATA[3/11/2014 -> SELECT tx_login FROM usuarios WHERE tx_login='luis'; Mon Nov 03 09:37:20 VET 2014]]></LOG><LOG TP='BD'><![CDATA[3/11/2014 -> SELECT * FROM tbl_rol_usr WHERE nb_rol_usr='Administrador'; Mon Nov 03 09:37:20 VET 2014]]></LOG><LOG TP='BD'><![CDATA[3/11/2014 -> SELECT * FROM usuarios WHERE id_rol_usr=1; Mon Nov 03 09:37:20 VET 2014]]></LOG><LOG TP='BD'><![CDATA[3/11/2014 -> INSERT INTO usuarios(clave,tx_login,id_rol_usr) VALUES('12345','luis',2); Mon Nov 03 09:37:20 VET 2014]]></LOG><LOG TP='BD'><![CDATA[3/11/2014 -> SELECT id_grado FROM tbl_grado WHERE nb_grado='3'; Mon Nov 03 09:37:20 VET 2014]]></LOG><LOG TP='BD'><![CDATA[3/11/2014 -> SELECT id_grado FROM tbl_grado WHERE nb_grado='3'; Mon Nov 03 09:37:20 VET 2014]]></LOG><LOG TP='BD'><![CDATA[3/11/2014 -> SELECT * FROM tbl_seccion WHERE nb_seccion='D'; Mon Nov 03 09:37:20 VET 2014]]></LOG><LOG TP='BD'><![CDATA[3/11/2014 -> INSERT INTO usuarios(clave,tx_login,id_rol_usr,id_seccion) VALUES('12345','jose',3,4); Mon Nov 03 09:37:20 VET 2014]]></LOG><LOG TP='BD'><![CDATA[3/11/2014 -> SELECT * FROM usuarios WHERE tx_login='jesus' and clave='12345'; Mon Nov 03 11:20:34 VET 2014]]></LOG><LOG TP='BD'><![CDATA[3/11/2014 -> SELECT * FROM usuarios WHERE tx_login='jesus' and clave='12345'; Mon Nov 03 11:20:34 VET 2014]]></LOG><LOG TP='BD'><![CDATA[3/11/2014 -> SELECT * FROM tbl_rol_usr WHERE nb_rol_usr='Administrador'; Mon Nov 03 11:20:34 VET 2014]]></LOG><LOG TP='BD'><![CDATA[3/11/2014 -> SELECT * FROM tbl_rol_usr WHERE nb_rol_usr='Estudiante'; Mon Nov 03 11:20:34 VET 2014]]></LOG><LOG TP='BD'><![CDATA[3/11/2014 -> SELECT * FROM tbl_rol_usr WHERE nb_rol_usr='Maestro'; Mon Nov 03 11:20:34 VET 2014]]></LOG><LOG TP='BD'><![CDATA[3/11/2014 -> SELECT id_estado FROM tbl_estado WHERE nb_estado='Aragua'; Mon Nov 03 11:20:34 VET 2014]]></LOG><LOG TP='BD'><![CDATA[3/11/2014 -> SELECT id_estado FROM tbl_estado WHERE nb_estado='Aragua'; Mon Nov 03 11:20:34 VET 2014]]></LOG><LOG TP='BD'><![CDATA[3/11/2014 -> SELECT id_municipio FROM tbl_municipio WHERE nb_municipio='Santos Michelena'; Mon Nov 03 11:20:34 VET 2014]]></LOG><LOG TP='BD'><![CDATA[3/11/2014 -> SELECT id_municipio FROM tbl_municipio WHERE nb_municipio='Santos Michelena'; Mon Nov 03 11:20:34 VET 2014]]></LOG><LOG TP='BD'><![CDATA[3/11/2014 -> SELECT * FROM usuarios WHERE cedula='22333'; Mon Nov 03 11:20:34 VET 2014]]></LOG><LOG TP='BD'><![CDATA[3/11/2014 -> SELECT * FROM usuarios WHERE cedula='22333'; Mon Nov 03 11:20:34 VET 2014]]></LOG><LOG TP='BD'><![CDATA[3/11/2014 -> SELECT * FROM usuarios WHERE cedula='22333'; Mon Nov 03 11:20:34 VET 2014]]></LOG><LOG TP='BD'><![CDATA[3/11/2014 -> SELECT * FROM tbl_ciudad WHERE nb_ciudad ='Las Tejerias'; Mon Nov 03 11:20:34 VET 2014]]></LOG><LOG TP='BD'><![CDATA[3/11/2014 -> INSERT INTO usuarios(cedula,nombre,apellido,sexo,fe_nacim,clave,tx_direccion,tx_login,id_ciudad,email) VALUES('22333','jose','chirino','Masculino','Mon Nov 03 00:00:00 VET 2014','hhfhfhfhhfhfhf','21','chechu__chirino@hotmail.com','); Mon Nov 03 11:20:34 VET 2014ERROR= ERROR: una cadena de caracteres entre comillas está inconclusa en o cerca de «');»
  Position: 231]]></LOG><LOG TP='BD'><![CDATA[3/11/2014 -> SELECT * FROM usuarios WHERE cedula='22333'; Mon Nov 03 11:20:34 VET 2014]]></LOG><LOG TP='BD'><![CDATA[3/11/2014 -> SELECT * FROM tbl_ciudad WHERE nb_ciudad ='Las Tejerias'; Mon Nov 03 11:20:34 VET 2014]]></LOG><LOG TP='BD'><![CDATA[3/11/2014 -> INSERT INTO usuarios(cedula,nombre,apellido,sexo,fe_nacim,clave,tx_direccion,tx_login,id_ciudad,email) VALUES('22333','jose','chirino','Masculino','Mon Nov 03 00:00:00 VET 2014','hhfhfhfhhfhfhf','21','chechu__chirino@hotmail.com','); Mon Nov 03 11:20:34 VET 2014ERROR= ERROR: una cadena de caracteres entre comillas está inconclusa en o cerca de «');»
  Position: 231]]></LOG><LOG TP='BD'><![CDATA[3/11/2014 -> SELECT * FROM usuarios WHERE cedula='22333'; Mon Nov 03 11:20:34 VET 2014]]></LOG><LOG TP='BD'><![CDATA[3/11/2014 -> SELECT * FROM tbl_ciudad WHERE nb_ciudad ='Las Tejerias'; Mon Nov 03 11:20:34 VET 2014]]></LOG><LOG TP='BD'><![CDATA[3/11/2014 -> INSERT INTO usuarios(cedula,nombre,apellido,sexo,fe_nacim,clave,tx_direccion,tx_login,id_ciudad,email) VALUES('22333','jose','chirino','Masculino','Tue Nov 11 00:00:00 VET 2014','hhfhfhfhhfhfhf','21','chechu__chirino@hotmail.com','); Mon Nov 03 11:20:34 VET 2014ERROR= ERROR: una cadena de caracteres entre comillas está inconclusa en o cerca de «');»
  Position: 231]]></LOG><LOG TP='BD'><![CDATA[3/11/2014 -> SELECT * FROM usuarios WHERE tx_login='jesus' and clave='12345'; Mon Nov 03 11:27:34 VET 2014]]></LOG><LOG TP='BD'><![CDATA[3/11/2014 -> SELECT * FROM usuarios WHERE tx_login='jesus' and clave='12345'; Mon Nov 03 11:27:34 VET 2014]]></LOG><LOG TP='BD'><![CDATA[3/11/2014 -> SELECT * FROM tbl_rol_usr WHERE nb_rol_usr='Administrador'; Mon Nov 03 11:27:34 VET 2014]]></LOG><LOG TP='BD'><![CDATA[3/11/2014 -> SELECT * FROM tbl_rol_usr WHERE nb_rol_usr='Estudiante'; Mon Nov 03 11:27:34 VET 2014]]></LOG><LOG TP='BD'><![CDATA[3/11/2014 -> SELECT * FROM tbl_rol_usr WHERE nb_rol_usr='Maestro'; Mon Nov 03 11:27:34 VET 2014]]></LOG><LOG TP='BD'><![CDATA[3/11/2014 -> SELECT id_estado FROM tbl_estado WHERE nb_estado='Aragua'; Mon Nov 03 11:27:34 VET 2014]]></LOG><LOG TP='BD'><![CDATA[3/11/2014 -> SELECT id_estado FROM tbl_estado WHERE nb_estado='Aragua'; Mon Nov 03 11:27:34 VET 2014]]></LOG><LOG TP='BD'><![CDATA[3/11/2014 -> SELECT id_municipio FROM tbl_municipio WHERE nb_municipio='Libertador (Aragua)'; Mon Nov 03 11:27:34 VET 2014]]></LOG><LOG TP='BD'><![CDATA[3/11/2014 -> SELECT id_municipio FROM tbl_municipio WHERE nb_municipio='Libertador (Aragua)'; Mon Nov 03 11:27:34 VET 2014]]></LOG><LOG TP='BD'><![CDATA[3/11/2014 -> SELECT * FROM usuarios WHERE cedula='2222'; Mon Nov 03 11:27:34 VET 2014]]></LOG><LOG TP='BD'><![CDATA[3/11/2014 -> SELECT * FROM tbl_ciudad WHERE nb_ciudad ='Palo Negro'; Mon Nov 03 11:27:34 VET 2014]]></LOG><LOG TP='BD'><![CDATA[3/11/2014 -> INSERT INTO usuarios(cedula,nombre,apellido,sexo,fe_nacim,clave,tx_direccion,tx_login,id_ciudad,email) VALUES('2222','jose','chirino','Masculino','Fri Oct 17 00:00:00 VET 2014','fdgfgfd','23','hhhhhhhh'); Mon Nov 03 11:27:34 VET 2014ERROR= ERROR: INSERT tiene más columnas de destino que expresiones
  Position: 87]]></LOG><LOG TP='BD'><![CDATA[3/11/2014 -> SELECT * FROM usuarios WHERE tx_login='ferjolano' and clave='1234'; Mon Nov 03 11:42:36 VET 2014]]></LOG><LOG TP='BD'><![CDATA[3/11/2014 -> SELECT * FROM usuarios WHERE tx_login='ferjolano' and clave='1234'; Mon Nov 03 11:42:36 VET 2014]]></LOG><LOG TP='BD'><![CDATA[3/11/2014 -> SELECT * FROM usuarios WHERE tx_login='frejolano' and clave='1234'; Mon Nov 03 11:42:36 VET 2014]]></LOG><LOG TP='BD'><![CDATA[3/11/2014 -> SELECT * FROM usuarios WHERE tx_login='frejolano' and clave='1234'; Mon Nov 03 11:42:36 VET 2014]]></LOG><LOG TP='BD'><![CDATA[3/11/2014 -> SELECT * FROM tbl_rol_usr WHERE nb_rol_usr='Administrador'; Mon Nov 03 11:42:36 VET 2014]]></LOG><LOG TP='BD'><![CDATA[3/11/2014 -> SELECT * FROM tbl_rol_usr WHERE nb_rol_usr='Estudiante'; Mon Nov 03 11:42:36 VET 2014]]></LOG><LOG TP='BD'><![CDATA[3/11/2014 -> SELECT * FROM tbl_rol_usr WHERE nb_rol_usr='Maestro'; Mon Nov 03 11:42:36 VET 2014]]></LOG><LOG TP='BD'><![CDATA[3/11/2014 -> SELECT * FROM tbl_rol_usr WHERE id_rol_usr=1; Mon Nov 03 11:42:36 VET 2014]]></LOG><LOG TP='BD'><![CDATA[3/11/2014 -> SELECT * FROM usuarios WHERE cedula='333'; Mon Nov 03 11:42:36 VET 2014]]></LOG><LOG TP='BD'><![CDATA[3/11/2014 -> SELECT * FROM usuarios WHERE cedula='11800120'; Mon Nov 03 11:42:36 VET 2014]]></LOG><LOG TP='BD'><![CDATA[3/11/2014 -> SELECT * FROM usuarios WHERE cedula='11800120'; Mon Nov 03 11:42:36 VET 2014]]></LOG><LOG TP='BD'><![CDATA[3/11/2014 -> SELECT * FROM usuarios WHERE cedula='11800120'; Mon Nov 03 11:42:36 VET 2014]]></LOG><LOG TP='BD'><![CDATA[3/11/2014 -> SELECT * FROM usuarios WHERE cedula='11800120'; Mon Nov 03 11:42:36 VET 2014]]></LOG><LOG TP='BD'><![CDATA[3/11/2014 -> SELECT * FROM usuarios WHERE cedula='11800120'; Mon Nov 03 11:42:36 VET 2014]]></LOG><LOG TP='BD'><![CDATA[3/11/2014 -> SELECT * FROM usuarios WHERE cedula='11800120'; Mon Nov 03 11:42:36 VET 2014]]></LOG><LOG TP='BD'><![CDATA[3/11/2014 -> SELECT * FROM usuarios WHERE cedula='11800120'; Mon Nov 03 11:42:36 VET 2014]]></LOG><LOG TP='BD'><![CDATA[3/11/2014 -> SELECT * FROM tbl_ciudad WHERE id_ciudad=1; Mon Nov 03 11:42:36 VET 2014]]></LOG><LOG TP='BD'><![CDATA[3/11/2014 -> SELECT * FROM tbl_municipio WHERE id_municipio=1; Mon Nov 03 11:42:36 VET 2014]]></LOG><LOG TP='BD'><![CDATA[3/11/2014 -> SELECT nb_estado FROM tbl_estado WHERE id_estado=1; Mon Nov 03 11:42:36 VET 2014]]></LOG><LOG TP='BD'><![CDATA[3/11/2014 -> SELECT id_estado FROM tbl_estado WHERE nb_estado='Amazonas'; Mon Nov 03 11:42:36 VET 2014]]></LOG><LOG TP='BD'><![CDATA[3/11/2014 -> SELECT id_estado FROM tbl_estado WHERE nb_estado='Amazonas'; Mon Nov 03 11:42:36 VET 2014]]></LOG><LOG TP='BD'><![CDATA[3/11/2014 -> SELECT * FROM tbl_municipio WHERE id_municipio=1; Mon Nov 03 11:42:36 VET 2014]]></LOG><LOG TP='BD'><![CDATA[3/11/2014 -> SELECT id_municipio FROM tbl_municipio WHERE nb_municipio='Atures'; Mon Nov 03 11:42:36 VET 2014]]></LOG><LOG TP='BD'><![CDATA[3/11/2014 -> SELECT id_municipio FROM tbl_municipio WHERE nb_municipio='Atures'; Mon Nov 03 11:42:36 VET 2014]]></LOG><LOG TP='BD'><![CDATA[3/11/2014 -> SELECT * FROM tbl_ciudad WHERE id_ciudad=1; Mon Nov 03 11:42:36 VET 2014]]></LOG><LOG TP='BD'><![CDATA[3/11/2014 -> SELECT * FROM usuarios WHERE cedula='11800120'; Mon Nov 03 11:42:36 VET 2014]]></LOG><LOG TP='BD'><![CDATA[3/11/2014 -> SELECT * FROM usuarios WHERE cedula='11800120'; Mon Nov 03 11:42:36 VET 2014]]></LOG><LOG TP='BD'><![CDATA[3/11/2014 -> SELECT * FROM usuarios WHERE cedula='11800120'; Mon Nov 03 11:42:36 VET 2014]]></LOG><LOG TP='BD'><![CDATA[3/11/2014 -> SELECT * FROM tbl_rol_usr WHERE id_rol_usr='1'; Mon Nov 03 11:42:36 VET 2014]]></LOG><LOG TP='BD'><![CDATA[3/11/2014 -> SELECT * FROM usuarios WHERE cedula='456783'; Mon Nov 03 11:42:36 VET 2014]]></LOG><LOG TP='BD'><![CDATA[3/11/2014 -> SELECT tx_login FROM usuarios WHERE tx_login='dgsfdhdv'; Mon Nov 03 11:42:36 VET 2014]]></LOG><LOG TP='BD'><![CDATA[3/11/2014 -> SELECT * FROM tbl_rol_usr WHERE nb_rol_usr='Administrador'; Mon Nov 03 11:42:36 VET 2014]]></LOG><LOG TP='BD'><![CDATA[3/11/2014 -> SELECT * FROM usuarios WHERE id_rol_usr=1; Mon Nov 03 11:42:36 VET 2014]]></LOG><LOG TP='BD'><![CDATA[3/11/2014 -> SELECT id_grado FROM tbl_grado WHERE nb_grado='3'; Mon Nov 03 11:42:36 VET 2014]]></LOG><LOG TP='BD'><![CDATA[3/11/2014 -> SELECT id_grado FROM tbl_grado WHERE nb_grado='3'; Mon Nov 03 11:42:36 VET 2014]]></LOG><LOG TP='BD'><![CDATA[3/11/2014 -> SELECT id_grado FROM tbl_grado WHERE nb_grado='Seleccione un Grado Escolar'; Mon Nov 03 11:42:36 VET 2014]]></LOG><LOG TP='BD'><![CDATA[3/11/2014 -> SELECT id_grado FROM tbl_grado WHERE nb_grado='2'; Mon Nov 03 11:42:36 VET 2014]]></LOG><LOG TP='BD'><![CDATA[3/11/2014 -> SELECT id_grado FROM tbl_grado WHERE nb_grado='2'; Mon Nov 03 11:42:36 VET 2014]]></LOG><LOG TP='BD'><![CDATA[3/11/2014 -> SELECT * FROM tbl_seccion WHERE nb_seccion='E'; Mon Nov 03 11:42:36 VET 2014]]></LOG><LOG TP='BD'><![CDATA[3/11/2014 -> INSERT INTO usuarios(clave,tx_login,id_rol_usr,id_seccion) VALUES('12345','dgsfdhdv',3,5); Mon Nov 03 11:42:36 VET 2014]]></LOG><LOG TP='BD'><![CDATA[3/11/2014 -> SELECT * FROM usuarios WHERE tx_login='jesus' and clave='12345'; Mon Nov 03 11:50:30 VET 2014]]></LOG><LOG TP='BD'><![CDATA[3/11/2014 -> SELECT * FROM usuarios WHERE tx_login='jesus' and clave='12345'; Mon Nov 03 11:50:30 VET 2014]]></LOG><LOG TP='BD'><![CDATA[3/11/2014 -> SELECT * FROM tbl_rol_usr WHERE nb_rol_usr='Administrador'; Mon Nov 03 11:50:30 VET 2014]]></LOG><LOG TP='BD'><![CDATA[3/11/2014 -> SELECT * FROM tbl_rol_usr WHERE nb_rol_usr='Estudiante'; Mon Nov 03 11:50:30 VET 2014]]></LOG><LOG TP='BD'><![CDATA[3/11/2014 -> SELECT * FROM tbl_rol_usr WHERE nb_rol_usr='Maestro'; Mon Nov 03 11:50:30 VET 2014]]></LOG><LOG TP='BD'><![CDATA[3/11/2014 -> SELECT id_estado FROM tbl_estado WHERE nb_estado='Carabobo'; Mon Nov 03 11:50:30 VET 2014]]></LOG><LOG TP='BD'><![CDATA[3/11/2014 -> SELECT id_estado FROM tbl_estado WHERE nb_estado='Carabobo'; Mon Nov 03 11:50:30 VET 2014]]></LOG><LOG TP='BD'><![CDATA[3/11/2014 -> SELECT id_municipio FROM tbl_municipio WHERE nb_municipio='Naguanagua'; Mon Nov 03 11:50:30 VET 2014]]></LOG><LOG TP='BD'><![CDATA[3/11/2014 -> SELECT id_municipio FROM tbl_municipio WHERE nb_municipio='Naguanagua'; Mon Nov 03 11:50:30 VET 2014]]></LOG><LOG TP='BD'><![CDATA[3/11/2014 -> SELECT * FROM usuarios WHERE cedula='22332344'; Mon Nov 03 11:50:30 VET 2014]]></LOG><LOG TP='BD'><![CDATA[3/11/2014 -> SELECT * FROM usuarios WHERE cedula='22332344'; Mon Nov 03 11:50:30 VET 2014]]></LOG><LOG TP='BD'><![CDATA[3/11/2014 -> SELECT * FROM tbl_ciudad WHERE nb_ciudad ='Naguanagua'; Mon Nov 03 11:50:30 VET 2014]]></LOG><LOG TP='BD'><![CDATA[3/11/2014 -> INSERT INTO usuarios(cedula,nombre,apellido,sexo,fe_nacim,clave,tx_direccion,tx_login,id_ciudad,email) VALUES('22332344','gggg','ttttt','Masculino','Fri Aug 14 00:00:00 VET 2009','11111','fgfccrrsbyc','hhhhh','37','mmm'); Mon Nov 03 11:50:30 VET 2014]]></LOG><LOG TP='BD'><![CDATA[3/11/2014 -> SELECT * FROM usuarios WHERE tx_login='jesus' and clave='12345'; Mon Nov 03 12:23:11 VET 2014]]></LOG><LOG TP='BD'><![CDATA[3/11/2014 -> SELECT * FROM usuarios WHERE tx_login='jesus' and clave='12345'; Mon Nov 03 12:23:11 VET 2014]]></LOG><LOG TP='BD'><![CDATA[3/11/2014 -> SELECT * FROM tbl_rol_usr WHERE nb_rol_usr='Administrador'; Mon Nov 03 12:23:11 VET 2014]]></LOG><LOG TP='BD'><![CDATA[3/11/2014 -> SELECT * FROM tbl_rol_usr WHERE nb_rol_usr='Estudiante'; Mon Nov 03 12:23:11 VET 2014]]></LOG><LOG TP='BD'><![CDATA[3/11/2014 -> SELECT * FROM tbl_rol_usr WHERE nb_rol_usr='Maestro'; Mon Nov 03 12:23:11 VET 2014]]></LOG><LOG TP='BD'><![CDATA[3/11/2014 -> SELECT * FROM usuarios WHERE tx_login='jesus' and clave='12345'; Mon Nov 03 12:33:48 VET 2014]]></LOG><LOG TP='BD'><![CDATA[3/11/2014 -> SELECT * FROM usuarios WHERE tx_login='jesus' and clave='12345'; Mon Nov 03 12:33:48 VET 2014]]></LOG><LOG TP='BD'><![CDATA[3/11/2014 -> SELECT * FROM usuarios WHERE tx_login='jesus' and clave='12345'; Mon Nov 03 12:33:48 VET 2014]]></LOG><LOG TP='BD'><![CDATA[3/11/2014 -> SELECT * FROM tbl_rol_usr WHERE nb_rol_usr='Administrador'; Mon Nov 03 12:33:48 VET 2014]]></LOG><LOG TP='BD'><![CDATA[3/11/2014 -> SELECT * FROM tbl_rol_usr WHERE nb_rol_usr='Estudiante'; Mon Nov 03 12:33:48 VET 2014]]></LOG><LOG TP='BD'><![CDATA[3/11/2014 -> SELECT * FROM tbl_rol_usr WHERE nb_rol_usr='Maestro'; Mon Nov 03 12:33:48 VET 2014]]></LOG><LOG TP='BD'><![CDATA[3/11/2014 -> SELECT id_estado FROM tbl_estado WHERE nb_estado='Barinas'; Mon Nov 03 12:33:48 VET 2014]]></LOG><LOG TP='BD'><![CDATA[3/11/2014 -> SELECT id_estado FROM tbl_estado WHERE nb_estado='Barinas'; Mon Nov 03 12:33:48 VET 2014]]></LOG><LOG TP='BD'><![CDATA[3/11/2014 -> SELECT id_municipio FROM tbl_municipio WHERE nb_municipio='Ezequiel Zamora'; Mon Nov 03 12:33:48 VET 2014]]></LOG><LOG TP='BD'><![CDATA[3/11/2014 -> SELECT id_municipio FROM tbl_municipio WHERE nb_municipio='Ezequiel Zamora'; Mon Nov 03 12:33:48 VET 2014]]></LOG><LOG TP='BD'><![CDATA[3/11/2014 -> SELECT * FROM usuarios WHERE cedula='123'; Mon Nov 03 12:33:48 VET 2014]]></LOG><LOG TP='BD'><![CDATA[3/11/2014 -> SELECT * FROM tbl_ciudad WHERE nb_ciudad ='Punta de Mata'; Mon Nov 03 12:33:48 VET 2014]]></LOG><LOG TP='BD'><![CDATA[3/11/2014 -> UPDATE usuarios SET nombre='jose', apellido='chirino', sexo='Masculino', fe_nacim='Fri Nov 05 00:00:00 VET 2004', clave=11111, tx_direccion='',tx_login='jose1',{id_ciudad='86email='gggggg' WHERE id_usuario='20'; Mon Nov 03 12:33:48 VET 2014ERROR= ERROR: error de sintaxis en o cerca de «{»
  Position: 161]]></LOG><LOG TP='BD'><![CDATA[3/11/2014 -> SELECT * FROM usuarios WHERE tx_login='jesus' and clave='12345'; Mon Nov 03 12:39:08 VET 2014]]></LOG><LOG TP='BD'><![CDATA[3/11/2014 -> SELECT * FROM usuarios WHERE tx_login='jesus' and clave='12345'; Mon Nov 03 12:39:08 VET 2014]]></LOG><LOG TP='BD'><![CDATA[3/11/2014 -> SELECT * FROM usuarios WHERE tx_login='jesus' and clave='12345'; Mon Nov 03 12:39:08 VET 2014]]></LOG><LOG TP='BD'><![CDATA[3/11/2014 -> SELECT * FROM tbl_rol_usr WHERE nb_rol_usr='Administrador'; Mon Nov 03 12:39:08 VET 2014]]></LOG><LOG TP='BD'><![CDATA[3/11/2014 -> SELECT * FROM tbl_rol_usr WHERE nb_rol_usr='Estudiante'; Mon Nov 03 12:39:08 VET 2014]]></LOG><LOG TP='BD'><![CDATA[3/11/2014 -> SELECT * FROM tbl_rol_usr WHERE nb_rol_usr='Maestro'; Mon Nov 03 12:39:08 VET 2014]]></LOG><LOG TP='BD'><![CDATA[3/11/2014 -> SELECT id_estado FROM tbl_estado WHERE nb_estado='Carabobo'; Mon Nov 03 12:39:08 VET 2014]]></LOG><LOG TP='BD'><![CDATA[3/11/2014 -> SELECT id_estado FROM tbl_estado WHERE nb_estado='Carabobo'; Mon Nov 03 12:39:08 VET 2014]]></LOG><LOG TP='BD'><![CDATA[3/11/2014 -> SELECT id_municipio FROM tbl_municipio WHERE nb_municipio='Puerto Cabello'; Mon Nov 03 12:39:08 VET 2014]]></LOG><LOG TP='BD'><![CDATA[3/11/2014 -> SELECT id_municipio FROM tbl_municipio WHERE nb_municipio='Puerto Cabello'; Mon Nov 03 12:39:08 VET 2014]]></LOG><LOG TP='BD'><![CDATA[3/11/2014 -> SELECT * FROM usuarios WHERE cedula='2424'; Mon Nov 03 12:39:08 VET 2014]]></LOG><LOG TP='BD'><![CDATA[3/11/2014 -> SELECT * FROM tbl_ciudad WHERE nb_ciudad ='Puerto Cabello'; Mon Nov 03 12:39:08 VET 2014]]></LOG><LOG TP='BD'><![CDATA[3/11/2014 -> UPDATE usuarios SET nombre='gdgdg', apellido='dddd', sexo='Masculino', fe_nacim='Thu Nov 12 00:00:00 VET 2009', clave='11111, tx_direccion='ddddfdv dfsdsds',tx_login='jjjj',{id_ciudad='38'email='dfffd' WHERE id_usuario='20'; Mon Nov 03 12:39:08 VET 2014ERROR= ERROR: error de sintaxis en o cerca de «ddddfdv»
  Position: 141]]></LOG><LOG TP='BD'><![CDATA[3/11/2014 -> SELECT * FROM usuarios WHERE tx_login='jesus' and clave='12345'; Mon Nov 03 12:42:20 VET 2014]]></LOG><LOG TP='BD'><![CDATA[3/11/2014 -> SELECT * FROM usuarios WHERE tx_login='jesus' and clave='12345'; Mon Nov 03 12:42:20 VET 2014]]></LOG><LOG TP='BD'><![CDATA[3/11/2014 -> SELECT * FROM usuarios WHERE tx_login='jesus' and clave='12345'; Mon Nov 03 12:42:20 VET 2014]]></LOG><LOG TP='BD'><![CDATA[3/11/2014 -> SELECT * FROM tbl_rol_usr WHERE nb_rol_usr='Administrador'; Mon Nov 03 12:42:20 VET 2014]]></LOG><LOG TP='BD'><![CDATA[3/11/2014 -> SELECT * FROM tbl_rol_usr WHERE nb_rol_usr='Estudiante'; Mon Nov 03 12:42:20 VET 2014]]></LOG><LOG TP='BD'><![CDATA[3/11/2014 -> SELECT * FROM tbl_rol_usr WHERE nb_rol_usr='Maestro'; Mon Nov 03 12:42:20 VET 2014]]></LOG><LOG TP='BD'><![CDATA[3/11/2014 -> SELECT id_estado FROM tbl_estado WHERE nb_estado='Barinas'; Mon Nov 03 12:42:20 VET 2014]]></LOG><LOG TP='BD'><![CDATA[3/11/2014 -> SELECT id_estado FROM tbl_estado WHERE nb_estado='Barinas'; Mon Nov 03 12:42:20 VET 2014]]></LOG><LOG TP='BD'><![CDATA[3/11/2014 -> SELECT id_municipio FROM tbl_municipio WHERE nb_municipio='Barinas'; Mon Nov 03 12:42:20 VET 2014]]></LOG><LOG TP='BD'><![CDATA[3/11/2014 -> SELECT id_municipio FROM tbl_municipio WHERE nb_municipio='Barinas'; Mon Nov 03 12:42:20 VET 2014]]></LOG><LOG TP='BD'><![CDATA[3/11/2014 -> SELECT * FROM usuarios WHERE cedula='123'; Mon Nov 03 12:42:20 VET 2014]]></LOG><LOG TP='BD'><![CDATA[3/11/2014 -> SELECT * FROM tbl_ciudad WHERE nb_ciudad ='Barinas (Barinas)'; Mon Nov 03 12:42:20 VET 2014]]></LOG><LOG TP='BD'><![CDATA[3/11/2014 -> UPDATE usuarios SET nombre='hhhhh', apellido='gggg', sexo='Masculino', fe_nacim='Fri Nov 18 00:00:00 VET 2011', clave='11111, tx_direccion='dddadsds',tx_login='jjjjj',id_ciudad='27'email='dddd' WHERE id_usuario='20'; Mon Nov 03 12:42:20 VET 2014ERROR= ERROR: error de sintaxis en o cerca de «dddadsds»
  Position: 141]]></LOG><LOG TP='BD'><![CDATA[3/11/2014 -> SELECT * FROM usuarios WHERE tx_login='jesus' and clave='12345'; Mon Nov 03 12:46:24 VET 2014]]></LOG><LOG TP='BD'><![CDATA[3/11/2014 -> SELECT * FROM usuarios WHERE tx_login='jesus' and clave='12345'; Mon Nov 03 12:46:24 VET 2014]]></LOG><LOG TP='BD'><![CDATA[3/11/2014 -> SELECT * FROM usuarios WHERE tx_login='jesus' and clave='12345'; Mon Nov 03 12:46:24 VET 2014]]></LOG><LOG TP='BD'><![CDATA[3/11/2014 -> SELECT * FROM tbl_rol_usr WHERE nb_rol_usr='Administrador'; Mon Nov 03 12:46:24 VET 2014]]></LOG><LOG TP='BD'><![CDATA[3/11/2014 -> SELECT * FROM tbl_rol_usr WHERE nb_rol_usr='Estudiante'; Mon Nov 03 12:46:24 VET 2014]]></LOG><LOG TP='BD'><![CDATA[3/11/2014 -> SELECT * FROM tbl_rol_usr WHERE nb_rol_usr='Maestro'; Mon Nov 03 12:46:24 VET 2014]]></LOG><LOG TP='BD'><![CDATA[3/11/2014 -> SELECT id_estado FROM tbl_estado WHERE nb_estado='Barinas'; Mon Nov 03 12:46:24 VET 2014]]></LOG><LOG TP='BD'><![CDATA[3/11/2014 -> SELECT id_estado FROM tbl_estado WHERE nb_estado='Barinas'; Mon Nov 03 12:46:24 VET 2014]]></LOG><LOG TP='BD'><![CDATA[3/11/2014 -> SELECT id_municipio FROM tbl_municipio WHERE nb_municipio='Barinas'; Mon Nov 03 12:46:24 VET 2014]]></LOG><LOG TP='BD'><![CDATA[3/11/2014 -> SELECT id_municipio FROM tbl_municipio WHERE nb_municipio='Barinas'; Mon Nov 03 12:46:24 VET 2014]]></LOG><LOG TP='BD'><![CDATA[3/11/2014 -> SELECT * FROM usuarios WHERE cedula='435355454'; Mon Nov 03 12:46:24 VET 2014]]></LOG><LOG TP='BD'><![CDATA[3/11/2014 -> SELECT * FROM tbl_ciudad WHERE nb_ciudad ='Barinas (Barinas)'; Mon Nov 03 12:46:24 VET 2014]]></LOG><LOG TP='BD'><![CDATA[3/11/2014 -> UPDATE usuarios SET nombre='fdffdfdfd', apellido='dfffffff', sexo='Masculino', fe_nacim='Tue Nov 11 00:00:00 VET 2014', clave='1111', tx_direccion='xdfghjkl',tx_login='aaaaa',id_ciudad='27'email='fsfsfsf' WHERE id_usuario='20'; Mon Nov 03 12:46:24 VET 2014ERROR= ERROR: error de sintaxis en o cerca de «email»
  Position: 190]]></LOG><LOG TP='BD'><![CDATA[3/11/2014 -> SELECT * FROM usuarios WHERE tx_login='jesus' and clave='12345'; Mon Nov 03 12:49:01 VET 2014]]></LOG><LOG TP='BD'><![CDATA[3/11/2014 -> SELECT * FROM usuarios WHERE tx_login='jesus' and clave='12345'; Mon Nov 03 12:49:01 VET 2014]]></LOG><LOG TP='BD'><![CDATA[3/11/2014 -> SELECT * FROM usuarios WHERE tx_login='jesus' and clave='12345'; Mon Nov 03 12:49:01 VET 2014]]></LOG><LOG TP='BD'><![CDATA[3/11/2014 -> SELECT * FROM tbl_rol_usr WHERE nb_rol_usr='Administrador'; Mon Nov 03 12:49:01 VET 2014]]></LOG><LOG TP='BD'><![CDATA[3/11/2014 -> SELECT * FROM tbl_rol_usr WHERE nb_rol_usr='Estudiante'; Mon Nov 03 12:49:01 VET 2014]]></LOG><LOG TP='BD'><![CDATA[3/11/2014 -> SELECT * FROM tbl_rol_usr WHERE nb_rol_usr='Maestro'; Mon Nov 03 12:49:01 VET 2014]]></LOG><LOG TP='BD'><![CDATA[3/11/2014 -> SELECT id_estado FROM tbl_estado WHERE nb_estado='Falcón'; Mon Nov 03 12:49:01 VET 2014]]></LOG><LOG TP='BD'><![CDATA[3/11/2014 -> SELECT id_estado FROM tbl_estado WHERE nb_estado='Falcón'; Mon Nov 03 12:49:01 VET 2014]]></LOG><LOG TP='BD'><![CDATA[3/11/2014 -> SELECT id_municipio FROM tbl_municipio WHERE nb_municipio='Los Taques'; Mon Nov 03 12:49:01 VET 2014]]></LOG><LOG TP='BD'><![CDATA[3/11/2014 -> SELECT id_municipio FROM tbl_municipio WHERE nb_municipio='Los Taques'; Mon Nov 03 12:49:01 VET 2014]]></LOG><LOG TP='BD'><![CDATA[3/11/2014 -> SELECT * FROM usuarios WHERE cedula='12111'; Mon Nov 03 12:49:01 VET 2014]]></LOG><LOG TP='BD'><![CDATA[3/11/2014 -> SELECT * FROM tbl_ciudad WHERE nb_ciudad ='Judibana'; Mon Nov 03 12:49:01 VET 2014]]></LOG><LOG TP='BD'><![CDATA[3/11/2014 -> UPDATE usuarios SET nombre='dsdsd', apellido='fdfdf', sexo='Masculino', fe_nacim='Wed Nov 01 00:00:00 VET 2006', clave='1111', tx_direccion='',tx_login='bbbb',id_ciudad='138',email='gsggd' WHERE id_usuario='20'; Mon Nov 03 12:49:01 VET 2014]]></LOG><LOG TP='BD'><![CDATA[3/11/2014 -> SELECT * FROM usuarios WHERE tx_login='dfghj' and clave='dfgh'; Mon Nov 03 12:56:12 VET 2014]]></LOG><LOG TP='BD'><![CDATA[3/11/2014 -> SELECT * FROM usuarios WHERE tx_login='dfghj' and clave='dfgh'; Mon Nov 03 12:56:12 VET 2014]]></LOG><LOG TP='BD'><![CDATA[3/11/2014 -> SELECT * FROM usuarios WHERE tx_login='frejolano' and clave='1234'; Mon Nov 03 12:56:12 VET 2014]]></LOG><LOG TP='BD'><![CDATA[3/11/2014 -> SELECT * FROM usuarios WHERE tx_login='frejolano' and clave='1234'; Mon Nov 03 12:56:12 VET 2014]]></LOG><LOG TP='BD'><![CDATA[3/11/2014 -> SELECT * FROM usuarios WHERE tx_login='frejolano' and clave='1234'; Mon Nov 03 12:56:12 VET 2014]]></LOG><LOG TP='BD'><![CDATA[3/11/2014 -> SELECT * FROM tbl_rol_usr WHERE nb_rol_usr='Administrador'; Mon Nov 03 12:56:12 VET 2014]]></LOG><LOG TP='BD'><![CDATA[3/11/2014 -> SELECT * FROM tbl_rol_usr WHERE nb_rol_usr='Estudiante'; Mon Nov 03 12:56:12 VET 2014]]></LOG><LOG TP='BD'><![CDATA[3/11/2014 -> SELECT * FROM tbl_rol_usr WHERE nb_rol_usr='Maestro'; Mon Nov 03 12:56:12 VET 2014]]></LOG><LOG TP='BD'><![CDATA[3/11/2014 -> SELECT * FROM tbl_rol_usr WHERE id_rol_usr=1; Mon Nov 03 12:56:12 VET 2014]]></LOG><LOG TP='BD'><![CDATA[3/11/2014 -> SELECT * FROM usuarios WHERE tx_login='frejolano' and clave='1234'; Mon Nov 03 13:15:54 VET 2014]]></LOG><LOG TP='BD'><![CDATA[3/11/2014 -> SELECT * FROM usuarios WHERE tx_login='frejolano' and clave='1234'; Mon Nov 03 13:15:54 VET 2014]]></LOG><LOG TP='BD'><![CDATA[3/11/2014 -> SELECT * FROM usuarios WHERE tx_login='frejolano' and clave='1234'; Mon Nov 03 13:15:54 VET 2014]]></LOG><LOG TP='BD'><![CDATA[3/11/2014 -> SELECT * FROM tbl_rol_usr WHERE nb_rol_usr='Administrador'; Mon Nov 03 13:15:54 VET 2014]]></LOG><LOG TP='BD'><![CDATA[3/11/2014 -> SELECT * FROM tbl_rol_usr WHERE nb_rol_usr='Estudiante'; Mon Nov 03 13:15:54 VET 2014]]></LOG><LOG TP='BD'><![CDATA[3/11/2014 -> SELECT * FROM tbl_rol_usr WHERE nb_rol_usr='Maestro'; Mon Nov 03 13:15:54 VET 2014]]></LOG><LOG TP='BD'><![CDATA[3/11/2014 -> SELECT * FROM tbl_rol_usr WHERE id_rol_usr=1; Mon Nov 03 13:15:54 VET 2014]]></LOG><LOG TP='BD'><![CDATA[3/11/2014 -> SELECT * FROM usuarios WHERE cedula='24706874'; Mon Nov 03 13:15:54 VET 2014]]></LOG><LOG TP='BD'><![CDATA[3/11/2014 -> SELECT id_grado FROM tbl_grado WHERE nb_grado='2'; Mon Nov 03 13:15:54 VET 2014]]></LOG><LOG TP='BD'><![CDATA[3/11/2014 -> SELECT id_grado FROM tbl_grado WHERE nb_grado='2'; Mon Nov 03 13:15:54 VET 2014]]></LOG><LOG TP='BD'><![CDATA[3/11/2014 -> SELECT tx_login FROM usuarios WHERE tx_login='alexander'; Mon Nov 03 13:15:54 VET 2014]]></LOG><LOG TP='BD'><![CDATA[3/11/2014 -> SELECT * FROM tbl_seccion WHERE nb_seccion='F'; Mon Nov 03 13:15:54 VET 2014]]></LOG><LOG TP='BD'><![CDATA[3/11/2014 -> INSERT INTO usuarios(clave,tx_login,id_rol_usr,id_seccion) VALUES('12345','alexander',3,6); Mon Nov 03 13:15:54 VET 2014]]></LOG><LOG TP='BD'><![CDATA[3/11/2014 -> SELECT * FROM usuarios WHERE tx_login='alexander' and clave='12345'; Mon Nov 03 13:17:37 VET 2014]]></LOG><LOG TP='BD'><![CDATA[3/11/2014 -> SELECT * FROM usuarios WHERE tx_login='alexander' and clave='12345'; Mon Nov 03 13:17:37 VET 2014]]></LOG><LOG TP='BD'><![CDATA[3/11/2014 -> SELECT * FROM usuarios WHERE tx_login='alexander' and clave='12345'; Mon Nov 03 13:17:37 VET 2014]]></LOG><LOG TP='BD'><![CDATA[3/11/2014 -> SELECT * FROM tbl_rol_usr WHERE nb_rol_usr='Administrador'; Mon Nov 03 13:17:37 VET 2014]]></LOG><LOG TP='BD'><![CDATA[3/11/2014 -> SELECT * FROM tbl_rol_usr WHERE nb_rol_usr='Estudiante'; Mon Nov 03 13:17:37 VET 2014]]></LOG><LOG TP='BD'><![CDATA[3/11/2014 -> SELECT * FROM tbl_rol_usr WHERE nb_rol_usr='Maestro'; Mon Nov 03 13:17:37 VET 2014]]></LOG><LOG TP='BD'><![CDATA[3/11/2014 -> SELECT * FROM usuarios WHERE tx_login='alexander' and clave='12345'; Mon Nov 03 13:25:30 VET 2014]]></LOG><LOG TP='BD'><![CDATA[3/11/2014 -> SELECT * FROM usuarios WHERE tx_login='alexander' and clave='12345'; Mon Nov 03 13:25:30 VET 2014]]></LOG><LOG TP='BD'><![CDATA[3/11/2014 -> SELECT * FROM usuarios WHERE tx_login='alexander' and clave='12345'; Mon Nov 03 13:25:30 VET 2014]]></LOG><LOG TP='BD'><![CDATA[3/11/2014 -> SELECT * FROM tbl_rol_usr WHERE nb_rol_usr='Administrador'; Mon Nov 03 13:25:30 VET 2014]]></LOG><LOG TP='BD'><![CDATA[3/11/2014 -> SELECT * FROM tbl_rol_usr WHERE nb_rol_usr='Estudiante'; Mon Nov 03 13:25:30 VET 2014]]></LOG><LOG TP='BD'><![CDATA[3/11/2014 -> SELECT * FROM tbl_rol_usr WHERE nb_rol_usr='Maestro'; Mon Nov 03 13:25:30 VET 2014]]></LOG><LOG TP='BD'><![CDATA[3/11/2014 -> SELECT * FROM usuarios WHERE tx_login='frejolano' and clave='1234'; Mon Nov 03 13:34:24 VET 2014]]></LOG><LOG TP='BD'><![CDATA[3/11/2014 -> SELECT * FROM usuarios WHERE tx_login='frejolano' and clave='1234'; Mon Nov 03 13:34:24 VET 2014]]></LOG><LOG TP='BD'><![CDATA[3/11/2014 -> SELECT * FROM usuarios WHERE tx_login='frejolano' and clave='1234'; Mon Nov 03 13:34:24 VET 2014]]></LOG><LOG TP='BD'><![CDATA[3/11/2014 -> SELECT * FROM tbl_rol_usr WHERE nb_rol_usr='Administrador'; Mon Nov 03 13:34:24 VET 2014]]></LOG><LOG TP='BD'><![CDATA[3/11/2014 -> SELECT * FROM tbl_rol_usr WHERE nb_rol_usr='Estudiante'; Mon Nov 03 13:34:24 VET 2014]]></LOG><LOG TP='BD'><![CDATA[3/11/2014 -> SELECT * FROM tbl_rol_usr WHERE nb_rol_usr='Maestro'; Mon Nov 03 13:34:24 VET 2014]]></LOG><LOG TP='BD'><![CDATA[3/11/2014 -> SELECT * FROM tbl_rol_usr WHERE id_rol_usr=1; Mon Nov 03 13:34:24 VET 2014]]></LOG><LOG TP='BD'><![CDATA[3/11/2014 -> SELECT * FROM usuarios WHERE cedula='11800120'; Mon Nov 03 13:34:24 VET 2014]]></LOG><LOG TP='BD'><![CDATA[3/11/2014 -> SELECT * FROM usuarios WHERE cedula='11800120'; Mon Nov 03 13:34:24 VET 2014]]></LOG><LOG TP='BD'><![CDATA[3/11/2014 -> SELECT * FROM usuarios WHERE cedula='11800120'; Mon Nov 03 13:34:24 VET 2014]]></LOG><LOG TP='BD'><![CDATA[3/11/2014 -> SELECT * FROM usuarios WHERE cedula='11800120'; Mon Nov 03 13:34:24 VET 2014]]></LOG><LOG TP='BD'><![CDATA[3/11/2014 -> SELECT * FROM usuarios WHERE cedula='11800120'; Mon Nov 03 13:34:24 VET 2014]]></LOG><LOG TP='BD'><![CDATA[3/11/2014 -> SELECT * FROM usuarios WHERE cedula='11800120'; Mon Nov 03 13:34:24 VET 2014]]></LOG><LOG TP='BD'><![CDATA[3/11/2014 -> SELECT * FROM usuarios WHERE cedula='11800120'; Mon Nov 03 13:34:24 VET 2014]]></LOG><LOG TP='BD'><![CDATA[3/11/2014 -> SELECT * FROM tbl_ciudad WHERE id_ciudad=1; Mon Nov 03 13:34:24 VET 2014]]></LOG><LOG TP='BD'><![CDATA[3/11/2014 -> SELECT * FROM tbl_municipio WHERE id_municipio=1; Mon Nov 03 13:34:24 VET 2014]]></LOG><LOG TP='BD'><![CDATA[3/11/2014 -> SELECT nb_estado FROM tbl_estado WHERE id_estado=1; Mon Nov 03 13:34:24 VET 2014]]></LOG><LOG TP='BD'><![CDATA[3/11/2014 -> SELECT * FROM usuarios WHERE cedula='11800120'; Mon Nov 03 13:34:24 VET 2014]]></LOG><LOG TP='BD'><![CDATA[3/11/2014 -> SELECT * FROM usuarios WHERE cedula='11800120'; Mon Nov 03 13:34:24 VET 2014]]></LOG><LOG TP='BD'><![CDATA[3/11/2014 -> SELECT * FROM tbl_rol_usr WHERE id_rol_usr='1'; Mon Nov 03 13:34:24 VET 2014]]></LOG><LOG TP='BD'><![CDATA[3/11/2014 -> SELECT * FROM usuarios WHERE cedula='24706876'; Mon Nov 03 13:34:24 VET 2014]]></LOG><LOG TP='BD'><![CDATA[3/11/2014 -> SELECT tx_login FROM usuarios WHERE tx_login=''; Mon Nov 03 13:34:24 VET 2014]]></LOG><LOG TP='BD'><![CDATA[3/11/2014 -> SELECT id_grado FROM tbl_grado WHERE nb_grado='2'; Mon Nov 03 13:34:24 VET 2014]]></LOG><LOG TP='BD'><![CDATA[3/11/2014 -> SELECT id_grado FROM tbl_grado WHERE nb_grado='2'; Mon Nov 03 13:34:24 VET 2014]]></LOG><LOG TP='BD'><![CDATA[3/11/2014 -> SELECT tx_login FROM usuarios WHERE tx_login='carlos'; Mon Nov 03 13:34:24 VET 2014]]></LOG><LOG TP='BD'><![CDATA[3/11/2014 -> SELECT * FROM tbl_seccion WHERE nb_seccion='B'; Mon Nov 03 13:34:24 VET 2014]]></LOG><LOG TP='BD'><![CDATA[3/11/2014 -> INSERT INTO usuarios(clave,tx_login,id_rol_usr,id_seccion) VALUES('12345','carlos',3,2); Mon Nov 03 13:34:24 VET 2014]]></LOG><LOG TP='BD'><![CDATA[3/11/2014 -> SELECT * FROM usuarios WHERE tx_login='alexander' and clave='12345'; Mon Nov 03 13:41:41 VET 2014]]></LOG><LOG TP='BD'><![CDATA[3/11/2014 -> SELECT * FROM usuarios WHERE tx_login='alexander' and clave='12345'; Mon Nov 03 13:41:41 VET 2014]]></LOG><LOG TP='BD'><![CDATA[3/11/2014 -> SELECT * FROM usuarios WHERE tx_login='alexander' and clave='12345'; Mon Nov 03 13:41:41 VET 2014]]></LOG><LOG TP='BD'><![CDATA[3/11/2014 -> SELECT * FROM tbl_rol_usr WHERE nb_rol_usr='Administrador'; Mon Nov 03 13:41:41 VET 2014]]></LOG><LOG TP='BD'><![CDATA[3/11/2014 -> SELECT * FROM tbl_rol_usr WHERE nb_rol_usr='Estudiante'; Mon Nov 03 13:41:41 VET 2014]]></LOG><LOG TP='BD'><![CDATA[3/11/2014 -> SELECT * FROM tbl_rol_usr WHERE nb_rol_usr='Maestro'; Mon Nov 03 13:41:41 VET 2014]]></LOG><LOG TP='BD'><![CDATA[3/11/2014 -> SELECT id_estado FROM tbl_estado WHERE nb_estado='Carabobo'; Mon Nov 03 13:41:41 VET 2014]]></LOG><LOG TP='BD'><![CDATA[3/11/2014 -> SELECT id_estado FROM tbl_estado WHERE nb_estado='Carabobo'; Mon Nov 03 13:41:41 VET 2014]]></LOG><LOG TP='BD'><![CDATA[3/11/2014 -> SELECT id_municipio FROM tbl_municipio WHERE nb_municipio='Valencia'; Mon Nov 03 13:41:41 VET 2014]]></LOG><LOG TP='BD'><![CDATA[3/11/2014 -> SELECT id_municipio FROM tbl_municipio WHERE nb_municipio='Valencia'; Mon Nov 03 13:41:41 VET 2014]]></LOG><LOG TP='BD'><![CDATA[3/11/2014 -> SELECT * FROM usuarios WHERE cedula='2222222'; Mon Nov 03 13:41:41 VET 2014]]></LOG><LOG TP='BD'><![CDATA[3/11/2014 -> SELECT * FROM tbl_ciudad WHERE nb_ciudad ='Valencia (Valencia)'; Mon Nov 03 13:41:41 VET 2014]]></LOG><LOG TP='BD'><![CDATA[3/11/2014 -> UPDATE usuarios SET cedula='2222222',nombre='alexander', apellido='fingal', sexo='Masculino', fe_nacim='Thu Nov 10 00:00:00 VET 2011', clave='123456', tx_direccion='qqqqqq',tx_login='xander',id_ciudad='132',email='wwwwww' WHERE id_usuario='28'; Mon Nov 03 13:41:41 VET 2014]]></LOG><LOG TP='BD'><![CDATA[3/11/2014 -> SELECT * FROM usuarios WHERE tx_login='frejolano' and clave='1234'; Mon Nov 03 14:26:09 VET 2014]]></LOG><LOG TP='BD'><![CDATA[3/11/2014 -> SELECT * FROM usuarios WHERE tx_login='frejolano' and clave='1234'; Mon Nov 03 14:26:09 VET 2014]]></LOG><LOG TP='BD'><![CDATA[3/11/2014 -> SELECT * FROM usuarios WHERE tx_login='frejolano' and clave='1234'; Mon Nov 03 14:26:09 VET 2014]]></LOG><LOG TP='BD'><![CDATA[3/11/2014 -> SELECT * FROM tbl_rol_usr WHERE nb_rol_usr='Administrador'; Mon Nov 03 14:26:09 VET 2014]]></LOG><LOG TP='BD'><![CDATA[3/11/2014 -> SELECT * FROM tbl_rol_usr WHERE nb_rol_usr='Estudiante'; Mon Nov 03 14:26:09 VET 2014]]></LOG><LOG TP='BD'><![CDATA[3/11/2014 -> SELECT * FROM tbl_rol_usr WHERE nb_rol_usr='Maestro'; Mon Nov 03 14:26:09 VET 2014]]></LOG><LOG TP='BD'><![CDATA[3/11/2014 -> SELECT * FROM tbl_rol_usr WHERE id_rol_usr=1; Mon Nov 03 14:26:09 VET 2014]]></LOG><LOG TP='BD'><![CDATA[3/11/2014 -> SELECT * FROM tbl_libro WHERE nb_libro='Genesis'; Mon Nov 03 14:26:09 VET 2014]]></LOG><LOG TP='BD'><![CDATA[3/11/2014 -> INSERT INTO tbl_preguntas(tx_preguntas,respuesta_correcta,id_etapa,id_libro) VALUES('cfygvvg','gvhgv',3,'1'); Mon Nov 03 14:26:09 VET 2014]]></LOG><LOG TP='BD'><![CDATA[3/11/2014 -> SELECT * FROM tbl_preguntas WHERE tx_preguntas='cfygvvg'; Mon Nov 03 14:26:09 VET 2014]]></LOG><LOG TP='BD'><![CDATA[3/11/2014 -> INSERT INTO tbl_resp_inc(resp_incorrecta,id_preguntas) VALUES('gvhgv','24'); Mon Nov 03 14:26:09 VET 2014]]></LOG><LOG TP='BD'><![CDATA[3/11/2014 -> INSERT INTO tbl_resp_inc(resp_incorrecta,id_preguntas) VALUES('gvhh','24'); Mon Nov 03 14:26:09 VET 2014]]></LOG><LOG TP='BD'><![CDATA[3/11/2014 -> INSERT INTO tbl_resp_inc(resp_incorrecta,id_preguntas) VALUES('gvhvghgvgv','24'); Mon Nov 03 14:26:09 VET 2014]]></LOG><LOG TP='BD'><![CDATA[3/11/2014 -> INSERT INTO tbl_resp_inc(resp_incorrecta,id_preguntas) VALUES('hvgh','24'); Mon Nov 03 14:26:09 VET 2014]]></LOG><LOG TP='BD'><![CDATA[3/11/2014 -> SELECT * FROM usuarios WHERE tx_login='frejolano' and clave='1234'; Mon Nov 03 14:32:51 VET 2014]]></LOG><LOG TP='BD'><![CDATA[3/11/2014 -> SELECT * FROM usuarios WHERE tx_login='frejolano' and clave='1234'; Mon Nov 03 14:32:51 VET 2014]]></LOG><LOG TP='BD'><![CDATA[3/11/2014 -> SELECT * FROM usuarios WHERE tx_login='frejolano' and clave='1234'; Mon Nov 03 14:32:51 VET 2014]]></LOG><LOG TP='BD'><![CDATA[3/11/2014 -> SELECT * FROM tbl_rol_usr WHERE nb_rol_usr='Administrador'; Mon Nov 03 14:32:51 VET 2014]]></LOG><LOG TP='BD'><![CDATA[3/11/2014 -> SELECT * FROM tbl_rol_usr WHERE nb_rol_usr='Estudiante'; Mon Nov 03 14:32:51 VET 2014]]></LOG><LOG TP='BD'><![CDATA[3/11/2014 -> SELECT * FROM tbl_rol_usr WHERE nb_rol_usr='Maestro'; Mon Nov 03 14:32:51 VET 2014]]></LOG><LOG TP='BD'><![CDATA[3/11/2014 -> SELECT * FROM tbl_rol_usr WHERE id_rol_usr=1; Mon Nov 03 14:32:51 VET 2014]]></LOG><LOG TP='BD'><![CDATA[3/11/2014 -> SELECT * FROM usuarios WHERE tx_login='frejolano' and clave='1234'; Mon Nov 03 14:38:59 VET 2014]]></LOG><LOG TP='BD'><![CDATA[3/11/2014 -> SELECT * FROM usuarios WHERE tx_login='frejolano' and clave='1234'; Mon Nov 03 14:38:59 VET 2014]]></LOG><LOG TP='BD'><![CDATA[3/11/2014 -> SELECT * FROM usuarios WHERE tx_login='frejolano' and clave='1234'; Mon Nov 03 14:38:59 VET 2014]]></LOG><LOG TP='BD'><![CDATA[3/11/2014 -> SELECT * FROM tbl_rol_usr WHERE nb_rol_usr='Administrador'; Mon Nov 03 14:38:59 VET 2014]]></LOG><LOG TP='BD'><![CDATA[3/11/2014 -> SELECT * FROM tbl_rol_usr WHERE nb_rol_usr='Estudiante'; Mon Nov 03 14:38:59 VET 2014]]></LOG><LOG TP='BD'><![CDATA[3/11/2014 -> SELECT * FROM tbl_rol_usr WHERE nb_rol_usr='Maestro'; Mon Nov 03 14:38:59 VET 2014]]></LOG><LOG TP='BD'><![CDATA[3/11/2014 -> SELECT * FROM tbl_rol_usr WHERE id_rol_usr=1; Mon Nov 03 14:38:59 VET 2014]]></LOG><LOG TP='BD'><![CDATA[3/11/2014 -> SELECT * FROM usuarios WHERE tx_login='frejolano' and clave='1234'; Mon Nov 03 14:41:13 VET 2014]]></LOG><LOG TP='BD'><![CDATA[3/11/2014 -> SELECT * FROM usuarios WHERE tx_login='frejolano' and clave='1234'; Mon Nov 03 14:41:13 VET 2014]]></LOG><LOG TP='BD'><![CDATA[3/11/2014 -> SELECT * FROM usuarios WHERE tx_login='frejolano' and clave='1234'; Mon Nov 03 14:41:13 VET 2014]]></LOG><LOG TP='BD'><![CDATA[3/11/2014 -> SELECT * FROM tbl_rol_usr WHERE nb_rol_usr='Administrador'; Mon Nov 03 14:41:13 VET 2014]]></LOG><LOG TP='BD'><![CDATA[3/11/2014 -> SELECT * FROM tbl_rol_usr WHERE nb_rol_usr='Estudiante'; Mon Nov 03 14:41:13 VET 2014]]></LOG><LOG TP='BD'><![CDATA[3/11/2014 -> SELECT * FROM tbl_rol_usr WHERE nb_rol_usr='Maestro'; Mon Nov 03 14:41:13 VET 2014]]></LOG><LOG TP='BD'><![CDATA[3/11/2014 -> SELECT * FROM tbl_rol_usr WHERE id_rol_usr=1; Mon Nov 03 14:41:13 VET 2014]]></LOG><LOG TP='BD'><![CDATA[3/11/2014 -> SELECT * FROM usuarios WHERE tx_login='frejolano' and clave='1234'; Mon Nov 03 14:52:24 VET 2014]]></LOG><LOG TP='BD'><![CDATA[3/11/2014 -> SELECT * FROM usuarios WHERE tx_login='frejolano' and clave='1234'; Mon Nov 03 14:52:24 VET 2014]]></LOG><LOG TP='BD'><![CDATA[3/11/2014 -> SELECT * FROM usuarios WHERE tx_login='frejolano' and clave='1234'; Mon Nov 03 14:52:24 VET 2014]]></LOG><LOG TP='BD'><![CDATA[3/11/2014 -> SELECT * FROM tbl_rol_usr WHERE nb_rol_usr='Administrador'; Mon Nov 03 14:52:24 VET 2014]]></LOG><LOG TP='BD'><![CDATA[3/11/2014 -> SELECT * FROM tbl_rol_usr WHERE nb_rol_usr='Estudiante'; Mon Nov 03 14:52:24 VET 2014]]></LOG><LOG TP='BD'><![CDATA[3/11/2014 -> SELECT * FROM tbl_rol_usr WHERE nb_rol_usr='Maestro'; Mon Nov 03 14:52:24 VET 2014]]></LOG><LOG TP='BD'><![CDATA[3/11/2014 -> SELECT * FROM tbl_rol_usr WHERE id_rol_usr=1; Mon Nov 03 14:52:24 VET 2014]]></LOG><LOG TP='BD'><![CDATA[3/11/2014 -> SELECT * FROM usuarios WHERE tx_login='frejolano' and clave='1234'; Mon Nov 03 14:57:04 VET 2014]]></LOG><LOG TP='BD'><![CDATA[3/11/2014 -> SELECT * FROM usuarios WHERE tx_login='frejolano' and clave='1234'; Mon Nov 03 14:57:04 VET 2014]]></LOG><LOG TP='BD'><![CDATA[3/11/2014 -> SELECT * FROM usuarios WHERE tx_login='frejolano' and clave='1234'; Mon Nov 03 14:57:04 VET 2014]]></LOG><LOG TP='BD'><![CDATA[3/11/2014 -> SELECT * FROM tbl_rol_usr WHERE nb_rol_usr='Administrador'; Mon Nov 03 14:57:04 VET 2014]]></LOG><LOG TP='BD'><![CDATA[3/11/2014 -> SELECT * FROM tbl_rol_usr WHERE nb_rol_usr='Estudiante'; Mon Nov 03 14:57:04 VET 2014]]></LOG><LOG TP='BD'><![CDATA[3/11/2014 -> SELECT * FROM tbl_rol_usr WHERE nb_rol_usr='Maestro'; Mon Nov 03 14:57:04 VET 2014]]></LOG><LOG TP='BD'><![CDATA[3/11/2014 -> SELECT * FROM tbl_rol_usr WHERE id_rol_usr=1; Mon Nov 03 14:57:04 VET 2014]]></LOG><LOG TP='BD'><![CDATA[3/11/2014 -> SELECT * FROM tbl_libro WHERE nb_libro='Levitico'; Mon Nov 03 14:57:04 VET 2014]]></LOG><LOG TP='BD'><![CDATA[3/11/2014 -> INSERT INTO tbl_preguntas(tx_preguntas,respuesta_correcta,id_etapa,id_libro) VALUES('l.lp','pñpppññp',3,'3'); Mon Nov 03 14:57:04 VET 2014]]></LOG><LOG TP='BD'><![CDATA[3/11/2014 -> SELECT * FROM tbl_preguntas WHERE tx_preguntas='l.lp'; Mon Nov 03 14:57:04 VET 2014]]></LOG><LOG TP='BD'><![CDATA[3/11/2014 -> INSERT INTO tbl_resp_inc(resp_incorrecta,id_preguntas) VALUES('ñp','25'); Mon Nov 03 14:57:04 VET 2014]]></LOG><LOG TP='BD'><![CDATA[3/11/2014 -> INSERT INTO tbl_resp_inc(resp_incorrecta,id_preguntas) VALUES('ñpñ','25'); Mon Nov 03 14:57:04 VET 2014]]></LOG><LOG TP='BD'><![CDATA[3/11/2014 -> INSERT INTO tbl_resp_inc(resp_incorrecta,id_preguntas) VALUES('ñpñooo','25'); Mon Nov 03 14:57:04 VET 2014]]></LOG><LOG TP='BD'><![CDATA[3/11/2014 -> INSERT INTO tbl_resp_inc(resp_incorrecta,id_preguntas) VALUES('pñpppññp','25'); Mon Nov 03 14:57:04 VET 2014]]></LOG><LOG TP='BD'><![CDATA[3/11/2014 -> SELECT * FROM tbl_libro WHERE nb_libro='Levitico'; Mon Nov 03 14:57:04 VET 2014]]></LOG><LOG TP='BD'><![CDATA[3/11/2014 -> INSERT INTO tbl_preguntas(tx_preguntas,respuesta_correcta,id_etapa,id_libro) VALUES('l.lp','pñpppññp',3,'3'); Mon Nov 03 14:57:04 VET 2014]]></LOG><LOG TP='BD'><![CDATA[3/11/2014 -> SELECT * FROM tbl_preguntas WHERE tx_preguntas='l.lp'; Mon Nov 03 14:57:04 VET 2014]]></LOG><LOG TP='BD'><![CDATA[3/11/2014 -> INSERT INTO tbl_resp_inc(resp_incorrecta,id_preguntas) VALUES('ñp','26'); Mon Nov 03 14:57:04 VET 2014]]></LOG><LOG TP='BD'><![CDATA[3/11/2014 -> INSERT INTO tbl_resp_inc(resp_incorrecta,id_preguntas) VALUES('ñpñ','26'); Mon Nov 03 14:57:04 VET 2014]]></LOG><LOG TP='BD'><![CDATA[3/11/2014 -> INSERT INTO tbl_resp_inc(resp_incorrecta,id_preguntas) VALUES('ñpñooo','26'); Mon Nov 03 14:57:04 VET 2014]]></LOG><LOG TP='BD'><![CDATA[3/11/2014 -> INSERT INTO tbl_resp_inc(resp_incorrecta,id_preguntas) VALUES('pñpppññp','26'); Mon Nov 03 14:57:04 VET 2014]]></LOG><LOG TP='BD'><![CDATA[3/11/2014 -> SELECT * FROM tbl_libro WHERE nb_libro='Levitico'; Mon Nov 03 14:57:04 VET 2014]]></LOG><LOG TP='BD'><![CDATA[3/11/2014 -> INSERT INTO tbl_preguntas(tx_preguntas,respuesta_correcta,id_etapa,id_libro) VALUES('l.lp','pñpppññp',3,'3'); Mon Nov 03 14:57:04 VET 2014]]></LOG><LOG TP='BD'><![CDATA[3/11/2014 -> SELECT * FROM tbl_preguntas WHERE tx_preguntas='l.lp'; Mon Nov 03 14:57:04 VET 2014]]></LOG><LOG TP='BD'><![CDATA[3/11/2014 -> INSERT INTO tbl_resp_inc(resp_incorrecta,id_preguntas) VALUES('ñp','27'); Mon Nov 03 14:57:04 VET 2014]]></LOG><LOG TP='BD'><![CDATA[3/11/2014 -> INSERT INTO tbl_resp_inc(resp_incorrecta,id_preguntas) VALUES('ñpñ','27'); Mon Nov 03 14:57:04 VET 2014]]></LOG><LOG TP='BD'><![CDATA[3/11/2014 -> INSERT INTO tbl_resp_inc(resp_incorrecta,id_preguntas) VALUES('ñpñooo','27'); Mon Nov 03 14:57:04 VET 2014]]></LOG><LOG TP='BD'><![CDATA[3/11/2014 -> INSERT INTO tbl_resp_inc(resp_incorrecta,id_preguntas) VALUES('pñpppññp','27'); Mon Nov 03 14:57:04 VET 2014]]></LOG><LOG TP='BD'><![CDATA[3/11/2014 -> SELECT * FROM tbl_libro WHERE nb_libro='Levitico'; Mon Nov 03 14:57:04 VET 2014]]></LOG><LOG TP='BD'><![CDATA[3/11/2014 -> INSERT INTO tbl_preguntas(tx_preguntas,respuesta_correcta,id_etapa,id_libro) VALUES('l.lp','pñpppññp',3,'3'); Mon Nov 03 14:57:04 VET 2014]]></LOG><LOG TP='BD'><![CDATA[3/11/2014 -> SELECT * FROM tbl_preguntas WHERE tx_preguntas='l.lp'; Mon Nov 03 14:57:04 VET 2014]]></LOG><LOG TP='BD'><![CDATA[3/11/2014 -> INSERT INTO tbl_resp_inc(resp_incorrecta,id_preguntas) VALUES('ñp','28'); Mon Nov 03 14:57:04 VET 2014]]></LOG><LOG TP='BD'><![CDATA[3/11/2014 -> INSERT INTO tbl_resp_inc(resp_incorrecta,id_preguntas) VALUES('ñpñ','28'); Mon Nov 03 14:57:04 VET 2014]]></LOG><LOG TP='BD'><![CDATA[3/11/2014 -> INSERT INTO tbl_resp_inc(resp_incorrecta,id_preguntas) VALUES('ñpñooo','28'); Mon Nov 03 14:57:04 VET 2014]]></LOG><LOG TP='BD'><![CDATA[3/11/2014 -> INSERT INTO tbl_resp_inc(resp_incorrecta,id_preguntas) VALUES('pñpppññp','28'); Mon Nov 03 14:57:04 VET 2014]]></LOG><LOG TP='BD'><![CDATA[3/11/2014 -> SELECT * FROM tbl_libro WHERE nb_libro='Levitico'; Mon Nov 03 14:57:04 VET 2014]]></LOG><LOG TP='BD'><![CDATA[3/11/2014 -> INSERT INTO tbl_preguntas(tx_preguntas,respuesta_correcta,id_etapa,id_libro) VALUES('l.lp','pñpppññp',3,'3'); Mon Nov 03 14:57:04 VET 2014]]></LOG><LOG TP='BD'><![CDATA[3/11/2014 -> SELECT * FROM tbl_preguntas WHERE tx_preguntas='l.lp'; Mon Nov 03 14:57:04 VET 2014]]></LOG><LOG TP='BD'><![CDATA[3/11/2014 -> INSERT INTO tbl_resp_inc(resp_incorrecta,id_preguntas) VALUES('ñp','29'); Mon Nov 03 14:57:04 VET 2014]]></LOG><LOG TP='BD'><![CDATA[3/11/2014 -> INSERT INTO tbl_resp_inc(resp_incorrecta,id_preguntas) VALUES('ñpñ','29'); Mon Nov 03 14:57:04 VET 2014]]></LOG><LOG TP='BD'><![CDATA[3/11/2014 -> INSERT INTO tbl_resp_inc(resp_incorrecta,id_preguntas) VALUES('ñpñooo','29'); Mon Nov 03 14:57:04 VET 2014]]></LOG><LOG TP='BD'><![CDATA[3/11/2014 -> INSERT INTO tbl_resp_inc(resp_incorrecta,id_preguntas) VALUES('pñpppññp','29'); Mon Nov 03 14:57:04 VET 2014]]></LOG><LOG TP='BD'><![CDATA[3/11/2014 -> SELECT * FROM tbl_libro WHERE nb_libro='Levitico'; Mon Nov 03 14:57:04 VET 2014]]></LOG><LOG TP='BD'><![CDATA[3/11/2014 -> INSERT INTO tbl_preguntas(tx_preguntas,respuesta_correcta,id_etapa,id_libro) VALUES('l.lp','pñpppññp',3,'3'); Mon Nov 03 14:57:04 VET 2014]]></LOG><LOG TP='BD'><![CDATA[3/11/2014 -> SELECT * FROM tbl_preguntas WHERE tx_preguntas='l.lp'; Mon Nov 03 14:57:04 VET 2014]]></LOG><LOG TP='BD'><![CDATA[3/11/2014 -> INSERT INTO tbl_resp_inc(resp_incorrecta,id_preguntas) VALUES('ñp','30'); Mon Nov 03 14:57:04 VET 2014]]></LOG><LOG TP='BD'><![CDATA[3/11/2014 -> INSERT INTO tbl_resp_inc(resp_incorrecta,id_preguntas) VALUES('ñpñ','30'); Mon Nov 03 14:57:04 VET 2014]]></LOG><LOG TP='BD'><![CDATA[3/11/2014 -> INSERT INTO tbl_resp_inc(resp_incorrecta,id_preguntas) VALUES('ñpñooo','30'); Mon Nov 03 14:57:04 VET 2014]]></LOG><LOG TP='BD'><![CDATA[3/11/2014 -> INSERT INTO tbl_resp_inc(resp_incorrecta,id_preguntas) VALUES('pñpppññp','30'); Mon Nov 03 14:57:04 VET 2014]]></LOG><LOG TP='BD'><![CDATA[3/11/2014 -> SELECT * FROM tbl_libro WHERE nb_libro='Levitico'; Mon Nov 03 14:57:04 VET 2014]]></LOG><LOG TP='BD'><![CDATA[3/11/2014 -> INSERT INTO tbl_preguntas(tx_preguntas,respuesta_correcta,id_etapa,id_libro) VALUES('l.lp','pñpppññp',3,'3'); Mon Nov 03 14:57:04 VET 2014]]></LOG><LOG TP='BD'><![CDATA[3/11/2014 -> SELECT * FROM tbl_preguntas WHERE tx_preguntas='l.lp'; Mon Nov 03 14:57:04 VET 2014]]></LOG><LOG TP='BD'><![CDATA[3/11/2014 -> INSERT INTO tbl_resp_inc(resp_incorrecta,id_preguntas) VALUES('ñp','31'); Mon Nov 03 14:57:04 VET 2014]]></LOG><LOG TP='BD'><![CDATA[3/11/2014 -> INSERT INTO tbl_resp_inc(resp_incorrecta,id_preguntas) VALUES('ñpñ','31'); Mon Nov 03 14:57:04 VET 2014]]></LOG><LOG TP='BD'><![CDATA[3/11/2014 -> INSERT INTO tbl_resp_inc(resp_incorrecta,id_preguntas) VALUES('ñpñooo','31'); Mon Nov 03 14:57:04 VET 2014]]></LOG><LOG TP='BD'><![CDATA[3/11/2014 -> INSERT INTO tbl_resp_inc(resp_incorrecta,id_preguntas) VALUES('pñpppññp','31'); Mon Nov 03 14:57:04 VET 2014]]></LOG><LOG TP='BD'><![CDATA[3/11/2014 -> SELECT * FROM tbl_libro WHERE nb_libro='Levitico'; Mon Nov 03 14:57:04 VET 2014]]></LOG><LOG TP='BD'><![CDATA[3/11/2014 -> INSERT INTO tbl_preguntas(tx_preguntas,respuesta_correcta,id_etapa,id_libro) VALUES('l.lp','pñpppññp',3,'3'); Mon Nov 03 14:57:04 VET 2014]]></LOG><LOG TP='BD'><![CDATA[3/11/2014 -> SELECT * FROM tbl_preguntas WHERE tx_preguntas='l.lp'; Mon Nov 03 14:57:04 VET 2014]]></LOG><LOG TP='BD'><![CDATA[3/11/2014 -> INSERT INTO tbl_resp_inc(resp_incorrecta,id_preguntas) VALUES('ñp','32'); Mon Nov 03 14:57:04 VET 2014]]></LOG><LOG TP='BD'><![CDATA[3/11/2014 -> INSERT INTO tbl_resp_inc(resp_incorrecta,id_preguntas) VALUES('ñpñ','32'); Mon Nov 03 14:57:04 VET 2014]]></LOG><LOG TP='BD'><![CDATA[3/11/2014 -> INSERT INTO tbl_resp_inc(resp_incorrecta,id_preguntas) VALUES('ñpñooo','32'); Mon Nov 03 14:57:04 VET 2014]]></LOG><LOG TP='BD'><![CDATA[3/11/2014 -> INSERT INTO tbl_resp_inc(resp_incorrecta,id_preguntas) VALUES('pñpppññp','32'); Mon Nov 03 14:57:04 VET 2014]]></LOG><LOG TP='BD'><![CDATA[3/11/2014 -> SELECT * FROM tbl_libro WHERE nb_libro='Levitico'; Mon Nov 03 14:57:04 VET 2014]]></LOG><LOG TP='BD'><![CDATA[3/11/2014 -> INSERT INTO tbl_preguntas(tx_preguntas,respuesta_correcta,id_etapa,id_libro) VALUES('l.lp','pñpppññp',3,'3'); Mon Nov 03 14:57:04 VET 2014]]></LOG><LOG TP='BD'><![CDATA[3/11/2014 -> SELECT * FROM tbl_preguntas WHERE tx_preguntas='l.lp'; Mon Nov 03 14:57:04 VET 2014]]></LOG><LOG TP='BD'><![CDATA[3/11/2014 -> INSERT INTO tbl_resp_inc(resp_incorrecta,id_preguntas) VALUES('ñp','33'); Mon Nov 03 14:57:04 VET 2014]]></LOG><LOG TP='BD'><![CDATA[3/11/2014 -> INSERT INTO tbl_resp_inc(resp_incorrecta,id_preguntas) VALUES('ñpñ','33'); Mon Nov 03 14:57:04 VET 2014]]></LOG><LOG TP='BD'><![CDATA[3/11/2014 -> INSERT INTO tbl_resp_inc(resp_incorrecta,id_preguntas) VALUES('ñpñooo','33'); Mon Nov 03 14:57:04 VET 2014]]></LOG><LOG TP='BD'><![CDATA[3/11/2014 -> INSERT INTO tbl_resp_inc(resp_incorrecta,id_preguntas) VALUES('pñpppññp','33'); Mon Nov 03 14:57:04 VET 2014]]></LOG><LOG TP='BD'><![CDATA[3/11/2014 -> SELECT * FROM tbl_libro WHERE nb_libro='Levitico'; Mon Nov 03 14:57:04 VET 2014]]></LOG><LOG TP='BD'><![CDATA[3/11/2014 -> INSERT INTO tbl_preguntas(tx_preguntas,respuesta_correcta,id_etapa,id_libro) VALUES('l.lp','pñpppññp',3,'3'); Mon Nov 03 14:57:04 VET 2014]]></LOG><LOG TP='BD'><![CDATA[3/11/2014 -> SELECT * FROM tbl_preguntas WHERE tx_preguntas='l.lp'; Mon Nov 03 14:57:04 VET 2014]]></LOG><LOG TP='BD'><![CDATA[3/11/2014 -> INSERT INTO tbl_resp_inc(resp_incorrecta,id_preguntas) VALUES('ñp','34'); Mon Nov 03 14:57:04 VET 2014]]></LOG><LOG TP='BD'><![CDATA[3/11/2014 -> INSERT INTO tbl_resp_inc(resp_incorrecta,id_preguntas) VALUES('ñpñ','34'); Mon Nov 03 14:57:04 VET 2014]]></LOG><LOG TP='BD'><![CDATA[3/11/2014 -> INSERT INTO tbl_resp_inc(resp_incorrecta,id_preguntas) VALUES('ñpñooo','34'); Mon Nov 03 14:57:04 VET 2014]]></LOG><LOG TP='BD'><![CDATA[3/11/2014 -> INSERT INTO tbl_resp_inc(resp_incorrecta,id_preguntas) VALUES('pñpppññp','34'); Mon Nov 03 14:57:04 VET 2014]]></LOG><LOG TP='BD'><![CDATA[3/11/2014 -> SELECT * FROM tbl_libro WHERE nb_libro='Levitico'; Mon Nov 03 14:57:04 VET 2014]]></LOG><LOG TP='BD'><![CDATA[3/11/2014 -> INSERT INTO tbl_preguntas(tx_preguntas,respuesta_correcta,id_etapa,id_libro) VALUES('l.lp','pñpppññp',3,'3'); Mon Nov 03 14:57:04 VET 2014]]></LOG><LOG TP='BD'><![CDATA[3/11/2014 -> SELECT * FROM tbl_preguntas WHERE tx_preguntas='l.lp'; Mon Nov 03 14:57:04 VET 2014]]></LOG><LOG TP='BD'><![CDATA[3/11/2014 -> INSERT INTO tbl_resp_inc(resp_incorrecta,id_preguntas) VALUES('ñp','35'); Mon Nov 03 14:57:04 VET 2014]]></LOG><LOG TP='BD'><![CDATA[3/11/2014 -> INSERT INTO tbl_resp_inc(resp_incorrecta,id_preguntas) VALUES('ñpñ','35'); Mon Nov 03 14:57:04 VET 2014]]></LOG><LOG TP='BD'><![CDATA[3/11/2014 -> INSERT INTO tbl_resp_inc(resp_incorrecta,id_preguntas) VALUES('ñpñooo','35'); Mon Nov 03 14:57:04 VET 2014]]></LOG><LOG TP='BD'><![CDATA[3/11/2014 -> INSERT INTO tbl_resp_inc(resp_incorrecta,id_preguntas) VALUES('pñpppññp','35'); Mon Nov 03 14:57:04 VET 2014]]></LOG><LOG TP='BD'><![CDATA[3/11/2014 -> SELECT * FROM tbl_libro WHERE nb_libro='Levitico'; Mon Nov 03 14:57:04 VET 2014]]></LOG><LOG TP='BD'><![CDATA[3/11/2014 -> INSERT INTO tbl_preguntas(tx_preguntas,respuesta_correcta,id_etapa,id_libro) VALUES('l.lp','pñpppññp',3,'3'); Mon Nov 03 14:57:04 VET 2014]]></LOG><LOG TP='BD'><![CDATA[3/11/2014 -> SELECT * FROM tbl_preguntas WHERE tx_preguntas='l.lp'; Mon Nov 03 14:57:04 VET 2014]]></LOG><LOG TP='BD'><![CDATA[3/11/2014 -> INSERT INTO tbl_resp_inc(resp_incorrecta,id_preguntas) VALUES('ñp','36'); Mon Nov 03 14:57:04 VET 2014]]></LOG><LOG TP='BD'><![CDATA[3/11/2014 -> INSERT INTO tbl_resp_inc(resp_incorrecta,id_preguntas) VALUES('ñpñ','36'); Mon Nov 03 14:57:04 VET 2014]]></LOG><LOG TP='BD'><![CDATA[3/11/2014 -> INSERT INTO tbl_resp_inc(resp_incorrecta,id_preguntas) VALUES('ñpñooo','36'); Mon Nov 03 14:57:04 VET 2014]]></LOG><LOG TP='BD'><![CDATA[3/11/2014 -> INSERT INTO tbl_resp_inc(resp_incorrecta,id_preguntas) VALUES('pñpppññp','36'); Mon Nov 03 14:57:04 VET 2014]]></LOG><LOG TP='BD'><![CDATA[3/11/2014 -> SELECT * FROM tbl_libro WHERE nb_libro='Levitico'; Mon Nov 03 14:57:04 VET 2014]]></LOG><LOG TP='BD'><![CDATA[3/11/2014 -> INSERT INTO tbl_preguntas(tx_preguntas,respuesta_correcta,id_etapa,id_libro) VALUES('l.lp','pñpppññp',3,'3'); Mon Nov 03 14:57:04 VET 2014]]></LOG><LOG TP='BD'><![CDATA[3/11/2014 -> SELECT * FROM tbl_preguntas WHERE tx_preguntas='l.lp'; Mon Nov 03 14:57:04 VET 2014]]></LOG><LOG TP='BD'><![CDATA[3/11/2014 -> INSERT INTO tbl_resp_inc(resp_incorrecta,id_preguntas) VALUES('ñp','37'); Mon Nov 03 14:57:04 VET 2014]]></LOG><LOG TP='BD'><![CDATA[3/11/2014 -> INSERT INTO tbl_resp_inc(resp_incorrecta,id_preguntas) VALUES('ñpñ','37'); Mon Nov 03 14:57:04 VET 2014]]></LOG><LOG TP='BD'><![CDATA[3/11/2014 -> INSERT INTO tbl_resp_inc(resp_incorrecta,id_preguntas) VALUES('ñpñooo','37'); Mon Nov 03 14:57:04 VET 2014]]></LOG><LOG TP='BD'><![CDATA[3/11/2014 -> INSERT INTO tbl_resp_inc(resp_incorrecta,id_preguntas) VALUES('pñpppññp','37'); Mon Nov 03 14:57:04 VET 2014]]></LOG><LOG TP='BD'><![CDATA[3/11/2014 -> SELECT id_estado FROM tbl_estado WHERE nb_estado='Apure'; Mon Nov 03 14:57:04 VET 2014]]></LOG><LOG TP='BD'><![CDATA[3/11/2014 -> SELECT id_estado FROM tbl_estado WHERE nb_estado='Apure'; Mon Nov 03 14:57:04 VET 2014]]></LOG><LOG TP='BD'><![CDATA[3/11/2014 -> SELECT id_estado FROM tbl_estado WHERE nb_estado='Aragua'; Mon Nov 03 14:57:04 VET 2014]]></LOG><LOG TP='BD'><![CDATA[3/11/2014 -> SELECT id_estado FROM tbl_estado WHERE nb_estado='Aragua'; Mon Nov 03 14:57:04 VET 2014]]></LOG><LOG TP='BD'><![CDATA[3/11/2014 -> SELECT id_estado FROM tbl_estado WHERE nb_estado='Cojedes'; Mon Nov 03 14:57:04 VET 2014]]></LOG><LOG TP='BD'><![CDATA[3/11/2014 -> SELECT id_estado FROM tbl_estado WHERE nb_estado='Cojedes'; Mon Nov 03 14:57:04 VET 2014]]></LOG><LOG TP='BD'><![CDATA[3/11/2014 -> SELECT id_estado FROM tbl_estado WHERE nb_estado='Aragua'; Mon Nov 03 14:57:04 VET 2014]]></LOG><LOG TP='BD'><![CDATA[3/11/2014 -> SELECT id_estado FROM tbl_estado WHERE nb_estado='Aragua'; Mon Nov 03 14:57:04 VET 2014]]></LOG><LOG TP='BD'><![CDATA[3/11/2014 -> SELECT id_estado FROM tbl_estado WHERE nb_estado='Carabobo'; Mon Nov 03 14:57:04 VET 2014]]></LOG><LOG TP='BD'><![CDATA[3/11/2014 -> SELECT id_estado FROM tbl_estado WHERE nb_estado='Carabobo'; Mon Nov 03 14:57:04 VET 2014]]></LOG><LOG TP='BD'><![CDATA[3/11/2014 -> SELECT * FROM usuarios WHERE cedula='11800120'; Mon Nov 03 14:57:04 VET 2014]]></LOG><LOG TP='BD'><![CDATA[3/11/2014 -> SELECT * FROM usuarios WHERE cedula='11800120'; Mon Nov 03 14:57:04 VET 2014]]></LOG><LOG TP='BD'><![CDATA[3/11/2014 -> SELECT * FROM usuarios WHERE cedula='11800120'; Mon Nov 03 14:57:04 VET 2014]]></LOG><LOG TP='BD'><![CDATA[3/11/2014 -> SELECT * FROM usuarios WHERE cedula='11800120'; Mon Nov 03 14:57:04 VET 2014]]></LOG><LOG TP='BD'><![CDATA[3/11/2014 -> SELECT * FROM usuarios WHERE cedula='11800120'; Mon Nov 03 14:57:04 VET 2014]]></LOG><LOG TP='BD'><![CDATA[3/11/2014 -> SELECT * FROM usuarios WHERE cedula='11800120'; Mon Nov 03 14:57:04 VET 2014]]></LOG><LOG TP='BD'><![CDATA[3/11/2014 -> SELECT * FROM usuarios WHERE cedula='11800120'; Mon Nov 03 14:57:04 VET 2014]]></LOG><LOG TP='BD'><![CDATA[3/11/2014 -> SELECT * FROM tbl_ciudad WHERE id_ciudad=1; Mon Nov 03 14:57:04 VET 2014]]></LOG><LOG TP='BD'><![CDATA[3/11/2014 -> SELECT * FROM tbl_municipio WHERE id_municipio=1; Mon Nov 03 14:57:04 VET 2014]]></LOG><LOG TP='BD'><![CDATA[3/11/2014 -> SELECT nb_estado FROM tbl_estado WHERE id_estado=1; Mon Nov 03 14:57:04 VET 2014]]></LOG><LOG TP='BD'><![CDATA[3/11/2014 -> SELECT id_estado FROM tbl_estado WHERE nb_estado='Amazonas'; Mon Nov 03 14:57:04 VET 2014]]></LOG><LOG TP='BD'><![CDATA[3/11/2014 -> SELECT id_estado FROM tbl_estado WHERE nb_estado='Amazonas'; Mon Nov 03 14:57:04 VET 2014]]></LOG><LOG TP='BD'><![CDATA[3/11/2014 -> SELECT * FROM tbl_municipio WHERE id_municipio=1; Mon Nov 03 14:57:04 VET 2014]]></LOG><LOG TP='BD'><![CDATA[3/11/2014 -> SELECT id_municipio FROM tbl_municipio WHERE nb_municipio='Atures'; Mon Nov 03 14:57:04 VET 2014]]></LOG><LOG TP='BD'><![CDATA[3/11/2014 -> SELECT id_municipio FROM tbl_municipio WHERE nb_municipio='Atures'; Mon Nov 03 14:57:04 VET 2014]]></LOG><LOG TP='BD'><![CDATA[3/11/2014 -> SELECT * FROM tbl_ciudad WHERE id_ciudad=1; Mon Nov 03 14:57:04 VET 2014]]></LOG><LOG TP='BD'><![CDATA[3/11/2014 -> SELECT * FROM usuarios WHERE cedula='11800120'; Mon Nov 03 14:57:04 VET 2014]]></LOG><LOG TP='BD'><![CDATA[3/11/2014 -> SELECT * FROM usuarios WHERE cedula='11800120'; Mon Nov 03 14:57:04 VET 2014]]></LOG><LOG TP='BD'><![CDATA[3/11/2014 -> SELECT * FROM usuarios WHERE cedula='11800120'; Mon Nov 03 14:57:04 VET 2014]]></LOG><LOG TP='BD'><![CDATA[3/11/2014 -> SELECT * FROM tbl_rol_usr WHERE id_rol_usr='1'; Mon Nov 03 14:57:04 VET 2014]]></LOG><LOG TP='BD'><![CDATA[3/11/2014 -> SELECT * FROM usuarios WHERE cedula='17841481'; Mon Nov 03 14:57:04 VET 2014]]></LOG><LOG TP='BD'><![CDATA[3/11/2014 -> SELECT id_grado FROM tbl_grado WHERE nb_grado='1'; Mon Nov 03 14:57:04 VET 2014]]></LOG><LOG TP='BD'><![CDATA[3/11/2014 -> SELECT id_grado FROM tbl_grado WHERE nb_grado='1'; Mon Nov 03 14:57:04 VET 2014]]></LOG><LOG TP='BD'><![CDATA[3/11/2014 -> SELECT tx_login FROM usuarios WHERE tx_login='frejolano'; Mon Nov 03 14:57:04 VET 2014]]></LOG><LOG TP='BD'><![CDATA[3/11/2014 -> SELECT tx_login FROM usuarios WHERE tx_login='frejolanop'; Mon Nov 03 14:57:04 VET 2014]]></LOG><LOG TP='BD'><![CDATA[3/11/2014 -> SELECT * FROM tbl_seccion WHERE nb_seccion='C'; Mon Nov 03 14:57:04 VET 2014]]></LOG><LOG TP='BD'><![CDATA[3/11/2014 -> INSERT INTO usuarios(clave,tx_login,id_rol_usr,id_seccion) VALUES('12345','frejolanop',3,3); Mon Nov 03 14:57:04 VET 2014]]></LOG><LOG TP='BD'><![CDATA[3/11/2014 -> SELECT * FROM usuarios WHERE tx_login='frejolanop' and clave='12345'; Mon Nov 03 15:01:44 VET 2014]]></LOG><LOG TP='BD'><![CDATA[3/11/2014 -> SELECT * FROM usuarios WHERE tx_login='frejolanop' and clave='12345'; Mon Nov 03 15:01:44 VET 2014]]></LOG><LOG TP='BD'><![CDATA[3/11/2014 -> SELECT * FROM usuarios WHERE tx_login='frejolanop' and clave='12345'; Mon Nov 03 15:01:44 VET 2014]]></LOG><LOG TP='BD'><![CDATA[3/11/2014 -> SELECT * FROM tbl_rol_usr WHERE nb_rol_usr='Administrador'; Mon Nov 03 15:01:44 VET 2014]]></LOG><LOG TP='BD'><![CDATA[3/11/2014 -> SELECT * FROM tbl_rol_usr WHERE nb_rol_usr='Estudiante'; Mon Nov 03 15:01:44 VET 2014]]></LOG><LOG TP='BD'><![CDATA[3/11/2014 -> SELECT * FROM tbl_rol_usr WHERE nb_rol_usr='Maestro'; Mon Nov 03 15:01:44 VET 2014]]></LOG><LOG TP='BD'><![CDATA[3/11/2014 -> SELECT id_estado FROM tbl_estado WHERE nb_estado='Carabobo'; Mon Nov 03 15:01:44 VET 2014]]></LOG><LOG TP='BD'><![CDATA[3/11/2014 -> SELECT id_estado FROM tbl_estado WHERE nb_estado='Carabobo'; Mon Nov 03 15:01:44 VET 2014]]></LOG><LOG TP='BD'><![CDATA[3/11/2014 -> SELECT id_municipio FROM tbl_municipio WHERE nb_municipio='Diego Ibarra'; Mon Nov 03 15:01:44 VET 2014]]></LOG><LOG TP='BD'><![CDATA[3/11/2014 -> SELECT id_municipio FROM tbl_municipio WHERE nb_municipio='Diego Ibarra'; Mon Nov 03 15:01:44 VET 2014]]></LOG><LOG TP='BD'><![CDATA[3/11/2014 -> SELECT id_estado FROM tbl_estado WHERE nb_estado='Apure'; Mon Nov 03 15:01:44 VET 2014]]></LOG><LOG TP='BD'><![CDATA[3/11/2014 -> SELECT id_estado FROM tbl_estado WHERE nb_estado='Apure'; Mon Nov 03 15:01:44 VET 2014]]></LOG><LOG TP='BD'><![CDATA[3/11/2014 -> SELECT id_municipio FROM tbl_municipio WHERE nb_municipio='San Fernando'; Mon Nov 03 15:01:44 VET 2014]]></LOG><LOG TP='BD'><![CDATA[3/11/2014 -> SELECT id_municipio FROM tbl_municipio WHERE nb_municipio='San Fernando'; Mon Nov 03 15:01:44 VET 2014]]></LOG><LOG TP='BD'><![CDATA[3/11/2014 -> SELECT * FROM usuarios WHERE cedula='ijiyhiyhyhihiyhiyh'; Mon Nov 03 15:01:44 VET 2014]]></LOG><LOG TP='BD'><![CDATA[3/11/2014 -> SELECT * FROM usuarios WHERE cedula='ijiyhiyhyhihiyhiyh'; Mon Nov 03 15:01:44 VET 2014]]></LOG><LOG TP='BD'><![CDATA[3/11/2014 -> SELECT * FROM tbl_ciudad WHERE nb_ciudad ='San Fernando de Apure'; Mon Nov 03 15:01:44 VET 2014]]></LOG><LOG TP='BD'><![CDATA[3/11/2014 -> UPDATE usuarios SET cedula='ijiyhiyhyhihiyhiyh',nombre='566565656', apellido='64555555565656', sexo='Masculino', fe_nacim='Mon Nov 03 00:00:00 VET 2014', clave='0000', tx_direccion='jj,ij,ij,iuhmuhm,uhmuhmuh,uhmhu muhmumuj.ijmuhm ,uhnuhnuhn',tx_login='pp',id_ciudad='16',email='okmimilumij' WHERE id_usuario='30'; Mon Nov 03 15:01:44 VET 2014]]></LOG>