<LOG TP='BD'><![CDATA[23/10/2014 -> SELECT * FROM usuarios WHERE tx_login='frejolano' and clave='12345'; Thu Oct 23 14:58:42 VET 2014]]></LOG><LOG TP='BD'><![CDATA[23/10/2014 -> SELECT * FROM usuarios WHERE tx_login='frejolano' and clave='1234'; Thu Oct 23 14:58:42 VET 2014]]></LOG><LOG TP='BD'><![CDATA[23/10/2014 -> SELECT * FROM usuarios WHERE tx_login='frejolano' and clave='1234'; Thu Oct 23 14:58:42 VET 2014]]></LOG><LOG TP='BD'><![CDATA[23/10/2014 -> SELECT * FROM tbl_rol_usr WHERE nb_rol_usr='Administrador'; Thu Oct 23 14:58:42 VET 2014]]></LOG><LOG TP='BD'><![CDATA[23/10/2014 -> SELECT * FROM tbl_rol_usr WHERE nb_rol_usr='Estudiante'; Thu Oct 23 14:58:42 VET 2014]]></LOG><LOG TP='BD'><![CDATA[23/10/2014 -> SELECT * FROM tbl_rol_usr WHERE nb_rol_usr='Maestro'; Thu Oct 23 14:58:42 VET 2014]]></LOG><LOG TP='BD'><![CDATA[23/10/2014 -> SELECT * FROM tbl_rol_usr WHERE id_rol_usr=1; Thu Oct 23 14:58:42 VET 2014]]></LOG><LOG TP='BD'><![CDATA[23/10/2014 -> SELECT * FROM usuarios WHERE tx_login='frejolano' and clave='1234'; Thu Oct 23 15:40:19 VET 2014]]></LOG><LOG TP='BD'><![CDATA[23/10/2014 -> SELECT * FROM usuarios WHERE tx_login='frejolano' and clave='1234'; Thu Oct 23 15:40:19 VET 2014]]></LOG><LOG TP='BD'><![CDATA[23/10/2014 -> SELECT * FROM tbl_rol_usr WHERE nb_rol_usr='Administrador'; Thu Oct 23 15:40:19 VET 2014]]></LOG><LOG TP='BD'><![CDATA[23/10/2014 -> SELECT * FROM tbl_rol_usr WHERE nb_rol_usr='Estudiante'; Thu Oct 23 15:40:19 VET 2014]]></LOG><LOG TP='BD'><![CDATA[23/10/2014 -> SELECT * FROM tbl_rol_usr WHERE nb_rol_usr='Maestro'; Thu Oct 23 15:40:19 VET 2014]]></LOG><LOG TP='BD'><![CDATA[23/10/2014 -> SELECT * FROM tbl_rol_usr WHERE id_rol_usr=1; Thu Oct 23 15:40:19 VET 2014]]></LOG><LOG TP='BD'><![CDATA[23/10/2014 -> SELECT * FROM usuarios WHERE tx_login='frejolano' and clave='1234'; Thu Oct 23 17:07:45 VET 2014]]></LOG><LOG TP='BD'><![CDATA[23/10/2014 -> SELECT * FROM usuarios WHERE tx_login='frejolano' and clave='1234'; Thu Oct 23 17:07:45 VET 2014]]></LOG><LOG TP='BD'><![CDATA[23/10/2014 -> SELECT * FROM tbl_rol_usr WHERE nb_rol_usr='Administrador'; Thu Oct 23 17:07:45 VET 2014]]></LOG><LOG TP='BD'><![CDATA[23/10/2014 -> SELECT * FROM tbl_rol_usr WHERE nb_rol_usr='Estudiante'; Thu Oct 23 17:07:45 VET 2014]]></LOG><LOG TP='BD'><![CDATA[23/10/2014 -> SELECT * FROM tbl_rol_usr WHERE nb_rol_usr='Maestro'; Thu Oct 23 17:07:45 VET 2014]]></LOG><LOG TP='BD'><![CDATA[23/10/2014 -> SELECT * FROM tbl_rol_usr WHERE id_rol_usr=1; Thu Oct 23 17:07:45 VET 2014]]></LOG><LOG TP='BD'><![CDATA[23/10/2014 -> SELECT tx_login FROM usuarios WHERE tx_login='frejolano'; Thu Oct 23 17:07:45 VET 2014]]></LOG><LOG TP='BD'><![CDATA[23/10/2014 -> SELECT tx_login FROM usuarios WHERE tx_login='jose'; Thu Oct 23 17:07:45 VET 2014]]></LOG><LOG TP='BD'><![CDATA[23/10/2014 -> SELECT * FROM usuarios WHERE cedula='frejolano'; Thu Oct 23 17:07:45 VET 2014]]></LOG><LOG TP='BD'><![CDATA[23/10/2014 -> SELECT * FROM usuarios WHERE cedula='frejolano'; Thu Oct 23 17:07:45 VET 2014]]></LOG><LOG TP='BD'><![CDATA[23/10/2014 -> SELECT * FROM usuarios WHERE cedula='frejolano'; Thu Oct 23 17:07:45 VET 2014]]></LOG><LOG TP='BD'><![CDATA[23/10/2014 -> SELECT * FROM usuarios WHERE cedula='frejolano'; Thu Oct 23 17:07:45 VET 2014]]></LOG><LOG TP='BD'><![CDATA[23/10/2014 -> SELECT * FROM usuarios WHERE cedula='frejolano'; Thu Oct 23 17:07:45 VET 2014]]></LOG><LOG TP='BD'><![CDATA[23/10/2014 -> SELECT * FROM usuarios WHERE cedula='frejolano'; Thu Oct 23 17:07:45 VET 2014]]></LOG><LOG TP='BD'><![CDATA[23/10/2014 -> SELECT * FROM usuarios WHERE cedula='frejolano'; Thu Oct 23 17:07:45 VET 2014]]></LOG><LOG TP='BD'><![CDATA[23/10/2014 -> SELECT * FROM usuarios WHERE cedula='frejolano'; Thu Oct 23 17:07:45 VET 2014]]></LOG><LOG TP='BD'><![CDATA[23/10/2014 -> SELECT * FROM usuarios WHERE cedula='frejolano'; Thu Oct 23 17:07:45 VET 2014]]></LOG><LOG TP='BD'><![CDATA[23/10/2014 -> SELECT * FROM usuarios WHERE cedula='frejolano'; Thu Oct 23 17:07:45 VET 2014]]></LOG><LOG TP='BD'><![CDATA[23/10/2014 -> SELECT * FROM usuarios WHERE cedula='frejolano'; Thu Oct 23 17:07:45 VET 2014]]></LOG><LOG TP='BD'><![CDATA[23/10/2014 -> SELECT * FROM usuarios WHERE cedula='frejolano'; Thu Oct 23 17:07:45 VET 2014]]></LOG><LOG TP='BD'><![CDATA[23/10/2014 -> SELECT * FROM usuarios WHERE cedula='frejolano'; Thu Oct 23 17:07:45 VET 2014]]></LOG><LOG TP='BD'><![CDATA[23/10/2014 -> SELECT * FROM usuarios WHERE cedula='frejolano'; Thu Oct 23 17:07:45 VET 2014]]></LOG><LOG TP='BD'><![CDATA[23/10/2014 -> SELECT * FROM usuarios WHERE cedula='frejolano'; Thu Oct 23 17:07:45 VET 2014]]></LOG><LOG TP='BD'><![CDATA[23/10/2014 -> SELECT * FROM usuarios WHERE tx_login='frejolano' and clave='1234'; Thu Oct 23 17:24:23 VET 2014]]></LOG><LOG TP='BD'><![CDATA[23/10/2014 -> SELECT * FROM usuarios WHERE tx_login='frejolano' and clave='1234'; Thu Oct 23 17:24:23 VET 2014]]></LOG><LOG TP='BD'><![CDATA[23/10/2014 -> SELECT * FROM tbl_rol_usr WHERE nb_rol_usr='Administrador'; Thu Oct 23 17:24:23 VET 2014]]></LOG><LOG TP='BD'><![CDATA[23/10/2014 -> SELECT * FROM tbl_rol_usr WHERE nb_rol_usr='Estudiante'; Thu Oct 23 17:24:23 VET 2014]]></LOG><LOG TP='BD'><![CDATA[23/10/2014 -> SELECT * FROM tbl_rol_usr WHERE nb_rol_usr='Maestro'; Thu Oct 23 17:24:23 VET 2014]]></LOG><LOG TP='BD'><![CDATA[23/10/2014 -> SELECT * FROM tbl_rol_usr WHERE id_rol_usr=1; Thu Oct 23 17:24:23 VET 2014]]></LOG><LOG TP='BD'><![CDATA[23/10/2014 -> SELECT tx_login FROM usuarios WHERE tx_login='frejolano'; Thu Oct 23 17:24:23 VET 2014]]></LOG><LOG TP='BD'><![CDATA[23/10/2014 -> SELECT tx_login FROM usuarios WHERE tx_login='jose1'; Thu Oct 23 17:24:23 VET 2014]]></LOG><LOG TP='BD'><![CDATA[23/10/2014 -> SELECT tx_login FROM usuarios WHERE tx_login='jose1'; Thu Oct 23 17:24:23 VET 2014]]></LOG><LOG TP='BD'><![CDATA[23/10/2014 -> SELECT tx_login FROM usuarios WHERE tx_login='jose1'; Thu Oct 23 17:24:23 VET 2014]]></LOG><LOG TP='BD'><![CDATA[23/10/2014 -> SELECT tx_login FROM usuarios WHERE tx_login='jose1'; Thu Oct 23 17:24:23 VET 2014]]></LOG><LOG TP='BD'><![CDATA[23/10/2014 -> SELECT tx_login FROM usuarios WHERE tx_login='jose1'; Thu Oct 23 17:24:23 VET 2014]]></LOG><LOG TP='BD'><![CDATA[23/10/2014 -> SELECT tx_login FROM usuarios WHERE tx_login='jose1'; Thu Oct 23 17:24:23 VET 2014]]></LOG><LOG TP='BD'><![CDATA[23/10/2014 -> SELECT tx_login FROM usuarios WHERE tx_login='jose1'; Thu Oct 23 17:24:23 VET 2014]]></LOG><LOG TP='BD'><![CDATA[23/10/2014 -> SELECT tx_login FROM usuarios WHERE tx_login='jose1'; Thu Oct 23 17:24:23 VET 2014]]></LOG><LOG TP='BD'><![CDATA[23/10/2014 -> SELECT * FROM tbl_seccion WHERE nb_seccion='Item 2'; Thu Oct 23 17:24:23 VET 2014]]></LOG>