<LOG TP='BD'><![CDATA[10/11/2014 -> SELECT * FROM usuarios WHERE tx_login='frejolano' and clave='12345'; Mon Nov 10 08:47:04 VET 2014]]></LOG><LOG TP='BD'><![CDATA[10/11/2014 -> SELECT * FROM usuarios WHERE tx_login='frejolano' and clave='1234'; Mon Nov 10 08:47:04 VET 2014]]></LOG><LOG TP='BD'><![CDATA[10/11/2014 -> SELECT * FROM usuarios WHERE tx_login='frejolano' and clave='1234'; Mon Nov 10 08:47:04 VET 2014]]></LOG><LOG TP='BD'><![CDATA[10/11/2014 -> SELECT * FROM usuarios WHERE tx_login='frejolano' and clave='1234'; Mon Nov 10 08:47:04 VET 2014]]></LOG><LOG TP='BD'><![CDATA[10/11/2014 -> SELECT * FROM tbl_rol_usr WHERE nb_rol_usr='Administrador'; Mon Nov 10 08:47:04 VET 2014]]></LOG><LOG TP='BD'><![CDATA[10/11/2014 -> SELECT * FROM tbl_rol_usr WHERE nb_rol_usr='Estudiante'; Mon Nov 10 08:47:04 VET 2014]]></LOG><LOG TP='BD'><![CDATA[10/11/2014 -> SELECT * FROM tbl_rol_usr WHERE nb_rol_usr='Maestro'; Mon Nov 10 08:47:04 VET 2014]]></LOG><LOG TP='BD'><![CDATA[10/11/2014 -> SELECT * FROM tbl_rol_usr WHERE id_rol_usr=1; Mon Nov 10 08:47:04 VET 2014]]></LOG><LOG TP='BD'><![CDATA[10/11/2014 -> SELECT id_etapa FROM tbl_etapas WHERE nombre_etapa='primera etapa'; Mon Nov 10 08:47:04 VET 2014]]></LOG><LOG TP='BD'><![CDATA[10/11/2014 -> SELECT * FROM usuarios WHERE tx_login='frejolano' and clave='1234'; Mon Nov 10 08:53:26 VET 2014]]></LOG><LOG TP='BD'><![CDATA[10/11/2014 -> SELECT * FROM usuarios WHERE tx_login='frejolano' and clave='1234'; Mon Nov 10 08:53:26 VET 2014]]></LOG><LOG TP='BD'><![CDATA[10/11/2014 -> SELECT * FROM usuarios WHERE tx_login='frejolano' and clave='1234'; Mon Nov 10 08:53:26 VET 2014]]></LOG><LOG TP='BD'><![CDATA[10/11/2014 -> SELECT * FROM tbl_rol_usr WHERE nb_rol_usr='Administrador'; Mon Nov 10 08:53:26 VET 2014]]></LOG><LOG TP='BD'><![CDATA[10/11/2014 -> SELECT * FROM tbl_rol_usr WHERE nb_rol_usr='Estudiante'; Mon Nov 10 08:53:26 VET 2014]]></LOG><LOG TP='BD'><![CDATA[10/11/2014 -> SELECT * FROM tbl_rol_usr WHERE nb_rol_usr='Maestro'; Mon Nov 10 08:53:26 VET 2014]]></LOG><LOG TP='BD'><![CDATA[10/11/2014 -> SELECT * FROM tbl_rol_usr WHERE id_rol_usr=1; Mon Nov 10 08:53:26 VET 2014]]></LOG><LOG TP='BD'><![CDATA[10/11/2014 -> SELECT id_etapa FROM tbl_etapas WHERE nombre_etapa='tercera etapa'; Mon Nov 10 08:53:26 VET 2014]]></LOG><LOG TP='BD'><![CDATA[10/11/2014 -> SELECT * FROM usuarios WHERE tx_login='frejolano' and clave='1234'; Mon Nov 10 09:14:25 VET 2014]]></LOG><LOG TP='BD'><![CDATA[10/11/2014 -> SELECT * FROM usuarios WHERE tx_login='frejolano' and clave='1234'; Mon Nov 10 09:14:25 VET 2014]]></LOG><LOG TP='BD'><![CDATA[10/11/2014 -> SELECT * FROM usuarios WHERE tx_login='frejolano' and clave='1234'; Mon Nov 10 09:14:25 VET 2014]]></LOG><LOG TP='BD'><![CDATA[10/11/2014 -> SELECT * FROM tbl_rol_usr WHERE nb_rol_usr='Administrador'; Mon Nov 10 09:14:25 VET 2014]]></LOG><LOG TP='BD'><![CDATA[10/11/2014 -> SELECT * FROM tbl_rol_usr WHERE nb_rol_usr='Estudiante'; Mon Nov 10 09:14:25 VET 2014]]></LOG><LOG TP='BD'><![CDATA[10/11/2014 -> SELECT * FROM tbl_rol_usr WHERE nb_rol_usr='Maestro'; Mon Nov 10 09:14:25 VET 2014]]></LOG><LOG TP='BD'><![CDATA[10/11/2014 -> SELECT * FROM tbl_rol_usr WHERE id_rol_usr=1; Mon Nov 10 09:14:25 VET 2014]]></LOG><LOG TP='BD'><![CDATA[10/11/2014 -> SELECT id_etapa FROM tbl_etapas WHERE nombre_etapa='primera etapa'; Mon Nov 10 09:14:25 VET 2014]]></LOG><LOG TP='BD'><![CDATA[10/11/2014 -> SELECT id_etapa FROM tbl_etapas WHERE nombre_etapa='segunda etapa'; Mon Nov 10 09:14:25 VET 2014]]></LOG><LOG TP='BD'><![CDATA[10/11/2014 -> SELECT id_etapa FROM tbl_etapas WHERE nombre_etapa='primera etapa'; Mon Nov 10 09:14:25 VET 2014]]></LOG><LOG TP='BD'><![CDATA[10/11/2014 -> SELECT * FROM usuarios WHERE tx_login='frejolano' and clave='1234'; Mon Nov 10 09:17:43 VET 2014]]></LOG><LOG TP='BD'><![CDATA[10/11/2014 -> SELECT * FROM usuarios WHERE tx_login='frejolano' and clave='1234'; Mon Nov 10 09:17:43 VET 2014]]></LOG><LOG TP='BD'><![CDATA[10/11/2014 -> SELECT * FROM usuarios WHERE tx_login='frejolano' and clave='1234'; Mon Nov 10 09:17:43 VET 2014]]></LOG><LOG TP='BD'><![CDATA[10/11/2014 -> SELECT * FROM tbl_rol_usr WHERE nb_rol_usr='Administrador'; Mon Nov 10 09:17:43 VET 2014]]></LOG><LOG TP='BD'><![CDATA[10/11/2014 -> SELECT * FROM tbl_rol_usr WHERE nb_rol_usr='Estudiante'; Mon Nov 10 09:17:43 VET 2014]]></LOG><LOG TP='BD'><![CDATA[10/11/2014 -> SELECT * FROM tbl_rol_usr WHERE nb_rol_usr='Maestro'; Mon Nov 10 09:17:43 VET 2014]]></LOG><LOG TP='BD'><![CDATA[10/11/2014 -> SELECT * FROM tbl_rol_usr WHERE id_rol_usr=1; Mon Nov 10 09:17:43 VET 2014]]></LOG><LOG TP='BD'><![CDATA[10/11/2014 -> SELECT id_etapa FROM tbl_etapas WHERE nombre_etapa='primera etapa'; Mon Nov 10 09:17:43 VET 2014]]></LOG><LOG TP='BD'><![CDATA[10/11/2014 -> SELECT * FROM usuarios WHERE tx_login='frejolano' and clave='12345'; Mon Nov 10 09:54:22 VET 2014]]></LOG><LOG TP='BD'><![CDATA[10/11/2014 -> SELECT * FROM usuarios WHERE tx_login='frejolano' and clave='1234'; Mon Nov 10 09:54:22 VET 2014]]></LOG><LOG TP='BD'><![CDATA[10/11/2014 -> SELECT * FROM usuarios WHERE tx_login='frejolano' and clave='1234'; Mon Nov 10 09:54:22 VET 2014]]></LOG><LOG TP='BD'><![CDATA[10/11/2014 -> SELECT * FROM usuarios WHERE tx_login='frejolano' and clave='1234'; Mon Nov 10 09:54:22 VET 2014]]></LOG><LOG TP='BD'><![CDATA[10/11/2014 -> SELECT * FROM tbl_rol_usr WHERE nb_rol_usr='Administrador'; Mon Nov 10 09:54:22 VET 2014]]></LOG><LOG TP='BD'><![CDATA[10/11/2014 -> SELECT * FROM tbl_rol_usr WHERE nb_rol_usr='Estudiante'; Mon Nov 10 09:54:22 VET 2014]]></LOG><LOG TP='BD'><![CDATA[10/11/2014 -> SELECT * FROM tbl_rol_usr WHERE nb_rol_usr='Maestro'; Mon Nov 10 09:54:22 VET 2014]]></LOG><LOG TP='BD'><![CDATA[10/11/2014 -> SELECT * FROM tbl_rol_usr WHERE id_rol_usr=1; Mon Nov 10 09:54:22 VET 2014]]></LOG><LOG TP='BD'><![CDATA[10/11/2014 -> SELECT id_etapa FROM tbl_etapas WHERE nombre_etapa='primera etapa'; Mon Nov 10 09:54:22 VET 2014]]></LOG><LOG TP='BD'><![CDATA[10/11/2014 -> SELECT id_preguntas FROM tbl_preguntas WHERE tx_preguntas='prueba1'; Mon Nov 10 09:54:22 VET 2014]]></LOG><LOG TP='BD'><![CDATA[10/11/2014 -> SELECT id_libro FROM tbl_preguntas WHERE tx_preguntas='prueba1'; Mon Nov 10 09:54:22 VET 2014]]></LOG><LOG TP='BD'><![CDATA[10/11/2014 -> SELECT nb_libro FROM tbl_libro WHERE id_libro='null'; Mon Nov 10 09:54:22 VET 2014ERROR= ERROR: la sintaxis de entrada no es válida para integer: «null»
  Position: 47]]></LOG><LOG TP='BD'><![CDATA[10/11/2014 -> SELECT * FROM usuarios WHERE tx_login='frejolano' and clave='1234'; Mon Nov 10 10:01:28 VET 2014]]></LOG><LOG TP='BD'><![CDATA[10/11/2014 -> SELECT * FROM usuarios WHERE tx_login='frejolano' and clave='1234'; Mon Nov 10 10:01:28 VET 2014]]></LOG><LOG TP='BD'><![CDATA[10/11/2014 -> SELECT * FROM usuarios WHERE tx_login='frejolano' and clave='1234'; Mon Nov 10 10:01:28 VET 2014]]></LOG><LOG TP='BD'><![CDATA[10/11/2014 -> SELECT * FROM tbl_rol_usr WHERE nb_rol_usr='Administrador'; Mon Nov 10 10:01:28 VET 2014]]></LOG><LOG TP='BD'><![CDATA[10/11/2014 -> SELECT * FROM tbl_rol_usr WHERE nb_rol_usr='Estudiante'; Mon Nov 10 10:01:28 VET 2014]]></LOG><LOG TP='BD'><![CDATA[10/11/2014 -> SELECT * FROM tbl_rol_usr WHERE nb_rol_usr='Maestro'; Mon Nov 10 10:01:28 VET 2014]]></LOG><LOG TP='BD'><![CDATA[10/11/2014 -> SELECT * FROM tbl_rol_usr WHERE id_rol_usr=1; Mon Nov 10 10:01:28 VET 2014]]></LOG><LOG TP='BD'><![CDATA[10/11/2014 -> SELECT id_etapa FROM tbl_etapas WHERE nombre_etapa='primera etapa'; Mon Nov 10 10:01:28 VET 2014]]></LOG><LOG TP='BD'><![CDATA[10/11/2014 -> SELECT * FROM tbl_preguntas WHERE tx_preguntas='prueba3'; Mon Nov 10 10:01:28 VET 2014]]></LOG><LOG TP='BD'><![CDATA[10/11/2014 -> UPDATE tbl_preguntas SET tx_preguntas='javax.swing.JTextField[,520,110,232x30,layout=javax.swing.plaf.basic.BasicTextUI$UpdateHandler,alignmentX=0.0,alignmentY=0.0,border=javax.swing.plaf.BorderUIResource$CompoundBorderUIResource@1b5a415,flags=296,maximumSize=,minimumSize=,preferredSize=,caretColor=sun.swing.PrintColorUIResource[r=51,g=51,b=51],disabledTextColor=javax.swing.plaf.ColorUIResource[r=184,g=207,b=229],editable=true,margin=javax.swing.plaf.InsetsUIResource[top=0,left=0,bottom=0,right=0],selectedTextColor=sun.swing.PrintColorUIResource[r=51,g=51,b=51],selectionColor=javax.swing.plaf.ColorUIResource[r=184,g=207,b=229],columns=0,columnWidth=0,command=,horizontalAlignment=LEADING]',id_etapa='1' WHERE id_preguntas='44'; Mon Nov 10 10:01:28 VET 2014]]></LOG><LOG TP='BD'><![CDATA[10/11/2014 -> SELECT * FROM usuarios WHERE tx_login='frejolano' and clave='1234'; Mon Nov 10 10:09:42 VET 2014]]></LOG><LOG TP='BD'><![CDATA[10/11/2014 -> SELECT * FROM usuarios WHERE tx_login='frejolano' and clave='1234'; Mon Nov 10 10:09:42 VET 2014]]></LOG><LOG TP='BD'><![CDATA[10/11/2014 -> SELECT * FROM usuarios WHERE tx_login='frejolano' and clave='1234'; Mon Nov 10 10:09:42 VET 2014]]></LOG><LOG TP='BD'><![CDATA[10/11/2014 -> SELECT * FROM tbl_rol_usr WHERE nb_rol_usr='Administrador'; Mon Nov 10 10:09:42 VET 2014]]></LOG><LOG TP='BD'><![CDATA[10/11/2014 -> SELECT * FROM tbl_rol_usr WHERE nb_rol_usr='Estudiante'; Mon Nov 10 10:09:42 VET 2014]]></LOG><LOG TP='BD'><![CDATA[10/11/2014 -> SELECT * FROM tbl_rol_usr WHERE nb_rol_usr='Maestro'; Mon Nov 10 10:09:42 VET 2014]]></LOG><LOG TP='BD'><![CDATA[10/11/2014 -> SELECT * FROM tbl_rol_usr WHERE id_rol_usr=1; Mon Nov 10 10:09:42 VET 2014]]></LOG><LOG TP='BD'><![CDATA[10/11/2014 -> SELECT id_etapa FROM tbl_etapas WHERE nombre_etapa='segunda etapa'; Mon Nov 10 10:09:42 VET 2014]]></LOG><LOG TP='BD'><![CDATA[10/11/2014 -> SELECT * FROM usuarios WHERE tx_login='frejolano' and clave='1234'; Mon Nov 10 10:14:02 VET 2014]]></LOG><LOG TP='BD'><![CDATA[10/11/2014 -> SELECT * FROM usuarios WHERE tx_login='frejolano' and clave='1234'; Mon Nov 10 10:14:02 VET 2014]]></LOG><LOG TP='BD'><![CDATA[10/11/2014 -> SELECT * FROM usuarios WHERE tx_login='frejolano' and clave='1234'; Mon Nov 10 10:14:02 VET 2014]]></LOG><LOG TP='BD'><![CDATA[10/11/2014 -> SELECT * FROM tbl_rol_usr WHERE nb_rol_usr='Administrador'; Mon Nov 10 10:14:02 VET 2014]]></LOG><LOG TP='BD'><![CDATA[10/11/2014 -> SELECT * FROM tbl_rol_usr WHERE nb_rol_usr='Estudiante'; Mon Nov 10 10:14:02 VET 2014]]></LOG><LOG TP='BD'><![CDATA[10/11/2014 -> SELECT * FROM tbl_rol_usr WHERE nb_rol_usr='Maestro'; Mon Nov 10 10:14:02 VET 2014]]></LOG><LOG TP='BD'><![CDATA[10/11/2014 -> SELECT * FROM tbl_rol_usr WHERE id_rol_usr=1; Mon Nov 10 10:14:02 VET 2014]]></LOG><LOG TP='BD'><![CDATA[10/11/2014 -> SELECT id_etapa FROM tbl_etapas WHERE nombre_etapa='segunda etapa'; Mon Nov 10 10:14:02 VET 2014]]></LOG><LOG TP='BD'><![CDATA[10/11/2014 -> SELECT * FROM tbl_preguntas WHERE tx_preguntas='Caracteristicas del amor.'; Mon Nov 10 10:14:02 VET 2014]]></LOG><LOG TP='BD'><![CDATA[10/11/2014 -> UPDATE tbl_preguntas SET tx_preguntas='javax.swing.JTextField[,520,110,232x30,layout=javax.swing.plaf.basic.BasicTextUI$UpdateHandler,alignmentX=0.0,alignmentY=0.0,border=javax.swing.plaf.BorderUIResource$CompoundBorderUIResource@1472b3c,flags=296,maximumSize=,minimumSize=,preferredSize=,caretColor=sun.swing.PrintColorUIResource[r=51,g=51,b=51],disabledTextColor=javax.swing.plaf.ColorUIResource[r=184,g=207,b=229],editable=true,margin=javax.swing.plaf.InsetsUIResource[top=0,left=0,bottom=0,right=0],selectedTextColor=sun.swing.PrintColorUIResource[r=51,g=51,b=51],selectionColor=javax.swing.plaf.ColorUIResource[r=184,g=207,b=229],columns=0,columnWidth=0,command=,horizontalAlignment=LEADING]',id_etapa='2' WHERE id_preguntas='2'; Mon Nov 10 10:14:02 VET 2014]]></LOG><LOG TP='BD'><![CDATA[10/11/2014 -> SELECT * FROM tbl_preguntas WHERE tx_preguntas='Caracteristicas del amor.'; Mon Nov 10 10:14:02 VET 2014]]></LOG><LOG TP='BD'><![CDATA[10/11/2014 -> SELECT id_etapa FROM tbl_etapas WHERE nombre_etapa='primera etapa'; Mon Nov 10 10:14:02 VET 2014]]></LOG><LOG TP='BD'><![CDATA[10/11/2014 -> SELECT * FROM usuarios WHERE tx_login='frejolano' and clave='1234'; Mon Nov 10 10:21:10 VET 2014]]></LOG><LOG TP='BD'><![CDATA[10/11/2014 -> SELECT * FROM usuarios WHERE tx_login='frejolano' and clave='1234'; Mon Nov 10 10:21:10 VET 2014]]></LOG><LOG TP='BD'><![CDATA[10/11/2014 -> SELECT * FROM usuarios WHERE tx_login='frejolano' and clave='1234'; Mon Nov 10 10:21:10 VET 2014]]></LOG><LOG TP='BD'><![CDATA[10/11/2014 -> SELECT * FROM tbl_rol_usr WHERE nb_rol_usr='Administrador'; Mon Nov 10 10:21:10 VET 2014]]></LOG><LOG TP='BD'><![CDATA[10/11/2014 -> SELECT * FROM tbl_rol_usr WHERE nb_rol_usr='Estudiante'; Mon Nov 10 10:21:10 VET 2014]]></LOG><LOG TP='BD'><![CDATA[10/11/2014 -> SELECT * FROM tbl_rol_usr WHERE nb_rol_usr='Maestro'; Mon Nov 10 10:21:10 VET 2014]]></LOG><LOG TP='BD'><![CDATA[10/11/2014 -> SELECT * FROM tbl_rol_usr WHERE id_rol_usr=1; Mon Nov 10 10:21:10 VET 2014]]></LOG><LOG TP='BD'><![CDATA[10/11/2014 -> SELECT id_etapa FROM tbl_etapas WHERE nombre_etapa='primera etapa'; Mon Nov 10 10:21:10 VET 2014]]></LOG><LOG TP='BD'><![CDATA[10/11/2014 -> SELECT * FROM tbl_preguntas WHERE tx_preguntas='prueba2'; Mon Nov 10 10:21:10 VET 2014]]></LOG><LOG TP='BD'><![CDATA[10/11/2014 -> UPDATE tbl_preguntas SET tx_preguntas='javax.swing.JTextField[,520,110,232x30,layout=javax.swing.plaf.basic.BasicTextUI$UpdateHandler,alignmentX=0.0,alignmentY=0.0,border=javax.swing.plaf.BorderUIResource$CompoundBorderUIResource@13781e7,flags=296,maximumSize=,minimumSize=,preferredSize=,caretColor=sun.swing.PrintColorUIResource[r=51,g=51,b=51],disabledTextColor=javax.swing.plaf.ColorUIResource[r=184,g=207,b=229],editable=true,margin=javax.swing.plaf.InsetsUIResource[top=0,left=0,bottom=0,right=0],selectedTextColor=sun.swing.PrintColorUIResource[r=51,g=51,b=51],selectionColor=javax.swing.plaf.ColorUIResource[r=184,g=207,b=229],columns=0,columnWidth=0,command=,horizontalAlignment=LEADING]',id_etapa='1' WHERE id_preguntas='41'; Mon Nov 10 10:21:10 VET 2014]]></LOG><LOG TP='BD'><![CDATA[10/11/2014 -> SELECT * FROM tbl_preguntas WHERE tx_preguntas='prueba2'; Mon Nov 10 10:21:10 VET 2014]]></LOG><LOG TP='BD'><![CDATA[10/11/2014 -> UPDATE tbl_preguntas SET tx_preguntas='javax.swing.JTextField[,713,67,0x0,hidden,layout=javax.swing.plaf.basic.BasicTextUI$UpdateHandler,alignmentX=0.0,alignmentY=0.0,border=javax.swing.plaf.BorderUIResource$CompoundBorderUIResource@13781e7,flags=296,maximumSize=,minimumSize=,preferredSize=,caretColor=sun.swing.PrintColorUIResource[r=51,g=51,b=51],disabledTextColor=javax.swing.plaf.ColorUIResource[r=184,g=207,b=229],editable=true,margin=javax.swing.plaf.InsetsUIResource[top=0,left=0,bottom=0,right=0],selectedTextColor=sun.swing.PrintColorUIResource[r=51,g=51,b=51],selectionColor=javax.swing.plaf.ColorUIResource[r=184,g=207,b=229],columns=0,columnWidth=0,command=,horizontalAlignment=LEADING]',id_etapa='1' WHERE id_preguntas='43'; Mon Nov 10 10:21:10 VET 2014]]></LOG><LOG TP='BD'><![CDATA[10/11/2014 -> SELECT * FROM tbl_preguntas WHERE tx_preguntas='prueba2'; Mon Nov 10 10:21:10 VET 2014]]></LOG><LOG TP='BD'><![CDATA[10/11/2014 -> SELECT * FROM tbl_preguntas WHERE tx_preguntas='prueba2'; Mon Nov 10 10:21:10 VET 2014]]></LOG><LOG TP='BD'><![CDATA[10/11/2014 -> SELECT * FROM tbl_preguntas WHERE tx_preguntas='prueba2'; Mon Nov 10 10:21:10 VET 2014]]></LOG><LOG TP='BD'><![CDATA[10/11/2014 -> SELECT * FROM tbl_preguntas WHERE tx_preguntas='prueba2'; Mon Nov 10 10:21:10 VET 2014]]></LOG><LOG TP='BD'><![CDATA[10/11/2014 -> SELECT * FROM usuarios WHERE tx_login='frejolano' and clave='1234'; Mon Nov 10 10:25:11 VET 2014]]></LOG><LOG TP='BD'><![CDATA[10/11/2014 -> SELECT * FROM usuarios WHERE tx_login='frejolano' and clave='1234'; Mon Nov 10 10:25:11 VET 2014]]></LOG><LOG TP='BD'><![CDATA[10/11/2014 -> SELECT * FROM usuarios WHERE tx_login='frejolano' and clave='1234'; Mon Nov 10 10:25:11 VET 2014]]></LOG><LOG TP='BD'><![CDATA[10/11/2014 -> SELECT * FROM tbl_rol_usr WHERE nb_rol_usr='Administrador'; Mon Nov 10 10:25:11 VET 2014]]></LOG><LOG TP='BD'><![CDATA[10/11/2014 -> SELECT * FROM tbl_rol_usr WHERE nb_rol_usr='Estudiante'; Mon Nov 10 10:25:11 VET 2014]]></LOG><LOG TP='BD'><![CDATA[10/11/2014 -> SELECT * FROM tbl_rol_usr WHERE nb_rol_usr='Maestro'; Mon Nov 10 10:25:11 VET 2014]]></LOG><LOG TP='BD'><![CDATA[10/11/2014 -> SELECT * FROM tbl_rol_usr WHERE id_rol_usr=1; Mon Nov 10 10:25:11 VET 2014]]></LOG><LOG TP='BD'><![CDATA[10/11/2014 -> SELECT id_etapa FROM tbl_etapas WHERE nombre_etapa='tercera etapa'; Mon Nov 10 10:25:11 VET 2014]]></LOG><LOG TP='BD'><![CDATA[10/11/2014 -> SELECT id_etapa FROM tbl_etapas WHERE nombre_etapa='primera etapa'; Mon Nov 10 10:25:11 VET 2014]]></LOG><LOG TP='BD'><![CDATA[10/11/2014 -> SELECT * FROM tbl_preguntas WHERE tx_preguntas='javax.swing.JTextField[,520,110,232x30,layout=javax.swing.plaf.basic.BasicTextUI$UpdateHandler,alignmentX=0.0,alignmentY=0.0,border=javax.swing.plaf.BorderUIResource$CompoundBorderUIResource@1b5a415,flags=296,maximumSize=,minimumSize=,preferredSize=,caretColor=sun.swing.PrintColorUIResource[r=51,g=51,b=51],disabledTextColor=javax.swing.plaf.ColorUIResource[r=184,g=207,b=229],editable=true,margin=javax.swing.plaf.InsetsUIResource[top=0,left=0,bottom=0,right=0],selectedTextColor=sun.swing.PrintColorUIResource[r=51,g=51,b=51],selectionColor=javax.swing.plaf.ColorUIResource[r=184,g=207,b=229],columns=0,columnWidth=0,command=,horizontalAlignment=LEADING]'; Mon Nov 10 10:25:11 VET 2014]]></LOG><LOG TP='BD'><![CDATA[10/11/2014 -> UPDATE tbl_preguntas SET tx_preguntas='javax.swing.JTextField[,520,110,232x30,layout=javax.swing.plaf.basic.BasicTextUI$UpdateHandler,alignmentX=0.0,alignmentY=0.0,border=javax.swing.plaf.BorderUIResource$CompoundBorderUIResource@620789,flags=296,maximumSize=,minimumSize=,preferredSize=,caretColor=sun.swing.PrintColorUIResource[r=51,g=51,b=51],disabledTextColor=javax.swing.plaf.ColorUIResource[r=184,g=207,b=229],editable=true,margin=javax.swing.plaf.InsetsUIResource[top=0,left=0,bottom=0,right=0],selectedTextColor=sun.swing.PrintColorUIResource[r=51,g=51,b=51],selectionColor=javax.swing.plaf.ColorUIResource[r=184,g=207,b=229],columns=0,columnWidth=0,command=,horizontalAlignment=LEADING]',id_etapa='1' WHERE id_preguntas='44'; Mon Nov 10 10:25:11 VET 2014]]></LOG><LOG TP='BD'><![CDATA[10/11/2014 -> SELECT * FROM usuarios WHERE tx_login='frejolano' and clave='1234'; Mon Nov 10 10:42:21 VET 2014]]></LOG><LOG TP='BD'><![CDATA[10/11/2014 -> SELECT * FROM usuarios WHERE tx_login='frejolano' and clave='1234'; Mon Nov 10 10:42:21 VET 2014]]></LOG><LOG TP='BD'><![CDATA[10/11/2014 -> SELECT * FROM usuarios WHERE tx_login='frejolano' and clave='1234'; Mon Nov 10 10:42:21 VET 2014]]></LOG><LOG TP='BD'><![CDATA[10/11/2014 -> SELECT * FROM tbl_rol_usr WHERE nb_rol_usr='Administrador'; Mon Nov 10 10:42:21 VET 2014]]></LOG><LOG TP='BD'><![CDATA[10/11/2014 -> SELECT * FROM tbl_rol_usr WHERE nb_rol_usr='Estudiante'; Mon Nov 10 10:42:21 VET 2014]]></LOG><LOG TP='BD'><![CDATA[10/11/2014 -> SELECT * FROM tbl_rol_usr WHERE nb_rol_usr='Maestro'; Mon Nov 10 10:42:21 VET 2014]]></LOG><LOG TP='BD'><![CDATA[10/11/2014 -> SELECT * FROM tbl_rol_usr WHERE id_rol_usr=1; Mon Nov 10 10:42:21 VET 2014]]></LOG><LOG TP='BD'><![CDATA[10/11/2014 -> SELECT id_etapa FROM tbl_etapas WHERE nombre_etapa='tercera etapa'; Mon Nov 10 10:42:21 VET 2014]]></LOG><LOG TP='BD'><![CDATA[10/11/2014 -> SELECT id_etapa FROM tbl_etapas WHERE nombre_etapa='primera etapa'; Mon Nov 10 10:42:21 VET 2014]]></LOG><LOG TP='BD'><![CDATA[10/11/2014 -> SELECT * FROM tbl_preguntas WHERE tx_preguntas='javax.swing.JTextField[,713,67,0x0,hidden,layout=javax.swing.plaf.basic.BasicTextUI$UpdateHandler,alignmentX=0.0,alignmentY=0.0,border=javax.swing.plaf.BorderUIResource$CompoundBorderUIResource@13781e7,flags=296,maximumSize=,minimumSize=,preferredSize=,caretColor=sun.swing.PrintColorUIResource[r=51,g=51,b=51],disabledTextColor=javax.swing.plaf.ColorUIResource[r=184,g=207,b=229],editable=true,margin=javax.swing.plaf.InsetsUIResource[top=0,left=0,bottom=0,right=0],selectedTextColor=sun.swing.PrintColorUIResource[r=51,g=51,b=51],selectionColor=javax.swing.plaf.ColorUIResource[r=184,g=207,b=229],columns=0,columnWidth=0,command=,horizontalAlignment=LEADING]'; Mon Nov 10 10:42:21 VET 2014]]></LOG><LOG TP='BD'><![CDATA[10/11/2014 -> UPDATE tbl_preguntas SET tx_preguntas='lohice',id_etapa='1' WHERE id_preguntas='43'; Mon Nov 10 10:42:21 VET 2014]]></LOG><LOG TP='BD'><![CDATA[10/11/2014 -> SELECT id_etapa FROM tbl_etapas WHERE nombre_etapa='segunda etapa'; Mon Nov 10 10:42:21 VET 2014]]></LOG><LOG TP='BD'><![CDATA[10/11/2014 -> SELECT * FROM tbl_preguntas WHERE tx_preguntas='javax.swing.JTextField[,520,110,232x30,layout=javax.swing.plaf.basic.BasicTextUI$UpdateHandler,alignmentX=0.0,alignmentY=0.0,border=javax.swing.plaf.BorderUIResource$CompoundBorderUIResource@1472b3c,flags=296,maximumSize=,minimumSize=,preferredSize=,caretColor=sun.swing.PrintColorUIResource[r=51,g=51,b=51],disabledTextColor=javax.swing.plaf.ColorUIResource[r=184,g=207,b=229],editable=true,margin=javax.swing.plaf.InsetsUIResource[top=0,left=0,bottom=0,right=0],selectedTextColor=sun.swing.PrintColorUIResource[r=51,g=51,b=51],selectionColor=javax.swing.plaf.ColorUIResource[r=184,g=207,b=229],columns=0,columnWidth=0,command=,horizontalAlignment=LEADING]'; Mon Nov 10 10:42:21 VET 2014]]></LOG><LOG TP='BD'><![CDATA[10/11/2014 -> UPDATE tbl_preguntas SET tx_preguntas='cambie',id_etapa='2' WHERE id_preguntas='2'; Mon Nov 10 10:42:21 VET 2014]]></LOG><LOG TP='BD'><![CDATA[10/11/2014 -> SELECT * FROM tbl_preguntas WHERE tx_preguntas='javax.swing.JTextField[,520,110,232x30,layout=javax.swing.plaf.basic.BasicTextUI$UpdateHandler,alignmentX=0.0,alignmentY=0.0,border=javax.swing.plaf.BorderUIResource$CompoundBorderUIResource@1472b3c,flags=296,maximumSize=,minimumSize=,preferredSize=,caretColor=sun.swing.PrintColorUIResource[r=51,g=51,b=51],disabledTextColor=javax.swing.plaf.ColorUIResource[r=184,g=207,b=229],editable=true,margin=javax.swing.plaf.InsetsUIResource[top=0,left=0,bottom=0,right=0],selectedTextColor=sun.swing.PrintColorUIResource[r=51,g=51,b=51],selectionColor=javax.swing.plaf.ColorUIResource[r=184,g=207,b=229],columns=0,columnWidth=0,command=,horizontalAlignment=LEADING]'; Mon Nov 10 10:42:21 VET 2014]]></LOG><LOG TP='BD'><![CDATA[10/11/2014 -> SELECT * FROM tbl_preguntas WHERE tx_preguntas='javax.swing.JTextField[,520,110,232x30,layout=javax.swing.plaf.basic.BasicTextUI$UpdateHandler,alignmentX=0.0,alignmentY=0.0,border=javax.swing.plaf.BorderUIResource$CompoundBorderUIResource@1472b3c,flags=296,maximumSize=,minimumSize=,preferredSize=,caretColor=sun.swing.PrintColorUIResource[r=51,g=51,b=51],disabledTextColor=javax.swing.plaf.ColorUIResource[r=184,g=207,b=229],editable=true,margin=javax.swing.plaf.InsetsUIResource[top=0,left=0,bottom=0,right=0],selectedTextColor=sun.swing.PrintColorUIResource[r=51,g=51,b=51],selectionColor=javax.swing.plaf.ColorUIResource[r=184,g=207,b=229],columns=0,columnWidth=0,command=,horizontalAlignment=LEADING]'; Mon Nov 10 10:42:21 VET 2014]]></LOG><LOG TP='BD'><![CDATA[10/11/2014 -> SELECT * FROM tbl_preguntas WHERE tx_preguntas='javax.swing.JTextField[,520,110,232x30,layout=javax.swing.plaf.basic.BasicTextUI$UpdateHandler,alignmentX=0.0,alignmentY=0.0,border=javax.swing.plaf.BorderUIResource$CompoundBorderUIResource@1472b3c,flags=296,maximumSize=,minimumSize=,preferredSize=,caretColor=sun.swing.PrintColorUIResource[r=51,g=51,b=51],disabledTextColor=javax.swing.plaf.ColorUIResource[r=184,g=207,b=229],editable=true,margin=javax.swing.plaf.InsetsUIResource[top=0,left=0,bottom=0,right=0],selectedTextColor=sun.swing.PrintColorUIResource[r=51,g=51,b=51],selectionColor=javax.swing.plaf.ColorUIResource[r=184,g=207,b=229],columns=0,columnWidth=0,command=,horizontalAlignment=LEADING]'; Mon Nov 10 10:42:21 VET 2014]]></LOG><LOG TP='BD'><![CDATA[10/11/2014 -> SELECT * FROM tbl_preguntas WHERE tx_preguntas='javax.swing.JTextField[,520,110,232x30,layout=javax.swing.plaf.basic.BasicTextUI$UpdateHandler,alignmentX=0.0,alignmentY=0.0,border=javax.swing.plaf.BorderUIResource$CompoundBorderUIResource@1472b3c,flags=296,maximumSize=,minimumSize=,preferredSize=,caretColor=sun.swing.PrintColorUIResource[r=51,g=51,b=51],disabledTextColor=javax.swing.plaf.ColorUIResource[r=184,g=207,b=229],editable=true,margin=javax.swing.plaf.InsetsUIResource[top=0,left=0,bottom=0,right=0],selectedTextColor=sun.swing.PrintColorUIResource[r=51,g=51,b=51],selectionColor=javax.swing.plaf.ColorUIResource[r=184,g=207,b=229],columns=0,columnWidth=0,command=,horizontalAlignment=LEADING]'; Mon Nov 10 10:42:21 VET 2014]]></LOG><LOG TP='BD'><![CDATA[10/11/2014 -> SELECT * FROM tbl_preguntas WHERE tx_preguntas='javax.swing.JTextField[,520,110,232x30,layout=javax.swing.plaf.basic.BasicTextUI$UpdateHandler,alignmentX=0.0,alignmentY=0.0,border=javax.swing.plaf.BorderUIResource$CompoundBorderUIResource@1472b3c,flags=296,maximumSize=,minimumSize=,preferredSize=,caretColor=sun.swing.PrintColorUIResource[r=51,g=51,b=51],disabledTextColor=javax.swing.plaf.ColorUIResource[r=184,g=207,b=229],editable=true,margin=javax.swing.plaf.InsetsUIResource[top=0,left=0,bottom=0,right=0],selectedTextColor=sun.swing.PrintColorUIResource[r=51,g=51,b=51],selectionColor=javax.swing.plaf.ColorUIResource[r=184,g=207,b=229],columns=0,columnWidth=0,command=,horizontalAlignment=LEADING]'; Mon Nov 10 10:42:21 VET 2014]]></LOG><LOG TP='BD'><![CDATA[10/11/2014 -> SELECT * FROM tbl_preguntas WHERE tx_preguntas='javax.swing.JTextField[,520,110,232x30,layout=javax.swing.plaf.basic.BasicTextUI$UpdateHandler,alignmentX=0.0,alignmentY=0.0,border=javax.swing.plaf.BorderUIResource$CompoundBorderUIResource@1472b3c,flags=296,maximumSize=,minimumSize=,preferredSize=,caretColor=sun.swing.PrintColorUIResource[r=51,g=51,b=51],disabledTextColor=javax.swing.plaf.ColorUIResource[r=184,g=207,b=229],editable=true,margin=javax.swing.plaf.InsetsUIResource[top=0,left=0,bottom=0,right=0],selectedTextColor=sun.swing.PrintColorUIResource[r=51,g=51,b=51],selectionColor=javax.swing.plaf.ColorUIResource[r=184,g=207,b=229],columns=0,columnWidth=0,command=,horizontalAlignment=LEADING]'; Mon Nov 10 10:42:21 VET 2014]]></LOG><LOG TP='BD'><![CDATA[10/11/2014 -> SELECT * FROM tbl_preguntas WHERE tx_preguntas='javax.swing.JTextField[,520,110,232x30,layout=javax.swing.plaf.basic.BasicTextUI$UpdateHandler,alignmentX=0.0,alignmentY=0.0,border=javax.swing.plaf.BorderUIResource$CompoundBorderUIResource@1472b3c,flags=296,maximumSize=,minimumSize=,preferredSize=,caretColor=sun.swing.PrintColorUIResource[r=51,g=51,b=51],disabledTextColor=javax.swing.plaf.ColorUIResource[r=184,g=207,b=229],editable=true,margin=javax.swing.plaf.InsetsUIResource[top=0,left=0,bottom=0,right=0],selectedTextColor=sun.swing.PrintColorUIResource[r=51,g=51,b=51],selectionColor=javax.swing.plaf.ColorUIResource[r=184,g=207,b=229],columns=0,columnWidth=0,command=,horizontalAlignment=LEADING]'; Mon Nov 10 10:42:21 VET 2014]]></LOG><LOG TP='BD'><![CDATA[10/11/2014 -> SELECT * FROM usuarios WHERE tx_login='frejolano' and clave='1234'; Mon Nov 10 10:51:19 VET 2014]]></LOG><LOG TP='BD'><![CDATA[10/11/2014 -> SELECT * FROM usuarios WHERE tx_login='frejolano' and clave='1234'; Mon Nov 10 10:51:19 VET 2014]]></LOG><LOG TP='BD'><![CDATA[10/11/2014 -> SELECT * FROM usuarios WHERE tx_login='frejolano' and clave='1234'; Mon Nov 10 10:51:19 VET 2014]]></LOG><LOG TP='BD'><![CDATA[10/11/2014 -> SELECT * FROM tbl_rol_usr WHERE nb_rol_usr='Administrador'; Mon Nov 10 10:51:19 VET 2014]]></LOG><LOG TP='BD'><![CDATA[10/11/2014 -> SELECT * FROM tbl_rol_usr WHERE nb_rol_usr='Estudiante'; Mon Nov 10 10:51:19 VET 2014]]></LOG><LOG TP='BD'><![CDATA[10/11/2014 -> SELECT * FROM tbl_rol_usr WHERE nb_rol_usr='Maestro'; Mon Nov 10 10:51:19 VET 2014]]></LOG><LOG TP='BD'><![CDATA[10/11/2014 -> SELECT * FROM tbl_rol_usr WHERE id_rol_usr=1; Mon Nov 10 10:51:19 VET 2014]]></LOG><LOG TP='BD'><![CDATA[10/11/2014 -> SELECT id_etapa FROM tbl_etapas WHERE nombre_etapa='primera etapa'; Mon Nov 10 10:51:19 VET 2014]]></LOG><LOG TP='BD'><![CDATA[10/11/2014 -> SELECT * FROM tbl_preguntas WHERE tx_preguntas='¿Que criminal fue liverado en lugar de jesucristo?'; Mon Nov 10 10:51:19 VET 2014]]></LOG><LOG TP='BD'><![CDATA[10/11/2014 -> UPDATE tbl_preguntas SET tx_preguntas='ya',id_etapa='1' WHERE id_preguntas='16'; Mon Nov 10 10:51:19 VET 2014]]></LOG><LOG TP='BD'><![CDATA[10/11/2014 -> SELECT * FROM usuarios WHERE tx_login='frejolano' and clave='1234'; Mon Nov 10 10:53:56 VET 2014]]></LOG><LOG TP='BD'><![CDATA[10/11/2014 -> SELECT * FROM usuarios WHERE tx_login='frejolano' and clave='1234'; Mon Nov 10 10:53:56 VET 2014]]></LOG><LOG TP='BD'><![CDATA[10/11/2014 -> SELECT * FROM usuarios WHERE tx_login='frejolano' and clave='1234'; Mon Nov 10 10:53:56 VET 2014]]></LOG><LOG TP='BD'><![CDATA[10/11/2014 -> SELECT * FROM tbl_rol_usr WHERE nb_rol_usr='Administrador'; Mon Nov 10 10:53:56 VET 2014]]></LOG><LOG TP='BD'><![CDATA[10/11/2014 -> SELECT * FROM tbl_rol_usr WHERE nb_rol_usr='Estudiante'; Mon Nov 10 10:53:56 VET 2014]]></LOG><LOG TP='BD'><![CDATA[10/11/2014 -> SELECT * FROM tbl_rol_usr WHERE nb_rol_usr='Maestro'; Mon Nov 10 10:53:56 VET 2014]]></LOG><LOG TP='BD'><![CDATA[10/11/2014 -> SELECT * FROM tbl_rol_usr WHERE id_rol_usr=1; Mon Nov 10 10:53:56 VET 2014]]></LOG><LOG TP='BD'><![CDATA[10/11/2014 -> SELECT id_etapa FROM tbl_etapas WHERE nombre_etapa='primera etapa'; Mon Nov 10 10:53:56 VET 2014]]></LOG><LOG TP='BD'><![CDATA[10/11/2014 -> SELECT * FROM usuarios WHERE tx_login='frejolano' and clave='1234'; Mon Nov 10 10:59:10 VET 2014]]></LOG><LOG TP='BD'><![CDATA[10/11/2014 -> SELECT * FROM usuarios WHERE tx_login='frejolano' and clave='1234'; Mon Nov 10 10:59:10 VET 2014]]></LOG><LOG TP='BD'><![CDATA[10/11/2014 -> SELECT * FROM usuarios WHERE tx_login='frejolano' and clave='1234'; Mon Nov 10 10:59:10 VET 2014]]></LOG><LOG TP='BD'><![CDATA[10/11/2014 -> SELECT * FROM tbl_rol_usr WHERE nb_rol_usr='Administrador'; Mon Nov 10 10:59:10 VET 2014]]></LOG><LOG TP='BD'><![CDATA[10/11/2014 -> SELECT * FROM tbl_rol_usr WHERE nb_rol_usr='Estudiante'; Mon Nov 10 10:59:10 VET 2014]]></LOG><LOG TP='BD'><![CDATA[10/11/2014 -> SELECT * FROM tbl_rol_usr WHERE nb_rol_usr='Maestro'; Mon Nov 10 10:59:10 VET 2014]]></LOG><LOG TP='BD'><![CDATA[10/11/2014 -> SELECT * FROM tbl_rol_usr WHERE id_rol_usr=1; Mon Nov 10 10:59:10 VET 2014]]></LOG><LOG TP='BD'><![CDATA[10/11/2014 -> SELECT id_etapa FROM tbl_etapas WHERE nombre_etapa='segunda etapa'; Mon Nov 10 10:59:10 VET 2014]]></LOG><LOG TP='BD'><![CDATA[10/11/2014 -> SELECT * FROM usuarios WHERE tx_login='frejolano' and clave='12345'; Mon Nov 10 11:02:08 VET 2014]]></LOG><LOG TP='BD'><![CDATA[10/11/2014 -> SELECT * FROM usuarios WHERE tx_login='frejolano' and clave='1234'; Mon Nov 10 11:02:08 VET 2014]]></LOG><LOG TP='BD'><![CDATA[10/11/2014 -> SELECT * FROM usuarios WHERE tx_login='frejolano' and clave='1234'; Mon Nov 10 11:02:08 VET 2014]]></LOG><LOG TP='BD'><![CDATA[10/11/2014 -> SELECT * FROM usuarios WHERE tx_login='frejolano' and clave='1234'; Mon Nov 10 11:02:08 VET 2014]]></LOG><LOG TP='BD'><![CDATA[10/11/2014 -> SELECT * FROM tbl_rol_usr WHERE nb_rol_usr='Administrador'; Mon Nov 10 11:02:08 VET 2014]]></LOG><LOG TP='BD'><![CDATA[10/11/2014 -> SELECT * FROM tbl_rol_usr WHERE nb_rol_usr='Estudiante'; Mon Nov 10 11:02:08 VET 2014]]></LOG><LOG TP='BD'><![CDATA[10/11/2014 -> SELECT * FROM tbl_rol_usr WHERE nb_rol_usr='Maestro'; Mon Nov 10 11:02:08 VET 2014]]></LOG><LOG TP='BD'><![CDATA[10/11/2014 -> SELECT * FROM tbl_rol_usr WHERE id_rol_usr=1; Mon Nov 10 11:02:08 VET 2014]]></LOG><LOG TP='BD'><![CDATA[10/11/2014 -> SELECT id_etapa FROM tbl_etapas WHERE nombre_etapa='primera etapa'; Mon Nov 10 11:02:08 VET 2014]]></LOG><LOG TP='BD'><![CDATA[10/11/2014 -> SELECT id_preguntas FROM tbl_preguntas WHERE tx_preguntas='Seleccione una palabra'; Mon Nov 10 11:02:08 VET 2014]]></LOG><LOG TP='BD'><![CDATA[10/11/2014 -> SELECT id_preguntas FROM tbl_preguntas WHERE tx_preguntas='Seleccione una palabra'; Mon Nov 10 11:02:08 VET 2014]]></LOG><LOG TP='BD'><![CDATA[10/11/2014 -> SELECT id_preguntas FROM tbl_preguntas WHERE tx_preguntas='Seleccione una palabra'; Mon Nov 10 11:02:08 VET 2014]]></LOG><LOG TP='BD'><![CDATA[10/11/2014 -> SELECT * FROM usuarios WHERE tx_login='frejolano' and clave='12345'; Mon Nov 10 11:04:22 VET 2014]]></LOG><LOG TP='BD'><![CDATA[10/11/2014 -> SELECT * FROM usuarios WHERE tx_login='frejolano' and clave='1234'; Mon Nov 10 11:04:22 VET 2014]]></LOG><LOG TP='BD'><![CDATA[10/11/2014 -> SELECT * FROM usuarios WHERE tx_login='frejolano' and clave='1234'; Mon Nov 10 11:04:22 VET 2014]]></LOG><LOG TP='BD'><![CDATA[10/11/2014 -> SELECT * FROM usuarios WHERE tx_login='frejolano' and clave='1234'; Mon Nov 10 11:04:22 VET 2014]]></LOG><LOG TP='BD'><![CDATA[10/11/2014 -> SELECT * FROM tbl_rol_usr WHERE nb_rol_usr='Administrador'; Mon Nov 10 11:04:22 VET 2014]]></LOG><LOG TP='BD'><![CDATA[10/11/2014 -> SELECT * FROM tbl_rol_usr WHERE nb_rol_usr='Estudiante'; Mon Nov 10 11:04:22 VET 2014]]></LOG><LOG TP='BD'><![CDATA[10/11/2014 -> SELECT * FROM tbl_rol_usr WHERE nb_rol_usr='Maestro'; Mon Nov 10 11:04:22 VET 2014]]></LOG><LOG TP='BD'><![CDATA[10/11/2014 -> SELECT * FROM tbl_rol_usr WHERE id_rol_usr=1; Mon Nov 10 11:04:22 VET 2014]]></LOG><LOG TP='BD'><![CDATA[10/11/2014 -> SELECT id_etapa FROM tbl_etapas WHERE nombre_etapa='primera etapa'; Mon Nov 10 11:04:22 VET 2014]]></LOG><LOG TP='BD'><![CDATA[10/11/2014 -> SELECT * FROM tbl_preguntas WHERE tx_preguntas='ya'; Mon Nov 10 11:04:22 VET 2014]]></LOG><LOG TP='BD'><![CDATA[10/11/2014 -> UPDATE tbl_preguntas SET tx_preguntas='listo',id_etapa='1' WHERE id_preguntas='16'; Mon Nov 10 11:04:22 VET 2014]]></LOG><LOG TP='BD'><![CDATA[10/11/2014 -> SELECT id_etapa FROM tbl_etapas WHERE nombre_etapa='segunda etapa'; Mon Nov 10 11:04:22 VET 2014]]></LOG><LOG TP='BD'><![CDATA[10/11/2014 -> SELECT * FROM usuarios WHERE tx_login='frejiolano' and clave='1234'; Mon Nov 10 11:07:58 VET 2014]]></LOG><LOG TP='BD'><![CDATA[10/11/2014 -> SELECT * FROM usuarios WHERE tx_login='frejiolano' and clave='1234'; Mon Nov 10 11:07:58 VET 2014]]></LOG><LOG TP='BD'><![CDATA[10/11/2014 -> SELECT * FROM usuarios WHERE tx_login='frejolano' and clave='1234'; Mon Nov 10 11:07:58 VET 2014]]></LOG><LOG TP='BD'><![CDATA[10/11/2014 -> SELECT * FROM usuarios WHERE tx_login='frejolano' and clave='1234'; Mon Nov 10 11:07:58 VET 2014]]></LOG><LOG TP='BD'><![CDATA[10/11/2014 -> SELECT * FROM usuarios WHERE tx_login='frejolano' and clave='1234'; Mon Nov 10 11:07:58 VET 2014]]></LOG><LOG TP='BD'><![CDATA[10/11/2014 -> SELECT * FROM tbl_rol_usr WHERE nb_rol_usr='Administrador'; Mon Nov 10 11:07:58 VET 2014]]></LOG><LOG TP='BD'><![CDATA[10/11/2014 -> SELECT * FROM tbl_rol_usr WHERE nb_rol_usr='Estudiante'; Mon Nov 10 11:07:58 VET 2014]]></LOG><LOG TP='BD'><![CDATA[10/11/2014 -> SELECT * FROM tbl_rol_usr WHERE nb_rol_usr='Maestro'; Mon Nov 10 11:07:58 VET 2014]]></LOG><LOG TP='BD'><![CDATA[10/11/2014 -> SELECT * FROM tbl_rol_usr WHERE id_rol_usr=1; Mon Nov 10 11:07:58 VET 2014]]></LOG><LOG TP='BD'><![CDATA[10/11/2014 -> SELECT id_etapa FROM tbl_etapas WHERE nombre_etapa='primera etapa'; Mon Nov 10 11:07:58 VET 2014]]></LOG><LOG TP='BD'><![CDATA[10/11/2014 -> SELECT * FROM usuarios WHERE tx_login='frejolano' and clave='1234'; Mon Nov 10 11:10:32 VET 2014]]></LOG><LOG TP='BD'><![CDATA[10/11/2014 -> SELECT * FROM usuarios WHERE tx_login='frejolano' and clave='1234'; Mon Nov 10 11:10:32 VET 2014]]></LOG><LOG TP='BD'><![CDATA[10/11/2014 -> SELECT * FROM usuarios WHERE tx_login='frejolano' and clave='1234'; Mon Nov 10 11:10:32 VET 2014]]></LOG><LOG TP='BD'><![CDATA[10/11/2014 -> SELECT * FROM tbl_rol_usr WHERE nb_rol_usr='Administrador'; Mon Nov 10 11:10:32 VET 2014]]></LOG><LOG TP='BD'><![CDATA[10/11/2014 -> SELECT * FROM tbl_rol_usr WHERE nb_rol_usr='Estudiante'; Mon Nov 10 11:10:32 VET 2014]]></LOG><LOG TP='BD'><![CDATA[10/11/2014 -> SELECT * FROM tbl_rol_usr WHERE nb_rol_usr='Maestro'; Mon Nov 10 11:10:32 VET 2014]]></LOG><LOG TP='BD'><![CDATA[10/11/2014 -> SELECT * FROM tbl_rol_usr WHERE id_rol_usr=1; Mon Nov 10 11:10:32 VET 2014]]></LOG><LOG TP='BD'><![CDATA[10/11/2014 -> SELECT id_etapa FROM tbl_etapas WHERE nombre_etapa='segunda etapa'; Mon Nov 10 11:10:32 VET 2014]]></LOG><LOG TP='BD'><![CDATA[10/11/2014 -> SELECT * FROM usuarios WHERE tx_login='frejolano' and clave='12345'; Mon Nov 10 11:11:57 VET 2014]]></LOG><LOG TP='BD'><![CDATA[10/11/2014 -> SELECT * FROM usuarios WHERE tx_login='frejolano' and clave='1234'; Mon Nov 10 11:11:57 VET 2014]]></LOG><LOG TP='BD'><![CDATA[10/11/2014 -> SELECT * FROM usuarios WHERE tx_login='frejolano' and clave='1234'; Mon Nov 10 11:11:57 VET 2014]]></LOG><LOG TP='BD'><![CDATA[10/11/2014 -> SELECT * FROM usuarios WHERE tx_login='frejolano' and clave='1234'; Mon Nov 10 11:11:57 VET 2014]]></LOG><LOG TP='BD'><![CDATA[10/11/2014 -> SELECT * FROM tbl_rol_usr WHERE nb_rol_usr='Administrador'; Mon Nov 10 11:11:57 VET 2014]]></LOG><LOG TP='BD'><![CDATA[10/11/2014 -> SELECT * FROM tbl_rol_usr WHERE nb_rol_usr='Estudiante'; Mon Nov 10 11:11:57 VET 2014]]></LOG><LOG TP='BD'><![CDATA[10/11/2014 -> SELECT * FROM tbl_rol_usr WHERE nb_rol_usr='Maestro'; Mon Nov 10 11:11:57 VET 2014]]></LOG><LOG TP='BD'><![CDATA[10/11/2014 -> SELECT * FROM tbl_rol_usr WHERE id_rol_usr=1; Mon Nov 10 11:11:57 VET 2014]]></LOG><LOG TP='BD'><![CDATA[10/11/2014 -> SELECT * FROM tbl_preguntas WHERE tx_preguntas='palabra1'and id_etapa=1; Mon Nov 10 11:11:57 VET 2014]]></LOG><LOG TP='BD'><![CDATA[10/11/2014 -> INSERT INTO tbl_preguntas(tx_preguntas,id_etapa) VALUES('palabra1',1); Mon Nov 10 11:11:57 VET 2014]]></LOG><LOG TP='BD'><![CDATA[10/11/2014 -> SELECT * FROM tbl_preguntas WHERE tx_preguntas='palabra2'and id_etapa=1; Mon Nov 10 11:11:57 VET 2014]]></LOG><LOG TP='BD'><![CDATA[10/11/2014 -> INSERT INTO tbl_preguntas(tx_preguntas,id_etapa) VALUES('palabra2',1); Mon Nov 10 11:11:57 VET 2014]]></LOG><LOG TP='BD'><![CDATA[10/11/2014 -> SELECT id_etapa FROM tbl_etapas WHERE nombre_etapa='primera etapa'; Mon Nov 10 11:11:57 VET 2014]]></LOG><LOG TP='BD'><![CDATA[10/11/2014 -> SELECT id_etapa FROM tbl_etapas WHERE nombre_etapa='tercera etapa'; Mon Nov 10 11:11:57 VET 2014]]></LOG><LOG TP='BD'><![CDATA[10/11/2014 -> SELECT * FROM usuarios WHERE tx_login='frejolano' and clave='1234'; Mon Nov 10 11:13:54 VET 2014]]></LOG><LOG TP='BD'><![CDATA[10/11/2014 -> SELECT * FROM usuarios WHERE tx_login='frejolano' and clave='1234'; Mon Nov 10 11:13:54 VET 2014]]></LOG><LOG TP='BD'><![CDATA[10/11/2014 -> SELECT * FROM usuarios WHERE tx_login='frejolano' and clave='1234'; Mon Nov 10 11:13:54 VET 2014]]></LOG><LOG TP='BD'><![CDATA[10/11/2014 -> SELECT * FROM tbl_rol_usr WHERE nb_rol_usr='Administrador'; Mon Nov 10 11:13:54 VET 2014]]></LOG><LOG TP='BD'><![CDATA[10/11/2014 -> SELECT * FROM tbl_rol_usr WHERE nb_rol_usr='Estudiante'; Mon Nov 10 11:13:54 VET 2014]]></LOG><LOG TP='BD'><![CDATA[10/11/2014 -> SELECT * FROM tbl_rol_usr WHERE nb_rol_usr='Maestro'; Mon Nov 10 11:13:54 VET 2014]]></LOG><LOG TP='BD'><![CDATA[10/11/2014 -> SELECT * FROM tbl_rol_usr WHERE id_rol_usr=1; Mon Nov 10 11:13:54 VET 2014]]></LOG><LOG TP='BD'><![CDATA[10/11/2014 -> SELECT id_etapa FROM tbl_etapas WHERE nombre_etapa='primera etapa'; Mon Nov 10 11:13:54 VET 2014]]></LOG><LOG TP='BD'><![CDATA[10/11/2014 -> SELECT * FROM tbl_preguntas WHERE tx_preguntas='palabra2'; Mon Nov 10 11:13:54 VET 2014]]></LOG><LOG TP='BD'><![CDATA[10/11/2014 -> UPDATE tbl_preguntas SET tx_preguntas='palabramodificada',id_etapa='1' WHERE id_preguntas='49'; Mon Nov 10 11:13:54 VET 2014]]></LOG><LOG TP='BD'><![CDATA[10/11/2014 -> SELECT id_etapa FROM tbl_etapas WHERE nombre_etapa='segunda etapa'; Mon Nov 10 11:13:54 VET 2014]]></LOG><LOG TP='BD'><![CDATA[10/11/2014 -> SELECT * FROM tbl_preguntas WHERE tx_preguntas='cambie'; Mon Nov 10 11:13:54 VET 2014]]></LOG><LOG TP='BD'><![CDATA[10/11/2014 -> UPDATE tbl_preguntas SET tx_preguntas='cambiemodificado',id_etapa='2' WHERE id_preguntas='2'; Mon Nov 10 11:13:54 VET 2014]]></LOG><LOG TP='BD'><![CDATA[10/11/2014 -> SELECT * FROM usuarios WHERE tx_login='frejolano' and clave='1234'; Mon Nov 10 11:19:32 VET 2014]]></LOG><LOG TP='BD'><![CDATA[10/11/2014 -> SELECT * FROM usuarios WHERE tx_login='frejolano' and clave='1234'; Mon Nov 10 11:19:32 VET 2014]]></LOG><LOG TP='BD'><![CDATA[10/11/2014 -> SELECT * FROM usuarios WHERE tx_login='frejolano' and clave='1234'; Mon Nov 10 11:19:32 VET 2014]]></LOG><LOG TP='BD'><![CDATA[10/11/2014 -> SELECT * FROM tbl_rol_usr WHERE nb_rol_usr='Administrador'; Mon Nov 10 11:19:32 VET 2014]]></LOG><LOG TP='BD'><![CDATA[10/11/2014 -> SELECT * FROM tbl_rol_usr WHERE nb_rol_usr='Estudiante'; Mon Nov 10 11:19:32 VET 2014]]></LOG><LOG TP='BD'><![CDATA[10/11/2014 -> SELECT * FROM tbl_rol_usr WHERE nb_rol_usr='Maestro'; Mon Nov 10 11:19:32 VET 2014]]></LOG><LOG TP='BD'><![CDATA[10/11/2014 -> SELECT * FROM tbl_rol_usr WHERE id_rol_usr=1; Mon Nov 10 11:19:32 VET 2014]]></LOG><LOG TP='BD'><![CDATA[10/11/2014 -> SELECT id_etapa FROM tbl_etapas WHERE nombre_etapa='primera etapa'; Mon Nov 10 11:19:32 VET 2014]]></LOG><LOG TP='BD'><![CDATA[10/11/2014 -> SELECT * FROM tbl_preguntas WHERE tx_preguntas='listo'; Mon Nov 10 11:19:32 VET 2014]]></LOG><LOG TP='BD'><![CDATA[10/11/2014 -> UPDATE tbl_preguntas SET tx_preguntas='listod',id_etapa='1' WHERE id_preguntas='16'; Mon Nov 10 11:19:32 VET 2014]]></LOG><LOG TP='BD'><![CDATA[10/11/2014 -> SELECT * FROM usuarios WHERE tx_login='frejolano' and clave='12345'; Mon Nov 10 11:20:45 VET 2014]]></LOG><LOG TP='BD'><![CDATA[10/11/2014 -> SELECT * FROM usuarios WHERE tx_login='frejolano' and clave='1234'; Mon Nov 10 11:20:45 VET 2014]]></LOG><LOG TP='BD'><![CDATA[10/11/2014 -> SELECT * FROM usuarios WHERE tx_login='frejolano' and clave='1234'; Mon Nov 10 11:20:45 VET 2014]]></LOG><LOG TP='BD'><![CDATA[10/11/2014 -> SELECT * FROM usuarios WHERE tx_login='frejolano' and clave='1234'; Mon Nov 10 11:20:45 VET 2014]]></LOG><LOG TP='BD'><![CDATA[10/11/2014 -> SELECT * FROM tbl_rol_usr WHERE nb_rol_usr='Administrador'; Mon Nov 10 11:20:45 VET 2014]]></LOG><LOG TP='BD'><![CDATA[10/11/2014 -> SELECT * FROM tbl_rol_usr WHERE nb_rol_usr='Estudiante'; Mon Nov 10 11:20:45 VET 2014]]></LOG><LOG TP='BD'><![CDATA[10/11/2014 -> SELECT * FROM tbl_rol_usr WHERE nb_rol_usr='Maestro'; Mon Nov 10 11:20:45 VET 2014]]></LOG><LOG TP='BD'><![CDATA[10/11/2014 -> SELECT * FROM tbl_rol_usr WHERE id_rol_usr=1; Mon Nov 10 11:20:45 VET 2014]]></LOG><LOG TP='BD'><![CDATA[10/11/2014 -> SELECT id_etapa FROM tbl_etapas WHERE nombre_etapa='segunda etapa'; Mon Nov 10 11:20:45 VET 2014]]></LOG><LOG TP='BD'><![CDATA[10/11/2014 -> SELECT * FROM usuarios WHERE tx_login='frejolano' and clave='1234'; Mon Nov 10 11:23:22 VET 2014]]></LOG><LOG TP='BD'><![CDATA[10/11/2014 -> SELECT * FROM usuarios WHERE tx_login='frejolano' and clave='1234'; Mon Nov 10 11:23:22 VET 2014]]></LOG><LOG TP='BD'><![CDATA[10/11/2014 -> SELECT * FROM usuarios WHERE tx_login='frejolano' and clave='1234'; Mon Nov 10 11:23:22 VET 2014]]></LOG><LOG TP='BD'><![CDATA[10/11/2014 -> SELECT * FROM tbl_rol_usr WHERE nb_rol_usr='Administrador'; Mon Nov 10 11:23:22 VET 2014]]></LOG><LOG TP='BD'><![CDATA[10/11/2014 -> SELECT * FROM tbl_rol_usr WHERE nb_rol_usr='Estudiante'; Mon Nov 10 11:23:22 VET 2014]]></LOG><LOG TP='BD'><![CDATA[10/11/2014 -> SELECT * FROM tbl_rol_usr WHERE nb_rol_usr='Maestro'; Mon Nov 10 11:23:22 VET 2014]]></LOG><LOG TP='BD'><![CDATA[10/11/2014 -> SELECT * FROM tbl_rol_usr WHERE id_rol_usr=1; Mon Nov 10 11:23:22 VET 2014]]></LOG><LOG TP='BD'><![CDATA[10/11/2014 -> SELECT id_etapa FROM tbl_etapas WHERE nombre_etapa='primera etapa'; Mon Nov 10 11:23:22 VET 2014]]></LOG><LOG TP='BD'><![CDATA[10/11/2014 -> SELECT * FROM tbl_preguntas WHERE tx_preguntas='palabra1'; Mon Nov 10 11:23:22 VET 2014]]></LOG><LOG TP='BD'><![CDATA[10/11/2014 -> UPDATE tbl_preguntas SET tx_preguntas='palabraf',id_etapa='1' WHERE id_preguntas='48'; Mon Nov 10 11:23:22 VET 2014]]></LOG><LOG TP='BD'><![CDATA[10/11/2014 -> SELECT id_etapa FROM tbl_etapas WHERE nombre_etapa='primera etapa'; Mon Nov 10 11:23:22 VET 2014]]></LOG><LOG TP='BD'><![CDATA[10/11/2014 -> SELECT * FROM tbl_preguntas WHERE tx_preguntas='GÉNESIS'and id_etapa=1; Mon Nov 10 11:23:22 VET 2014]]></LOG><LOG TP='BD'><![CDATA[10/11/2014 -> INSERT INTO tbl_preguntas(tx_preguntas,id_etapa) VALUES('GÉNESIS',1); Mon Nov 10 11:23:22 VET 2014]]></LOG><LOG TP='BD'><![CDATA[10/11/2014 -> SELECT * FROM tbl_libro WHERE nb_libro='Genesis'; Mon Nov 10 11:23:22 VET 2014]]></LOG><LOG TP='BD'><![CDATA[10/11/2014 -> INSERT INTO tbl_preguntas(tx_preguntas,respuesta_correcta,id_etapa,id_libro) VALUES('¿Cual fue la primera creacionde Dios?','los cielos y la tierra',3,'1'); Mon Nov 10 11:23:22 VET 2014]]></LOG><LOG TP='BD'><![CDATA[10/11/2014 -> SELECT * FROM tbl_preguntas WHERE tx_preguntas='¿Cual fue la primera creacionde Dios?'; Mon Nov 10 11:23:22 VET 2014]]></LOG><LOG TP='BD'><![CDATA[10/11/2014 -> INSERT INTO tbl_resp_inc(resp_incorrecta,id_preguntas,opcion) VALUES('los cielos y la tierra','51','a'); Mon Nov 10 11:23:22 VET 2014]]></LOG><LOG TP='BD'><![CDATA[10/11/2014 -> INSERT INTO tbl_resp_inc(resp_incorrecta,id_preguntas,opcion) VALUES('los mares','51','a'); Mon Nov 10 11:23:22 VET 2014]]></LOG><LOG TP='BD'><![CDATA[10/11/2014 -> INSERT INTO tbl_resp_inc(resp_incorrecta,id_preguntas,opcion) VALUES('la luz','51','a'); Mon Nov 10 11:23:22 VET 2014]]></LOG><LOG TP='BD'><![CDATA[10/11/2014 -> INSERT INTO tbl_resp_inc(resp_incorrecta,id_preguntas,opcion) VALUES('el dia y la noche','51','a'); Mon Nov 10 11:23:22 VET 2014]]></LOG><LOG TP='BD'><![CDATA[10/11/2014 -> SELECT id_etapa FROM tbl_etapas WHERE nombre_etapa='tercera etapa'; Mon Nov 10 11:23:22 VET 2014]]></LOG><LOG TP='BD'><![CDATA[10/11/2014 -> SELECT * FROM usuarios WHERE tx_login='frejolano' and clave='1234'; Mon Nov 10 11:52:42 VET 2014]]></LOG><LOG TP='BD'><![CDATA[10/11/2014 -> SELECT * FROM usuarios WHERE tx_login='frejolano' and clave='1234'; Mon Nov 10 11:52:42 VET 2014]]></LOG><LOG TP='BD'><![CDATA[10/11/2014 -> SELECT * FROM usuarios WHERE tx_login='frejolano' and clave='1234'; Mon Nov 10 11:52:42 VET 2014]]></LOG><LOG TP='BD'><![CDATA[10/11/2014 -> SELECT * FROM tbl_rol_usr WHERE nb_rol_usr='Administrador'; Mon Nov 10 11:52:42 VET 2014]]></LOG><LOG TP='BD'><![CDATA[10/11/2014 -> SELECT * FROM tbl_rol_usr WHERE nb_rol_usr='Estudiante'; Mon Nov 10 11:52:42 VET 2014]]></LOG><LOG TP='BD'><![CDATA[10/11/2014 -> SELECT * FROM tbl_rol_usr WHERE nb_rol_usr='Maestro'; Mon Nov 10 11:52:42 VET 2014]]></LOG><LOG TP='BD'><![CDATA[10/11/2014 -> SELECT * FROM tbl_rol_usr WHERE id_rol_usr=1; Mon Nov 10 11:52:42 VET 2014]]></LOG><LOG TP='BD'><![CDATA[10/11/2014 -> SELECT * FROM tbl_libro WHERE nb_libro='Exodo'; Mon Nov 10 11:52:42 VET 2014]]></LOG><LOG TP='BD'><![CDATA[10/11/2014 -> INSERT INTO tbl_preguntas(tx_preguntas,respuesta_correcta,id_etapa,id_libro) VALUES('ghfff','sasa',3,'2'); Mon Nov 10 11:52:42 VET 2014]]></LOG><LOG TP='BD'><![CDATA[10/11/2014 -> SELECT * FROM tbl_preguntas WHERE tx_preguntas='ghfff'; Mon Nov 10 11:52:42 VET 2014]]></LOG><LOG TP='BD'><![CDATA[10/11/2014 -> INSERT INTO tbl_resp_inc(resp_incorrecta,id_preguntas,opcion) VALUES('ya','52','a'); Mon Nov 10 11:52:42 VET 2014]]></LOG><LOG TP='BD'><![CDATA[10/11/2014 -> INSERT INTO tbl_resp_inc(resp_incorrecta,id_preguntas,opcion) VALUES('sa','52','a'); Mon Nov 10 11:52:42 VET 2014]]></LOG><LOG TP='BD'><![CDATA[10/11/2014 -> INSERT INTO tbl_resp_inc(resp_incorrecta,id_preguntas,opcion) VALUES('asdd','52','a'); Mon Nov 10 11:52:42 VET 2014]]></LOG><LOG TP='BD'><![CDATA[10/11/2014 -> INSERT INTO tbl_resp_inc(resp_incorrecta,id_preguntas,opcion) VALUES('sasa','52','a'); Mon Nov 10 11:52:42 VET 2014]]></LOG><LOG TP='BD'><![CDATA[10/11/2014 -> SELECT * FROM usuarios WHERE tx_login='frejolano' and clave='1234'; Mon Nov 10 12:12:53 VET 2014]]></LOG><LOG TP='BD'><![CDATA[10/11/2014 -> SELECT * FROM usuarios WHERE tx_login='frejolano' and clave='1234'; Mon Nov 10 12:12:53 VET 2014]]></LOG><LOG TP='BD'><![CDATA[10/11/2014 -> SELECT * FROM usuarios WHERE tx_login='frejolano' and clave='1234'; Mon Nov 10 12:12:53 VET 2014]]></LOG><LOG TP='BD'><![CDATA[10/11/2014 -> SELECT * FROM tbl_rol_usr WHERE nb_rol_usr='Administrador'; Mon Nov 10 12:12:53 VET 2014]]></LOG><LOG TP='BD'><![CDATA[10/11/2014 -> SELECT * FROM tbl_rol_usr WHERE nb_rol_usr='Estudiante'; Mon Nov 10 12:12:53 VET 2014]]></LOG><LOG TP='BD'><![CDATA[10/11/2014 -> SELECT * FROM tbl_rol_usr WHERE nb_rol_usr='Maestro'; Mon Nov 10 12:12:53 VET 2014]]></LOG><LOG TP='BD'><![CDATA[10/11/2014 -> SELECT * FROM tbl_rol_usr WHERE id_rol_usr=1; Mon Nov 10 12:12:53 VET 2014]]></LOG><LOG TP='BD'><![CDATA[10/11/2014 -> SELECT id_etapa FROM tbl_etapas WHERE nombre_etapa='primera etapa'; Mon Nov 10 12:12:53 VET 2014]]></LOG><LOG TP='BD'><![CDATA[10/11/2014 -> SELECT id_etapa FROM tbl_etapas WHERE nombre_etapa='segunda etapa'; Mon Nov 10 12:12:53 VET 2014]]></LOG><LOG TP='BD'><![CDATA[10/11/2014 -> SELECT * FROM usuarios WHERE tx_login='frejolano' and clave='1234'; Mon Nov 10 12:30:50 VET 2014]]></LOG><LOG TP='BD'><![CDATA[10/11/2014 -> SELECT * FROM usuarios WHERE tx_login='frejolano' and clave='1234'; Mon Nov 10 12:30:50 VET 2014]]></LOG><LOG TP='BD'><![CDATA[10/11/2014 -> SELECT * FROM usuarios WHERE tx_login='frejolano' and clave='1234'; Mon Nov 10 12:30:50 VET 2014]]></LOG><LOG TP='BD'><![CDATA[10/11/2014 -> SELECT * FROM tbl_rol_usr WHERE nb_rol_usr='Administrador'; Mon Nov 10 12:30:50 VET 2014]]></LOG><LOG TP='BD'><![CDATA[10/11/2014 -> SELECT * FROM tbl_rol_usr WHERE nb_rol_usr='Estudiante'; Mon Nov 10 12:30:50 VET 2014]]></LOG><LOG TP='BD'><![CDATA[10/11/2014 -> SELECT * FROM tbl_rol_usr WHERE nb_rol_usr='Maestro'; Mon Nov 10 12:30:50 VET 2014]]></LOG><LOG TP='BD'><![CDATA[10/11/2014 -> SELECT * FROM tbl_rol_usr WHERE id_rol_usr=1; Mon Nov 10 12:30:50 VET 2014]]></LOG><LOG TP='BD'><![CDATA[10/11/2014 -> SELECT id_etapa FROM tbl_etapas WHERE nombre_etapa='segunda etapa'; Mon Nov 10 12:30:50 VET 2014]]></LOG><LOG TP='BD'><![CDATA[10/11/2014 -> SELECT * FROM usuarios WHERE tx_login='frejolano' and clave='1234'; Mon Nov 10 12:32:26 VET 2014]]></LOG><LOG TP='BD'><![CDATA[10/11/2014 -> SELECT * FROM usuarios WHERE tx_login='frejolano' and clave='1234'; Mon Nov 10 12:32:26 VET 2014]]></LOG><LOG TP='BD'><![CDATA[10/11/2014 -> SELECT * FROM usuarios WHERE tx_login='frejolano' and clave='1234'; Mon Nov 10 12:32:26 VET 2014]]></LOG><LOG TP='BD'><![CDATA[10/11/2014 -> SELECT * FROM tbl_rol_usr WHERE nb_rol_usr='Administrador'; Mon Nov 10 12:32:26 VET 2014]]></LOG><LOG TP='BD'><![CDATA[10/11/2014 -> SELECT * FROM tbl_rol_usr WHERE nb_rol_usr='Estudiante'; Mon Nov 10 12:32:26 VET 2014]]></LOG><LOG TP='BD'><![CDATA[10/11/2014 -> SELECT * FROM tbl_rol_usr WHERE nb_rol_usr='Maestro'; Mon Nov 10 12:32:26 VET 2014]]></LOG><LOG TP='BD'><![CDATA[10/11/2014 -> SELECT * FROM tbl_rol_usr WHERE id_rol_usr=1; Mon Nov 10 12:32:26 VET 2014]]></LOG><LOG TP='BD'><![CDATA[10/11/2014 -> SELECT * FROM usuarios WHERE tx_login='frejolano' and clave='1234'; Mon Nov 10 13:25:20 VET 2014]]></LOG><LOG TP='BD'><![CDATA[10/11/2014 -> SELECT * FROM usuarios WHERE tx_login='frejolano' and clave='1234'; Mon Nov 10 13:25:20 VET 2014]]></LOG><LOG TP='BD'><![CDATA[10/11/2014 -> SELECT * FROM usuarios WHERE tx_login='frejolano' and clave='1234'; Mon Nov 10 13:25:20 VET 2014]]></LOG><LOG TP='BD'><![CDATA[10/11/2014 -> SELECT * FROM tbl_rol_usr WHERE nb_rol_usr='Administrador'; Mon Nov 10 13:25:20 VET 2014]]></LOG><LOG TP='BD'><![CDATA[10/11/2014 -> SELECT * FROM tbl_rol_usr WHERE nb_rol_usr='Estudiante'; Mon Nov 10 13:25:20 VET 2014]]></LOG><LOG TP='BD'><![CDATA[10/11/2014 -> SELECT * FROM tbl_rol_usr WHERE nb_rol_usr='Maestro'; Mon Nov 10 13:25:20 VET 2014]]></LOG><LOG TP='BD'><![CDATA[10/11/2014 -> SELECT * FROM tbl_rol_usr WHERE id_rol_usr=1; Mon Nov 10 13:25:20 VET 2014]]></LOG><LOG TP='BD'><![CDATA[10/11/2014 -> SELECT id_etapa FROM tbl_etapas WHERE nombre_etapa='tercera etapa'; Mon Nov 10 13:25:20 VET 2014]]></LOG><LOG TP='BD'><![CDATA[10/11/2014 -> SELECT id_preguntas FROM tbl_preguntas WHERE tx_preguntas='cambiada2'; Mon Nov 10 13:25:20 VET 2014]]></LOG><LOG TP='BD'><![CDATA[10/11/2014 -> SELECT id_libro FROM tbl_preguntas WHERE tx_preguntas='cambiada2'; Mon Nov 10 13:25:20 VET 2014]]></LOG><LOG TP='BD'><![CDATA[10/11/2014 -> SELECT nb_libro FROM tbl_libro WHERE id_libro='3'; Mon Nov 10 13:25:20 VET 2014]]></LOG><LOG TP='BD'><![CDATA[10/11/2014 -> SELECT respuesta_correcta FROM tbl_preguntas WHERE tx_preguntas='cambiada2'; Mon Nov 10 13:25:20 VET 2014]]></LOG><LOG TP='BD'><![CDATA[10/11/2014 -> SELECT resp_incorrecta FROM tbl_resp_inc WHERE id_preguntas='37' and opcion='a'; Mon Nov 10 13:25:20 VET 2014]]></LOG><LOG TP='BD'><![CDATA[10/11/2014 -> SELECT resp_incorrecta FROM tbl_resp_inc WHERE id_preguntas='37' and opcion='b'; Mon Nov 10 13:25:20 VET 2014]]></LOG><LOG TP='BD'><![CDATA[10/11/2014 -> SELECT resp_incorrecta FROM tbl_resp_inc WHERE id_preguntas='37' and opcion='c'; Mon Nov 10 13:25:20 VET 2014]]></LOG><LOG TP='BD'><![CDATA[10/11/2014 -> SELECT resp_incorrecta FROM tbl_resp_inc WHERE id_preguntas='37' and opcion='d'; Mon Nov 10 13:25:20 VET 2014]]></LOG><LOG TP='BD'><![CDATA[10/11/2014 -> SELECT * FROM tbl_libro WHERE nb_libro='Levitico'; Mon Nov 10 13:25:20 VET 2014]]></LOG><LOG TP='BD'><![CDATA[10/11/2014 -> SELECT * FROM tbl_preguntas WHERE tx_preguntas='cambiada2'; Mon Nov 10 13:25:20 VET 2014]]></LOG><LOG TP='BD'><![CDATA[10/11/2014 -> UPDATE tbl_preguntas SET tx_preguntas='cambie',respuesta_correcta='listowas',id_etapa='3',id_libro='3' WHERE id_preguntas='37'; Mon Nov 10 13:25:20 VET 2014]]></LOG><LOG TP='BD'><![CDATA[10/11/2014 -> UPDATE tbl_resp_inc SET resp_incorrecta='termineodaa',opcion='a' WHERE  id_preguntas='37'and opcion='a'; Mon Nov 10 13:25:20 VET 2014]]></LOG><LOG TP='BD'><![CDATA[10/11/2014 -> UPDATE tbl_resp_inc SET resp_incorrecta='lo hice1sss',opcion='b' WHERE  id_preguntas='37'and opcion='b'; Mon Nov 10 13:25:20 VET 2014]]></LOG><LOG TP='BD'><![CDATA[10/11/2014 -> UPDATE tbl_resp_inc SET resp_incorrecta='yawws',opcion='c' WHERE  id_preguntas='37'and opcion='c'; Mon Nov 10 13:25:20 VET 2014]]></LOG><LOG TP='BD'><![CDATA[10/11/2014 -> UPDATE tbl_resp_inc SET resp_incorrecta='listowas',opcion='d' WHERE  id_preguntas='37'and opcion='d'; Mon Nov 10 13:25:20 VET 2014]]></LOG><LOG TP='BD'><![CDATA[10/11/2014 -> SELECT * FROM tbl_preguntas WHERE tx_preguntas='ddsdssd'and id_etapa=1; Mon Nov 10 13:25:20 VET 2014]]></LOG><LOG TP='BD'><![CDATA[10/11/2014 -> INSERT INTO tbl_preguntas(tx_preguntas,id_etapa) VALUES('ddsdssd',1); Mon Nov 10 13:25:20 VET 2014]]></LOG><LOG TP='BD'><![CDATA[10/11/2014 -> SELECT * FROM usuarios WHERE tx_login='frejolano' and clave='1234'; Mon Nov 10 13:27:57 VET 2014]]></LOG><LOG TP='BD'><![CDATA[10/11/2014 -> SELECT * FROM usuarios WHERE tx_login='frejolano' and clave='1234'; Mon Nov 10 13:27:57 VET 2014]]></LOG><LOG TP='BD'><![CDATA[10/11/2014 -> SELECT * FROM usuarios WHERE tx_login='frejolano' and clave='1234'; Mon Nov 10 13:27:57 VET 2014]]></LOG><LOG TP='BD'><![CDATA[10/11/2014 -> SELECT * FROM tbl_rol_usr WHERE nb_rol_usr='Administrador'; Mon Nov 10 13:27:57 VET 2014]]></LOG><LOG TP='BD'><![CDATA[10/11/2014 -> SELECT * FROM tbl_rol_usr WHERE nb_rol_usr='Estudiante'; Mon Nov 10 13:27:57 VET 2014]]></LOG><LOG TP='BD'><![CDATA[10/11/2014 -> SELECT * FROM tbl_rol_usr WHERE nb_rol_usr='Maestro'; Mon Nov 10 13:27:57 VET 2014]]></LOG><LOG TP='BD'><![CDATA[10/11/2014 -> SELECT * FROM tbl_rol_usr WHERE id_rol_usr=1; Mon Nov 10 13:27:57 VET 2014]]></LOG><LOG TP='BD'><![CDATA[10/11/2014 -> SELECT * FROM usuarios WHERE tx_login='jrjolano' and clave='1234'; Mon Nov 10 15:10:15 VET 2014]]></LOG><LOG TP='BD'><![CDATA[10/11/2014 -> SELECT * FROM usuarios WHERE tx_login='jrejolano' and clave='1234'; Mon Nov 10 15:10:15 VET 2014]]></LOG><LOG TP='BD'><![CDATA[10/11/2014 -> SELECT * FROM usuarios WHERE tx_login='jrejolano' and clave='1234'; Mon Nov 10 15:10:15 VET 2014]]></LOG><LOG TP='BD'><![CDATA[10/11/2014 -> SELECT * FROM usuarios WHERE tx_login='jrejolano' and clave='1234'; Mon Nov 10 15:10:15 VET 2014]]></LOG><LOG TP='BD'><![CDATA[10/11/2014 -> SELECT * FROM usuarios WHERE tx_login='frejolano' and clave='1234'; Mon Nov 10 15:10:15 VET 2014]]></LOG><LOG TP='BD'><![CDATA[10/11/2014 -> SELECT * FROM usuarios WHERE tx_login='frejolano' and clave='1234'; Mon Nov 10 15:10:15 VET 2014]]></LOG><LOG TP='BD'><![CDATA[10/11/2014 -> SELECT * FROM usuarios WHERE tx_login='frejolano' and clave='1234'; Mon Nov 10 15:10:15 VET 2014]]></LOG><LOG TP='BD'><![CDATA[10/11/2014 -> SELECT * FROM tbl_rol_usr WHERE nb_rol_usr='Administrador'; Mon Nov 10 15:10:15 VET 2014]]></LOG><LOG TP='BD'><![CDATA[10/11/2014 -> SELECT * FROM tbl_rol_usr WHERE nb_rol_usr='Estudiante'; Mon Nov 10 15:10:15 VET 2014]]></LOG><LOG TP='BD'><![CDATA[10/11/2014 -> SELECT * FROM tbl_rol_usr WHERE nb_rol_usr='Maestro'; Mon Nov 10 15:10:15 VET 2014]]></LOG><LOG TP='BD'><![CDATA[10/11/2014 -> SELECT * FROM tbl_rol_usr WHERE id_rol_usr=1; Mon Nov 10 15:10:15 VET 2014]]></LOG><LOG TP='BD'><![CDATA[10/11/2014 -> SELECT id_etapa FROM tbl_etapas WHERE nombre_etapa='tercera etapa'; Mon Nov 10 15:10:15 VET 2014]]></LOG><LOG TP='BD'><![CDATA[10/11/2014 -> SELECT id_preguntas FROM tbl_preguntas WHERE tx_preguntas='cambie'; Mon Nov 10 15:10:15 VET 2014]]></LOG><LOG TP='BD'><![CDATA[10/11/2014 -> SELECT id_libro FROM tbl_preguntas WHERE tx_preguntas='cambie'; Mon Nov 10 15:10:15 VET 2014]]></LOG><LOG TP='BD'><![CDATA[10/11/2014 -> SELECT nb_libro FROM tbl_libro WHERE id_libro='3'; Mon Nov 10 15:10:15 VET 2014]]></LOG><LOG TP='BD'><![CDATA[10/11/2014 -> SELECT respuesta_correcta FROM tbl_preguntas WHERE tx_preguntas='cambie'; Mon Nov 10 15:10:15 VET 2014]]></LOG><LOG TP='BD'><![CDATA[10/11/2014 -> SELECT resp_incorrecta FROM tbl_resp_inc WHERE id_preguntas='37' and opcion='a'; Mon Nov 10 15:10:15 VET 2014]]></LOG><LOG TP='BD'><![CDATA[10/11/2014 -> SELECT resp_incorrecta FROM tbl_resp_inc WHERE id_preguntas='37' and opcion='b'; Mon Nov 10 15:10:15 VET 2014]]></LOG><LOG TP='BD'><![CDATA[10/11/2014 -> SELECT resp_incorrecta FROM tbl_resp_inc WHERE id_preguntas='37' and opcion='c'; Mon Nov 10 15:10:15 VET 2014]]></LOG><LOG TP='BD'><![CDATA[10/11/2014 -> SELECT resp_incorrecta FROM tbl_resp_inc WHERE id_preguntas='37' and opcion='d'; Mon Nov 10 15:10:15 VET 2014]]></LOG><LOG TP='BD'><![CDATA[10/11/2014 -> SELECT * FROM tbl_libro WHERE nb_libro='Levitico'; Mon Nov 10 15:10:15 VET 2014]]></LOG><LOG TP='BD'><![CDATA[10/11/2014 -> SELECT * FROM tbl_preguntas WHERE tx_preguntas='cambie'; Mon Nov 10 15:10:15 VET 2014]]></LOG><LOG TP='BD'><![CDATA[10/11/2014 -> UPDATE tbl_preguntas SET tx_preguntas='cambie',respuesta_correcta='yawws',id_etapa='3',id_libro='3' WHERE id_preguntas='37'; Mon Nov 10 15:10:15 VET 2014]]></LOG><LOG TP='BD'><![CDATA[10/11/2014 -> UPDATE tbl_resp_inc SET resp_incorrecta='termineodaa',opcion='a' WHERE  id_preguntas='37'and opcion='a'; Mon Nov 10 15:10:15 VET 2014]]></LOG><LOG TP='BD'><![CDATA[10/11/2014 -> UPDATE tbl_resp_inc SET resp_incorrecta='lo hice',opcion='b' WHERE  id_preguntas='37'and opcion='b'; Mon Nov 10 15:10:15 VET 2014]]></LOG><LOG TP='BD'><![CDATA[10/11/2014 -> UPDATE tbl_resp_inc SET resp_incorrecta='yawws',opcion='c' WHERE  id_preguntas='37'and opcion='c'; Mon Nov 10 15:10:15 VET 2014]]></LOG><LOG TP='BD'><![CDATA[10/11/2014 -> UPDATE tbl_resp_inc SET resp_incorrecta='listowas',opcion='d' WHERE  id_preguntas='37'and opcion='d'; Mon Nov 10 15:10:15 VET 2014]]></LOG><LOG TP='BD'><![CDATA[10/11/2014 -> SELECT id_etapa FROM tbl_etapas WHERE nombre_etapa='tercera etapa'; Mon Nov 10 15:10:15 VET 2014]]></LOG><LOG TP='BD'><![CDATA[10/11/2014 -> SELECT id_preguntas FROM tbl_preguntas WHERE tx_preguntas='cambie'; Mon Nov 10 15:10:15 VET 2014]]></LOG><LOG TP='BD'><![CDATA[10/11/2014 -> SELECT id_libro FROM tbl_preguntas WHERE tx_preguntas='cambie'; Mon Nov 10 15:10:15 VET 2014]]></LOG><LOG TP='BD'><![CDATA[10/11/2014 -> SELECT nb_libro FROM tbl_libro WHERE id_libro='3'; Mon Nov 10 15:10:15 VET 2014]]></LOG><LOG TP='BD'><![CDATA[10/11/2014 -> SELECT respuesta_correcta FROM tbl_preguntas WHERE tx_preguntas='cambie'; Mon Nov 10 15:10:15 VET 2014]]></LOG><LOG TP='BD'><![CDATA[10/11/2014 -> SELECT resp_incorrecta FROM tbl_resp_inc WHERE id_preguntas='37' and opcion='a'; Mon Nov 10 15:10:15 VET 2014]]></LOG><LOG TP='BD'><![CDATA[10/11/2014 -> SELECT resp_incorrecta FROM tbl_resp_inc WHERE id_preguntas='37' and opcion='b'; Mon Nov 10 15:10:15 VET 2014]]></LOG><LOG TP='BD'><![CDATA[10/11/2014 -> SELECT resp_incorrecta FROM tbl_resp_inc WHERE id_preguntas='37' and opcion='c'; Mon Nov 10 15:10:15 VET 2014]]></LOG><LOG TP='BD'><![CDATA[10/11/2014 -> SELECT resp_incorrecta FROM tbl_resp_inc WHERE id_preguntas='37' and opcion='d'; Mon Nov 10 15:10:15 VET 2014]]></LOG><LOG TP='BD'><![CDATA[10/11/2014 -> SELECT id_etapa FROM tbl_etapas WHERE nombre_etapa='segunda etapa'; Mon Nov 10 15:10:15 VET 2014]]></LOG><LOG TP='BD'><![CDATA[10/11/2014 -> SELECT id_etapa FROM tbl_etapas WHERE nombre_etapa='tercera etapa'; Mon Nov 10 15:10:15 VET 2014]]></LOG><LOG TP='BD'><![CDATA[10/11/2014 -> SELECT id_preguntas FROM tbl_preguntas WHERE tx_preguntas='cambie'; Mon Nov 10 15:10:15 VET 2014]]></LOG><LOG TP='BD'><![CDATA[10/11/2014 -> SELECT id_libro FROM tbl_preguntas WHERE tx_preguntas='cambie'; Mon Nov 10 15:10:15 VET 2014]]></LOG><LOG TP='BD'><![CDATA[10/11/2014 -> SELECT nb_libro FROM tbl_libro WHERE id_libro='3'; Mon Nov 10 15:10:15 VET 2014]]></LOG><LOG TP='BD'><![CDATA[10/11/2014 -> SELECT respuesta_correcta FROM tbl_preguntas WHERE tx_preguntas='cambie'; Mon Nov 10 15:10:15 VET 2014]]></LOG><LOG TP='BD'><![CDATA[10/11/2014 -> SELECT resp_incorrecta FROM tbl_resp_inc WHERE id_preguntas='37' and opcion='a'; Mon Nov 10 15:10:15 VET 2014]]></LOG><LOG TP='BD'><![CDATA[10/11/2014 -> SELECT resp_incorrecta FROM tbl_resp_inc WHERE id_preguntas='37' and opcion='b'; Mon Nov 10 15:10:15 VET 2014]]></LOG><LOG TP='BD'><![CDATA[10/11/2014 -> SELECT resp_incorrecta FROM tbl_resp_inc WHERE id_preguntas='37' and opcion='c'; Mon Nov 10 15:10:15 VET 2014]]></LOG><LOG TP='BD'><![CDATA[10/11/2014 -> SELECT resp_incorrecta FROM tbl_resp_inc WHERE id_preguntas='37' and opcion='d'; Mon Nov 10 15:10:15 VET 2014]]></LOG>