﻿<LOG TP='BD'><![CDATA[24/10/2014 -> SELECT * FROM usuarios WHERE tx_login='frejolano' and clave='1234'; Fri Oct 24 15:24:04 VET 2014]]></LOG><LOG TP='BD'><![CDATA[24/10/2014 -> SELECT * FROM usuarios WHERE tx_login='frejolano' and clave='1234'; Fri Oct 24 15:24:04 VET 2014]]></LOG><LOG TP='BD'><![CDATA[24/10/2014 -> SELECT * FROM tbl_rol_usr WHERE nb_rol_usr='Administrador'; Fri Oct 24 15:24:04 VET 2014]]></LOG><LOG TP='BD'><![CDATA[24/10/2014 -> SELECT * FROM tbl_rol_usr WHERE nb_rol_usr='Estudiante'; Fri Oct 24 15:24:04 VET 2014]]></LOG><LOG TP='BD'><![CDATA[24/10/2014 -> SELECT * FROM tbl_rol_usr WHERE nb_rol_usr='Maestro'; Fri Oct 24 15:24:04 VET 2014]]></LOG><LOG TP='BD'><![CDATA[24/10/2014 -> SELECT * FROM tbl_rol_usr WHERE id_rol_usr=1; Fri Oct 24 15:24:04 VET 2014]]></LOG><LOG TP='BD'><![CDATA[24/10/2014 -> SELECT * FROM usuarios WHERE cedula='233'; Fri Oct 24 15:24:04 VET 2014]]></LOG><LOG TP='BD'><![CDATA[24/10/2014 -> SELECT id_grado FROM tbl_grado WHERE nb_grado='2'; Fri Oct 24 15:24:04 VET 2014]]></LOG><LOG TP='BD'><![CDATA[24/10/2014 -> SELECT id_grado FROM tbl_grado WHERE nb_grado='2'; Fri Oct 24 15:24:04 VET 2014]]></LOG><LOG TP='BD'><![CDATA[24/10/2014 -> SELECT tx_login FROM usuarios WHERE tx_login='jose'; Fri Oct 24 15:24:04 VET 2014]]></LOG><LOG TP='BD'><![CDATA[24/10/2014 -> SELECT * FROM tbl_seccion WHERE nb_seccion='E'; Fri Oct 24 15:24:04 VET 2014]]></LOG><LOG TP='BD'><![CDATA[24/10/2014 -> INSERT INTO usuarios(clave,tx_login,id_seccion) VALUES('12345','jose',,5); Fri Oct 24 15:24:04 VET 2014ERROR= ERROR: error de sintaxis en o cerca de «,»
  Position: 71]]></LOG><LOG TP='BD'><![CDATA[24/10/2014 -> SELECT * FROM tbl_seccion WHERE nb_seccion='E'; Fri Oct 24 15:24:04 VET 2014]]></LOG><LOG TP='BD'><![CDATA[24/10/2014 -> INSERT INTO usuarios(clave,tx_login,id_seccion) VALUES('12345','jose',,5); Fri Oct 24 15:24:04 VET 2014ERROR= ERROR: error de sintaxis en o cerca de «,»
  Position: 71]]></LOG><LOG TP='BD'><![CDATA[24/10/2014 -> SELECT * FROM usuarios WHERE tx_login='frejolano' and clave='1234'; Fri Oct 24 15:28:00 VET 2014]]></LOG><LOG TP='BD'><![CDATA[24/10/2014 -> SELECT * FROM usuarios WHERE tx_login='frejolano' and clave='1234'; Fri Oct 24 15:28:00 VET 2014]]></LOG><LOG TP='BD'><![CDATA[24/10/2014 -> SELECT * FROM tbl_rol_usr WHERE nb_rol_usr='Administrador'; Fri Oct 24 15:28:00 VET 2014]]></LOG><LOG TP='BD'><![CDATA[24/10/2014 -> SELECT * FROM tbl_rol_usr WHERE nb_rol_usr='Estudiante'; Fri Oct 24 15:28:00 VET 2014]]></LOG><LOG TP='BD'><![CDATA[24/10/2014 -> SELECT * FROM tbl_rol_usr WHERE nb_rol_usr='Maestro'; Fri Oct 24 15:28:00 VET 2014]]></LOG><LOG TP='BD'><![CDATA[24/10/2014 -> SELECT * FROM tbl_rol_usr WHERE id_rol_usr=1; Fri Oct 24 15:28:00 VET 2014]]></LOG><LOG TP='BD'><![CDATA[24/10/2014 -> SELECT * FROM usuarios WHERE cedula='23445'; Fri Oct 24 15:28:00 VET 2014]]></LOG><LOG TP='BD'><![CDATA[24/10/2014 -> SELECT tx_login FROM usuarios WHERE tx_login='jose'; Fri Oct 24 15:28:00 VET 2014]]></LOG><LOG TP='BD'><![CDATA[24/10/2014 -> SELECT id_grado FROM tbl_grado WHERE nb_grado='4'; Fri Oct 24 15:28:00 VET 2014]]></LOG><LOG TP='BD'><![CDATA[24/10/2014 -> SELECT id_grado FROM tbl_grado WHERE nb_grado='4'; Fri Oct 24 15:28:00 VET 2014]]></LOG><LOG TP='BD'><![CDATA[24/10/2014 -> SELECT * FROM tbl_seccion WHERE nb_seccion='E'; Fri Oct 24 15:28:00 VET 2014]]></LOG><LOG TP='BD'><![CDATA[24/10/2014 -> SELECT * FROM tbl_rol_usr WHERE nb_rol_usr='Estudiante'; Fri Oct 24 15:28:00 VET 2014]]></LOG><LOG TP='BD'><![CDATA[24/10/2014 -> SELECT * FROM tbl_seccion WHERE nb_seccion='E'; Fri Oct 24 15:28:00 VET 2014]]></LOG><LOG TP='BD'><![CDATA[24/10/2014 -> SELECT * FROM tbl_rol_usr WHERE nb_rol_usr='Estudiante'; Fri Oct 24 15:28:00 VET 2014]]></LOG><LOG TP='BD'><![CDATA[24/10/2014 -> SELECT * FROM usuarios WHERE tx_login='frejolano' and clave='1234'; Fri Oct 24 15:29:19 VET 2014]]></LOG><LOG TP='BD'><![CDATA[24/10/2014 -> SELECT * FROM usuarios WHERE tx_login='frejolano' and clave='1234'; Fri Oct 24 15:29:19 VET 2014]]></LOG><LOG TP='BD'><![CDATA[24/10/2014 -> SELECT * FROM tbl_rol_usr WHERE nb_rol_usr='Administrador'; Fri Oct 24 15:29:19 VET 2014]]></LOG><LOG TP='BD'><![CDATA[24/10/2014 -> SELECT * FROM tbl_rol_usr WHERE nb_rol_usr='Estudiante'; Fri Oct 24 15:29:19 VET 2014]]></LOG><LOG TP='BD'><![CDATA[24/10/2014 -> SELECT * FROM tbl_rol_usr WHERE nb_rol_usr='Maestro'; Fri Oct 24 15:29:19 VET 2014]]></LOG><LOG TP='BD'><![CDATA[24/10/2014 -> SELECT * FROM tbl_rol_usr WHERE id_rol_usr=1; Fri Oct 24 15:29:19 VET 2014]]></LOG><LOG TP='BD'><![CDATA[24/10/2014 -> SELECT * FROM usuarios WHERE cedula='1234'; Fri Oct 24 15:29:19 VET 2014]]></LOG><LOG TP='BD'><![CDATA[24/10/2014 -> SELECT tx_login FROM usuarios WHERE tx_login='fffff'; Fri Oct 24 15:29:19 VET 2014]]></LOG><LOG TP='BD'><![CDATA[24/10/2014 -> SELECT id_grado FROM tbl_grado WHERE nb_grado='3'; Fri Oct 24 15:29:19 VET 2014]]></LOG><LOG TP='BD'><![CDATA[24/10/2014 -> SELECT id_grado FROM tbl_grado WHERE nb_grado='3'; Fri Oct 24 15:29:19 VET 2014]]></LOG><LOG TP='BD'><![CDATA[24/10/2014 -> SELECT * FROM usuarios WHERE tx_login='frejolano' and clave='1234'; Fri Oct 24 15:31:54 VET 2014]]></LOG><LOG TP='BD'><![CDATA[24/10/2014 -> SELECT * FROM usuarios WHERE tx_login='frejolano' and clave='1234'; Fri Oct 24 15:31:54 VET 2014]]></LOG><LOG TP='BD'><![CDATA[24/10/2014 -> SELECT * FROM tbl_rol_usr WHERE nb_rol_usr='Administrador'; Fri Oct 24 15:31:54 VET 2014]]></LOG><LOG TP='BD'><![CDATA[24/10/2014 -> SELECT * FROM tbl_rol_usr WHERE nb_rol_usr='Estudiante'; Fri Oct 24 15:31:54 VET 2014]]></LOG><LOG TP='BD'><![CDATA[24/10/2014 -> SELECT * FROM tbl_rol_usr WHERE nb_rol_usr='Maestro'; Fri Oct 24 15:31:54 VET 2014]]></LOG><LOG TP='BD'><![CDATA[24/10/2014 -> SELECT * FROM tbl_rol_usr WHERE id_rol_usr=1; Fri Oct 24 15:31:54 VET 2014]]></LOG><LOG TP='BD'><![CDATA[24/10/2014 -> SELECT * FROM usuarios WHERE cedula='3344'; Fri Oct 24 15:31:54 VET 2014]]></LOG><LOG TP='BD'><![CDATA[24/10/2014 -> SELECT tx_login FROM usuarios WHERE tx_login='rrr'; Fri Oct 24 15:31:54 VET 2014]]></LOG><LOG TP='BD'><![CDATA[24/10/2014 -> SELECT id_grado FROM tbl_grado WHERE nb_grado='4'; Fri Oct 24 15:31:54 VET 2014]]></LOG><LOG TP='BD'><![CDATA[24/10/2014 -> SELECT id_grado FROM tbl_grado WHERE nb_grado='4'; Fri Oct 24 15:31:54 VET 2014]]></LOG><LOG TP='BD'><![CDATA[24/10/2014 -> SELECT * FROM tbl_seccion WHERE nb_seccion='G'; Fri Oct 24 15:31:54 VET 2014]]></LOG><LOG TP='BD'><![CDATA[24/10/2014 -> INSERT INTO usuarios(clave,tx_login,id_seccion) VALUES('12345','rrr',7); Fri Oct 24 15:31:54 VET 2014]]></LOG><LOG TP='BD'><![CDATA[24/10/2014 -> SELECT * FROM usuarios WHERE tx_login='frejolano' and clave='1234'; Fri Oct 24 15:35:06 VET 2014]]></LOG><LOG TP='BD'><![CDATA[24/10/2014 -> SELECT * FROM usuarios WHERE tx_login='frejolano' and clave='1234'; Fri Oct 24 15:35:06 VET 2014]]></LOG><LOG TP='BD'><![CDATA[24/10/2014 -> SELECT * FROM tbl_rol_usr WHERE nb_rol_usr='Administrador'; Fri Oct 24 15:35:06 VET 2014]]></LOG><LOG TP='BD'><![CDATA[24/10/2014 -> SELECT * FROM tbl_rol_usr WHERE nb_rol_usr='Estudiante'; Fri Oct 24 15:35:06 VET 2014]]></LOG><LOG TP='BD'><![CDATA[24/10/2014 -> SELECT * FROM tbl_rol_usr WHERE nb_rol_usr='Maestro'; Fri Oct 24 15:35:06 VET 2014]]></LOG><LOG TP='BD'><![CDATA[24/10/2014 -> SELECT * FROM tbl_rol_usr WHERE id_rol_usr=1; Fri Oct 24 15:35:06 VET 2014]]></LOG><LOG TP='BD'><![CDATA[24/10/2014 -> SELECT * FROM usuarios WHERE cedula='1234'; Fri Oct 24 15:35:06 VET 2014]]></LOG><LOG TP='BD'><![CDATA[24/10/2014 -> SELECT tx_login FROM usuarios WHERE tx_login='jesus'; Fri Oct 24 15:35:06 VET 2014]]></LOG><LOG TP='BD'><![CDATA[24/10/2014 -> SELECT id_grado FROM tbl_grado WHERE nb_grado='5'; Fri Oct 24 15:35:06 VET 2014]]></LOG><LOG TP='BD'><![CDATA[24/10/2014 -> SELECT id_grado FROM tbl_grado WHERE nb_grado='5'; Fri Oct 24 15:35:06 VET 2014]]></LOG><LOG TP='BD'><![CDATA[24/10/2014 -> SELECT * FROM tbl_rol_usr WHERE nb_rol_usr='Estudiante'; Fri Oct 24 15:35:06 VET 2014]]></LOG><LOG TP='BD'><![CDATA[24/10/2014 -> SELECT * FROM tbl_rol_usr WHERE nb_rol_usr='Estudiante'; Fri Oct 24 15:35:06 VET 2014]]></LOG><LOG TP='BD'><![CDATA[24/10/2014 -> SELECT * FROM usuarios WHERE tx_login='frejolano' and clave='1234'; Fri Oct 24 15:49:43 VET 2014]]></LOG><LOG TP='BD'><![CDATA[24/10/2014 -> SELECT * FROM usuarios WHERE tx_login='frejolano' and clave='1234'; Fri Oct 24 15:49:43 VET 2014]]></LOG><LOG TP='BD'><![CDATA[24/10/2014 -> SELECT * FROM tbl_rol_usr WHERE nb_rol_usr='Administrador'; Fri Oct 24 15:49:43 VET 2014]]></LOG><LOG TP='BD'><![CDATA[24/10/2014 -> SELECT * FROM tbl_rol_usr WHERE nb_rol_usr='Estudiante'; Fri Oct 24 15:49:43 VET 2014]]></LOG><LOG TP='BD'><![CDATA[24/10/2014 -> SELECT * FROM tbl_rol_usr WHERE nb_rol_usr='Maestro'; Fri Oct 24 15:49:43 VET 2014]]></LOG><LOG TP='BD'><![CDATA[24/10/2014 -> SELECT * FROM tbl_rol_usr WHERE id_rol_usr=1; Fri Oct 24 15:49:43 VET 2014]]></LOG><LOG TP='BD'><![CDATA[24/10/2014 -> SELECT * FROM usuarios WHERE cedula='1234'; Fri Oct 24 15:49:43 VET 2014]]></LOG><LOG TP='BD'><![CDATA[24/10/2014 -> SELECT tx_login FROM usuarios WHERE tx_login='jesus'; Fri Oct 24 15:49:43 VET 2014]]></LOG><LOG TP='BD'><![CDATA[24/10/2014 -> SELECT id_grado FROM tbl_grado WHERE nb_grado='4'; Fri Oct 24 15:49:43 VET 2014]]></LOG><LOG TP='BD'><![CDATA[24/10/2014 -> SELECT id_grado FROM tbl_grado WHERE nb_grado='4'; Fri Oct 24 15:49:43 VET 2014]]></LOG><LOG TP='BD'><![CDATA[24/10/2014 -> SELECT * FROM tbl_seccion WHERE nb_seccion='E'; Fri Oct 24 15:49:43 VET 2014]]></LOG><LOG TP='BD'><![CDATA[24/10/2014 -> INSERT INTO usuarios(clave,tx_login,id_rol_usr,id_seccion) VALUES('12345','jesus',3,5); Fri Oct 24 15:49:43 VET 2014]]></LOG>