<LOG TP='BD'><![CDATA[29/10/2014 -> SELECT * FROM usuarios WHERE tx_login='frejolano' and clave='12345'; Wed Oct 29 08:29:44 VET 2014]]></LOG><LOG TP='BD'><![CDATA[29/10/2014 -> SELECT * FROM usuarios WHERE tx_login='frejolano' and clave='1234'; Wed Oct 29 08:29:44 VET 2014]]></LOG><LOG TP='BD'><![CDATA[29/10/2014 -> SELECT * FROM usuarios WHERE tx_login='frejolano' and clave='1234'; Wed Oct 29 08:29:44 VET 2014]]></LOG><LOG TP='BD'><![CDATA[29/10/2014 -> SELECT * FROM tbl_rol_usr WHERE nb_rol_usr='Administrador'; Wed Oct 29 08:29:44 VET 2014]]></LOG><LOG TP='BD'><![CDATA[29/10/2014 -> SELECT * FROM tbl_rol_usr WHERE nb_rol_usr='Estudiante'; Wed Oct 29 08:29:44 VET 2014]]></LOG><LOG TP='BD'><![CDATA[29/10/2014 -> SELECT * FROM tbl_rol_usr WHERE nb_rol_usr='Maestro'; Wed Oct 29 08:29:44 VET 2014]]></LOG><LOG TP='BD'><![CDATA[29/10/2014 -> SELECT * FROM tbl_rol_usr WHERE id_rol_usr=1; Wed Oct 29 08:29:44 VET 2014]]></LOG><LOG TP='BD'><![CDATA[29/10/2014 -> SELECT * FROM usuarios WHERE cedula='34'; Wed Oct 29 08:29:44 VET 2014]]></LOG><LOG TP='BD'><![CDATA[29/10/2014 -> SELECT id_grado FROM tbl_grado WHERE nb_grado='3'; Wed Oct 29 08:29:44 VET 2014]]></LOG><LOG TP='BD'><![CDATA[29/10/2014 -> SELECT id_grado FROM tbl_grado WHERE nb_grado='3'; Wed Oct 29 08:29:44 VET 2014]]></LOG><LOG TP='BD'><![CDATA[29/10/2014 -> SELECT tx_login FROM usuarios WHERE tx_login='ddddd'; Wed Oct 29 08:29:44 VET 2014]]></LOG><LOG TP='BD'><![CDATA[29/10/2014 -> SELECT * FROM tbl_seccion WHERE nb_seccion='D'; Wed Oct 29 08:29:44 VET 2014]]></LOG><LOG TP='BD'><![CDATA[29/10/2014 -> INSERT INTO usuarios(clave,tx_login,id_rol_usr,id_seccion) VALUES('12345','ddddd',3,4); Wed Oct 29 08:29:44 VET 2014]]></LOG><LOG TP='BD'><![CDATA[29/10/2014 -> SELECT * FROM usuarios WHERE tx_login='frejolano' and clave='1234'; Wed Oct 29 14:08:56 VET 2014]]></LOG><LOG TP='BD'><![CDATA[29/10/2014 -> SELECT * FROM usuarios WHERE tx_login='frejolano' and clave='1234'; Wed Oct 29 14:08:56 VET 2014]]></LOG><LOG TP='BD'><![CDATA[29/10/2014 -> SELECT * FROM tbl_rol_usr WHERE nb_rol_usr='Administrador'; Wed Oct 29 14:08:56 VET 2014]]></LOG><LOG TP='BD'><![CDATA[29/10/2014 -> SELECT * FROM tbl_rol_usr WHERE nb_rol_usr='Estudiante'; Wed Oct 29 14:08:56 VET 2014]]></LOG><LOG TP='BD'><![CDATA[29/10/2014 -> SELECT * FROM tbl_rol_usr WHERE nb_rol_usr='Maestro'; Wed Oct 29 14:08:56 VET 2014]]></LOG><LOG TP='BD'><![CDATA[29/10/2014 -> SELECT * FROM tbl_rol_usr WHERE id_rol_usr=1; Wed Oct 29 14:08:56 VET 2014]]></LOG><LOG TP='BD'><![CDATA[29/10/2014 -> SELECT * FROM usuarios WHERE tx_login='jose' and clave='12345'; Wed Oct 29 14:17:30 VET 2014]]></LOG><LOG TP='BD'><![CDATA[29/10/2014 -> SELECT * FROM usuarios WHERE tx_login='jose' and clave='12345'; Wed Oct 29 14:17:30 VET 2014]]></LOG><LOG TP='BD'><![CDATA[29/10/2014 -> SELECT * FROM usuarios WHERE tx_login='jose' and clave='12345'; Wed Oct 29 14:17:30 VET 2014]]></LOG><LOG TP='BD'><![CDATA[29/10/2014 -> SELECT * FROM usuarios WHERE tx_login='jose' and clave='12345'; Wed Oct 29 14:17:30 VET 2014]]></LOG><LOG TP='BD'><![CDATA[29/10/2014 -> SELECT * FROM usuarios WHERE tx_login='jose' and clave='12345'; Wed Oct 29 14:17:30 VET 2014]]></LOG><LOG TP='BD'><![CDATA[29/10/2014 -> SELECT * FROM usuarios WHERE tx_login='jose' and clave='12345'; Wed Oct 29 14:17:30 VET 2014]]></LOG><LOG TP='BD'><![CDATA[29/10/2014 -> SELECT * FROM usuarios WHERE tx_login='jose' and clave='12345'; Wed Oct 29 14:17:30 VET 2014]]></LOG><LOG TP='BD'><![CDATA[29/10/2014 -> SELECT * FROM usuarios WHERE tx_login='jose' and clave='12345'; Wed Oct 29 14:17:30 VET 2014]]></LOG><LOG TP='BD'><![CDATA[29/10/2014 -> SELECT * FROM usuarios WHERE tx_login='jose' and clave='12345'; Wed Oct 29 14:17:30 VET 2014]]></LOG><LOG TP='BD'><![CDATA[29/10/2014 -> SELECT * FROM usuarios WHERE tx_login='jose' and clave='12345'; Wed Oct 29 14:17:30 VET 2014]]></LOG><LOG TP='BD'><![CDATA[29/10/2014 -> SELECT * FROM usuarios WHERE tx_login='jesus' and clave='12345'; Wed Oct 29 14:17:30 VET 2014]]></LOG><LOG TP='BD'><![CDATA[29/10/2014 -> SELECT * FROM usuarios WHERE tx_login='jesus' and clave='12345'; Wed Oct 29 14:17:30 VET 2014]]></LOG><LOG TP='BD'><![CDATA[29/10/2014 -> SELECT * FROM tbl_rol_usr WHERE nb_rol_usr='Administrador'; Wed Oct 29 14:17:30 VET 2014]]></LOG><LOG TP='BD'><![CDATA[29/10/2014 -> SELECT * FROM tbl_rol_usr WHERE nb_rol_usr='Estudiante'; Wed Oct 29 14:17:30 VET 2014]]></LOG><LOG TP='BD'><![CDATA[29/10/2014 -> SELECT * FROM tbl_rol_usr WHERE nb_rol_usr='Maestro'; Wed Oct 29 14:17:30 VET 2014]]></LOG><LOG TP='BD'><![CDATA[29/10/2014 -> SELECT * FROM usuarios WHERE cedula='3253'; Wed Oct 29 14:17:30 VET 2014]]></LOG><LOG TP='BD'><![CDATA[29/10/2014 -> SELECT * FROM usuarios WHERE tx_login='jesus' and clave='12345'; Wed Oct 29 15:47:51 VET 2014]]></LOG><LOG TP='BD'><![CDATA[29/10/2014 -> SELECT * FROM usuarios WHERE tx_login='jesus' and clave='12345'; Wed Oct 29 15:47:51 VET 2014]]></LOG><LOG TP='BD'><![CDATA[29/10/2014 -> SELECT * FROM tbl_rol_usr WHERE nb_rol_usr='Administrador'; Wed Oct 29 15:47:51 VET 2014]]></LOG><LOG TP='BD'><![CDATA[29/10/2014 -> SELECT * FROM tbl_rol_usr WHERE nb_rol_usr='Estudiante'; Wed Oct 29 15:47:51 VET 2014]]></LOG><LOG TP='BD'><![CDATA[29/10/2014 -> SELECT * FROM tbl_rol_usr WHERE nb_rol_usr='Maestro'; Wed Oct 29 15:47:51 VET 2014]]></LOG><LOG TP='BD'><![CDATA[29/10/2014 -> SELECT * FROM usuarios WHERE cedula='45556'; Wed Oct 29 15:47:51 VET 2014]]></LOG><LOG TP='BD'><![CDATA[29/10/2014 -> SELECT * FROM usuarios WHERE tx_login='jesus' and clave='12345'; Wed Oct 29 15:54:03 VET 2014]]></LOG><LOG TP='BD'><![CDATA[29/10/2014 -> SELECT * FROM usuarios WHERE tx_login='jesus' and clave='12345'; Wed Oct 29 15:54:03 VET 2014]]></LOG><LOG TP='BD'><![CDATA[29/10/2014 -> SELECT * FROM tbl_rol_usr WHERE nb_rol_usr='Administrador'; Wed Oct 29 15:54:03 VET 2014]]></LOG><LOG TP='BD'><![CDATA[29/10/2014 -> SELECT * FROM tbl_rol_usr WHERE nb_rol_usr='Estudiante'; Wed Oct 29 15:54:03 VET 2014]]></LOG><LOG TP='BD'><![CDATA[29/10/2014 -> SELECT * FROM tbl_rol_usr WHERE nb_rol_usr='Maestro'; Wed Oct 29 15:54:03 VET 2014]]></LOG><LOG TP='BD'><![CDATA[29/10/2014 -> SELECT * FROM usuarios WHERE tx_login='frejolano' and clave='1234'; Wed Oct 29 15:55:19 VET 2014]]></LOG><LOG TP='BD'><![CDATA[29/10/2014 -> SELECT * FROM usuarios WHERE tx_login='frejolano' and clave='1234'; Wed Oct 29 15:55:19 VET 2014]]></LOG><LOG TP='BD'><![CDATA[29/10/2014 -> SELECT * FROM tbl_rol_usr WHERE nb_rol_usr='Administrador'; Wed Oct 29 15:55:19 VET 2014]]></LOG><LOG TP='BD'><![CDATA[29/10/2014 -> SELECT * FROM tbl_rol_usr WHERE nb_rol_usr='Estudiante'; Wed Oct 29 15:55:19 VET 2014]]></LOG><LOG TP='BD'><![CDATA[29/10/2014 -> SELECT * FROM tbl_rol_usr WHERE nb_rol_usr='Maestro'; Wed Oct 29 15:55:19 VET 2014]]></LOG><LOG TP='BD'><![CDATA[29/10/2014 -> SELECT * FROM tbl_rol_usr WHERE id_rol_usr=1; Wed Oct 29 15:55:19 VET 2014]]></LOG><LOG TP='BD'><![CDATA[29/10/2014 -> SELECT * FROM usuarios WHERE cedula='10974297'; Wed Oct 29 15:55:19 VET 2014]]></LOG><LOG TP='BD'><![CDATA[29/10/2014 -> SELECT id_grado FROM tbl_grado WHERE nb_grado='2'; Wed Oct 29 15:55:19 VET 2014]]></LOG><LOG TP='BD'><![CDATA[29/10/2014 -> SELECT id_grado FROM tbl_grado WHERE nb_grado='2'; Wed Oct 29 15:55:19 VET 2014]]></LOG><LOG TP='BD'><![CDATA[29/10/2014 -> SELECT tx_login FROM usuarios WHERE tx_login='kkk'; Wed Oct 29 15:55:19 VET 2014]]></LOG><LOG TP='BD'><![CDATA[29/10/2014 -> SELECT * FROM tbl_seccion WHERE nb_seccion='C'; Wed Oct 29 15:55:19 VET 2014]]></LOG><LOG TP='BD'><![CDATA[29/10/2014 -> INSERT INTO usuarios(clave,tx_login,id_rol_usr,id_seccion) VALUES('12345','kkk',3,3); Wed Oct 29 15:55:19 VET 2014]]></LOG>