<LOG TP='BD'><![CDATA[14/11/2014 -> SELECT * FROM usuarios WHERE tx_login='frejolano' and clave='12345'; Fri Nov 14 12:24:22 VET 2014]]></LOG><LOG TP='BD'><![CDATA[14/11/2014 -> SELECT * FROM usuarios WHERE tx_login='jjj' and clave='12345'; Fri Nov 14 12:24:22 VET 2014]]></LOG><LOG TP='BD'><![CDATA[14/11/2014 -> SELECT * FROM usuarios WHERE tx_login='jjj' and clave='12345'; Fri Nov 14 12:24:22 VET 2014]]></LOG><LOG TP='BD'><![CDATA[14/11/2014 -> SELECT * FROM usuarios WHERE tx_login='jjj' and clave='12345'; Fri Nov 14 12:24:22 VET 2014]]></LOG><LOG TP='BD'><![CDATA[14/11/2014 -> SELECT * FROM tbl_estatus WHERE id_estatus='1'; Fri Nov 14 12:24:22 VET 2014]]></LOG><LOG TP='BD'><![CDATA[14/11/2014 -> SELECT * FROM usuarios WHERE tx_login='jjj' and clave='12345'; Fri Nov 14 12:24:22 VET 2014]]></LOG><LOG TP='BD'><![CDATA[14/11/2014 -> SELECT * FROM tbl_rol_usr WHERE nb_rol_usr='Administrador'; Fri Nov 14 12:24:22 VET 2014]]></LOG><LOG TP='BD'><![CDATA[14/11/2014 -> SELECT * FROM tbl_rol_usr WHERE nb_rol_usr='Estudiante'; Fri Nov 14 12:24:22 VET 2014]]></LOG><LOG TP='BD'><![CDATA[14/11/2014 -> SELECT * FROM tbl_rol_usr WHERE nb_rol_usr='Maestro'; Fri Nov 14 12:24:22 VET 2014]]></LOG><LOG TP='BD'><![CDATA[14/11/2014 -> SELECT * FROM tbl_rol_usr WHERE nb_rol_usr='Administrador'; Fri Nov 14 12:24:22 VET 2014]]></LOG><LOG TP='BD'><![CDATA[14/11/2014 -> SELECT * FROM tbl_rol_usr WHERE nb_rol_usr='Estudiante'; Fri Nov 14 12:24:22 VET 2014]]></LOG><LOG TP='BD'><![CDATA[14/11/2014 -> SELECT * FROM tbl_rol_usr WHERE nb_rol_usr='Maestro'; Fri Nov 14 12:24:22 VET 2014]]></LOG><LOG TP='BD'><![CDATA[14/11/2014 -> SELECT * FROM tbl_estatus WHERE id_estatus='3'; Fri Nov 14 12:24:22 VET 2014]]></LOG><LOG TP='BD'><![CDATA[14/11/2014 -> SELECT * FROM tbl_estatus WHERE id_estatus='3'; Fri Nov 14 12:24:22 VET 2014]]></LOG><LOG TP='BD'><![CDATA[14/11/2014 -> SELECT * FROM tbl_estatus WHERE id_estatus='3'; Fri Nov 14 12:24:22 VET 2014]]></LOG><LOG TP='BD'><![CDATA[14/11/2014 -> SELECT * FROM tbl_rol_usr WHERE id_rol_usr=3; Fri Nov 14 12:24:22 VET 2014]]></LOG><LOG TP='BD'><![CDATA[14/11/2014 -> SELECT id_estado FROM tbl_estado WHERE nb_estado='Apure'; Fri Nov 14 12:24:22 VET 2014]]></LOG><LOG TP='BD'><![CDATA[14/11/2014 -> SELECT id_estado FROM tbl_estado WHERE nb_estado='Apure'; Fri Nov 14 12:24:22 VET 2014]]></LOG><LOG TP='BD'><![CDATA[14/11/2014 -> SELECT id_estado FROM tbl_estado WHERE nb_estado='Carabobo'; Fri Nov 14 12:24:22 VET 2014]]></LOG><LOG TP='BD'><![CDATA[14/11/2014 -> SELECT id_estado FROM tbl_estado WHERE nb_estado='Carabobo'; Fri Nov 14 12:24:22 VET 2014]]></LOG><LOG TP='BD'><![CDATA[14/11/2014 -> SELECT id_municipio FROM tbl_municipio WHERE nb_municipio='Naguanagua'; Fri Nov 14 12:24:22 VET 2014]]></LOG><LOG TP='BD'><![CDATA[14/11/2014 -> SELECT id_municipio FROM tbl_municipio WHERE nb_municipio='Naguanagua'; Fri Nov 14 12:24:22 VET 2014]]></LOG><LOG TP='BD'><![CDATA[14/11/2014 -> SELECT id_estado FROM tbl_estado WHERE nb_estado='Aragua'; Fri Nov 14 12:24:22 VET 2014]]></LOG><LOG TP='BD'><![CDATA[14/11/2014 -> SELECT id_estado FROM tbl_estado WHERE nb_estado='Aragua'; Fri Nov 14 12:24:22 VET 2014]]></LOG><LOG TP='BD'><![CDATA[14/11/2014 -> SELECT id_municipio FROM tbl_municipio WHERE nb_municipio='San Casimiro'; Fri Nov 14 12:24:22 VET 2014]]></LOG><LOG TP='BD'><![CDATA[14/11/2014 -> SELECT id_municipio FROM tbl_municipio WHERE nb_municipio='San Casimiro'; Fri Nov 14 12:24:22 VET 2014]]></LOG><LOG TP='BD'><![CDATA[14/11/2014 -> SELECT * FROM usuarios WHERE cedula='2222'; Fri Nov 14 12:24:22 VET 2014]]></LOG><LOG TP='BD'><![CDATA[14/11/2014 -> SELECT * FROM usuarios WHERE cedula='2222'; Fri Nov 14 12:24:22 VET 2014]]></LOG><LOG TP='BD'><![CDATA[14/11/2014 -> SELECT * FROM usuarios WHERE cedula='2222'; Fri Nov 14 12:24:22 VET 2014]]></LOG><LOG TP='BD'><![CDATA[14/11/2014 -> SELECT * FROM tbl_ciudad WHERE nb_ciudad ='San Casimiro'; Fri Nov 14 12:24:22 VET 2014]]></LOG><LOG TP='BD'><![CDATA[14/11/2014 -> UPDATE usuarios SET cedula='2222',nombre='jose', apellido='chirino', sexo='Masculino', fe_nacim='Tue Nov 11 00:00:00 VET 2014', clave='5678', tx_direccion='fffdfd',tx_login='fccg',id_ciudad='24',email='gcgd' WHERE id_usuario='34'; Fri Nov 14 12:24:22 VET 2014]]></LOG><LOG TP='BD'><![CDATA[14/11/2014 -> SELECT * FROM usuarios WHERE tx_login='jose' and clave='12345'; Fri Nov 14 12:37:20 VET 2014]]></LOG><LOG TP='BD'><![CDATA[14/11/2014 -> SELECT * FROM usuarios WHERE tx_login='jose' and clave='12345'; Fri Nov 14 12:37:20 VET 2014]]></LOG><LOG TP='BD'><![CDATA[14/11/2014 -> SELECT * FROM usuarios WHERE tx_login='jose' and clave='12345'; Fri Nov 14 12:37:20 VET 2014]]></LOG><LOG TP='BD'><![CDATA[14/11/2014 -> SELECT * FROM tbl_estatus WHERE id_estatus='1'; Fri Nov 14 12:37:20 VET 2014]]></LOG><LOG TP='BD'><![CDATA[14/11/2014 -> SELECT * FROM usuarios WHERE tx_login='jose' and clave='12345'; Fri Nov 14 12:37:20 VET 2014]]></LOG><LOG TP='BD'><![CDATA[14/11/2014 -> SELECT * FROM tbl_rol_usr WHERE nb_rol_usr='Administrador'; Fri Nov 14 12:37:20 VET 2014]]></LOG><LOG TP='BD'><![CDATA[14/11/2014 -> SELECT * FROM tbl_rol_usr WHERE nb_rol_usr='Estudiante'; Fri Nov 14 12:37:20 VET 2014]]></LOG><LOG TP='BD'><![CDATA[14/11/2014 -> SELECT * FROM tbl_rol_usr WHERE nb_rol_usr='Maestro'; Fri Nov 14 12:37:20 VET 2014]]></LOG><LOG TP='BD'><![CDATA[14/11/2014 -> SELECT * FROM tbl_rol_usr WHERE nb_rol_usr='Administrador'; Fri Nov 14 12:37:20 VET 2014]]></LOG><LOG TP='BD'><![CDATA[14/11/2014 -> SELECT * FROM tbl_rol_usr WHERE nb_rol_usr='Estudiante'; Fri Nov 14 12:37:20 VET 2014]]></LOG><LOG TP='BD'><![CDATA[14/11/2014 -> SELECT * FROM tbl_rol_usr WHERE nb_rol_usr='Maestro'; Fri Nov 14 12:37:20 VET 2014]]></LOG><LOG TP='BD'><![CDATA[14/11/2014 -> SELECT * FROM tbl_estatus WHERE id_estatus='3'; Fri Nov 14 12:37:20 VET 2014]]></LOG><LOG TP='BD'><![CDATA[14/11/2014 -> SELECT * FROM tbl_estatus WHERE id_estatus='3'; Fri Nov 14 12:37:20 VET 2014]]></LOG><LOG TP='BD'><![CDATA[14/11/2014 -> SELECT * FROM tbl_estatus WHERE id_estatus='3'; Fri Nov 14 12:37:20 VET 2014]]></LOG><LOG TP='BD'><![CDATA[14/11/2014 -> SELECT * FROM tbl_rol_usr WHERE id_rol_usr=3; Fri Nov 14 12:37:20 VET 2014]]></LOG><LOG TP='BD'><![CDATA[14/11/2014 -> SELECT id_estado FROM tbl_estado WHERE nb_estado='Apure'; Fri Nov 14 12:37:20 VET 2014]]></LOG><LOG TP='BD'><![CDATA[14/11/2014 -> SELECT id_estado FROM tbl_estado WHERE nb_estado='Apure'; Fri Nov 14 12:37:20 VET 2014]]></LOG><LOG TP='BD'><![CDATA[14/11/2014 -> SELECT id_municipio FROM tbl_municipio WHERE nb_municipio='San Fernando'; Fri Nov 14 12:37:20 VET 2014]]></LOG><LOG TP='BD'><![CDATA[14/11/2014 -> SELECT id_municipio FROM tbl_municipio WHERE nb_municipio='San Fernando'; Fri Nov 14 12:37:20 VET 2014]]></LOG><LOG TP='BD'><![CDATA[14/11/2014 -> SELECT * FROM usuarios WHERE cedula='2222'; Fri Nov 14 12:37:20 VET 2014]]></LOG><LOG TP='BD'><![CDATA[14/11/2014 -> SELECT * FROM usuarios WHERE cedula='222255'; Fri Nov 14 12:37:20 VET 2014]]></LOG><LOG TP='BD'><![CDATA[14/11/2014 -> SELECT * FROM usuarios WHERE cedula='222255'; Fri Nov 14 12:37:20 VET 2014]]></LOG><LOG TP='BD'><![CDATA[14/11/2014 -> SELECT * FROM tbl_ciudad WHERE nb_ciudad ='San Fernando de Apure'; Fri Nov 14 12:37:20 VET 2014]]></LOG><LOG TP='BD'><![CDATA[14/11/2014 -> UPDATE usuarios SET cedula='222255',nombre='rrsrssr', apellido='fgdfdtdd', sexo='Masculino', fe_nacim='Thu Nov 07 00:00:00 VET 1996', clave='123456', tx_direccion='ffxfxfxf',tx_login='josec',id_ciudad='16',email='ddsrsrs' WHERE id_usuario='35'; Fri Nov 14 12:37:20 VET 2014]]></LOG><LOG TP='BD'><![CDATA[14/11/2014 -> SELECT * FROM usuarios WHERE tx_login='jose1' and clave='12345'; Fri Nov 14 12:58:16 VET 2014]]></LOG><LOG TP='BD'><![CDATA[14/11/2014 -> SELECT * FROM usuarios WHERE tx_login='jose1' and clave='12345'; Fri Nov 14 12:58:16 VET 2014]]></LOG><LOG TP='BD'><![CDATA[14/11/2014 -> SELECT * FROM usuarios WHERE tx_login='jose1' and clave='12345'; Fri Nov 14 12:58:16 VET 2014]]></LOG><LOG TP='BD'><![CDATA[14/11/2014 -> SELECT * FROM tbl_estatus WHERE id_estatus='null'; Fri Nov 14 12:58:16 VET 2014ERROR= ERROR: la sintaxis de entrada no es válida para integer: «null»
  Position: 44]]></LOG><LOG TP='BD'><![CDATA[14/11/2014 -> SELECT * FROM usuarios WHERE tx_login='jose1' and clave='12345'; Fri Nov 14 12:58:16 VET 2014]]></LOG><LOG TP='BD'><![CDATA[14/11/2014 -> SELECT * FROM usuarios WHERE tx_login='jose1' and clave='12345'; Fri Nov 14 12:58:16 VET 2014]]></LOG><LOG TP='BD'><![CDATA[14/11/2014 -> SELECT * FROM usuarios WHERE tx_login='jose1' and clave='12345'; Fri Nov 14 12:58:16 VET 2014]]></LOG><LOG TP='BD'><![CDATA[14/11/2014 -> SELECT * FROM tbl_estatus WHERE id_estatus='null'; Fri Nov 14 12:58:16 VET 2014ERROR= ERROR: la sintaxis de entrada no es válida para integer: «null»
  Position: 44]]></LOG><LOG TP='BD'><![CDATA[14/11/2014 -> SELECT * FROM usuarios WHERE tx_login='jose1' and clave='12345'; Fri Nov 14 12:58:16 VET 2014]]></LOG><LOG TP='BD'><![CDATA[14/11/2014 -> SELECT * FROM usuarios WHERE tx_login='jose1' and clave='12345'; Fri Nov 14 12:58:16 VET 2014]]></LOG><LOG TP='BD'><![CDATA[14/11/2014 -> SELECT * FROM usuarios WHERE tx_login='jose1' and clave='12345'; Fri Nov 14 12:58:16 VET 2014]]></LOG><LOG TP='BD'><![CDATA[14/11/2014 -> SELECT * FROM tbl_estatus WHERE id_estatus='null'; Fri Nov 14 12:58:16 VET 2014ERROR= ERROR: la sintaxis de entrada no es válida para integer: «null»
  Position: 44]]></LOG><LOG TP='BD'><![CDATA[14/11/2014 -> SELECT * FROM usuarios WHERE tx_login='jose1' and clave='12345'; Fri Nov 14 12:58:16 VET 2014]]></LOG><LOG TP='BD'><![CDATA[14/11/2014 -> SELECT * FROM usuarios WHERE tx_login='jose1' and clave='12345'; Fri Nov 14 12:58:16 VET 2014]]></LOG><LOG TP='BD'><![CDATA[14/11/2014 -> SELECT * FROM usuarios WHERE tx_login='jose1' and clave='12345'; Fri Nov 14 12:58:16 VET 2014]]></LOG><LOG TP='BD'><![CDATA[14/11/2014 -> SELECT * FROM tbl_estatus WHERE id_estatus='1'; Fri Nov 14 12:58:16 VET 2014]]></LOG><LOG TP='BD'><![CDATA[14/11/2014 -> SELECT * FROM usuarios WHERE tx_login='jose1' and clave='12345'; Fri Nov 14 12:58:16 VET 2014]]></LOG><LOG TP='BD'><![CDATA[14/11/2014 -> SELECT * FROM tbl_rol_usr WHERE nb_rol_usr='Administrador'; Fri Nov 14 12:58:16 VET 2014]]></LOG><LOG TP='BD'><![CDATA[14/11/2014 -> SELECT * FROM tbl_rol_usr WHERE nb_rol_usr='Estudiante'; Fri Nov 14 12:58:16 VET 2014]]></LOG><LOG TP='BD'><![CDATA[14/11/2014 -> SELECT * FROM tbl_rol_usr WHERE nb_rol_usr='Maestro'; Fri Nov 14 12:58:16 VET 2014]]></LOG><LOG TP='BD'><![CDATA[14/11/2014 -> SELECT * FROM tbl_rol_usr WHERE nb_rol_usr='Administrador'; Fri Nov 14 12:58:16 VET 2014]]></LOG><LOG TP='BD'><![CDATA[14/11/2014 -> SELECT * FROM tbl_rol_usr WHERE nb_rol_usr='Estudiante'; Fri Nov 14 12:58:16 VET 2014]]></LOG><LOG TP='BD'><![CDATA[14/11/2014 -> SELECT * FROM tbl_rol_usr WHERE nb_rol_usr='Maestro'; Fri Nov 14 12:58:16 VET 2014]]></LOG><LOG TP='BD'><![CDATA[14/11/2014 -> SELECT * FROM tbl_estatus WHERE id_estatus='3'; Fri Nov 14 12:58:16 VET 2014]]></LOG><LOG TP='BD'><![CDATA[14/11/2014 -> SELECT * FROM tbl_estatus WHERE id_estatus='3'; Fri Nov 14 12:58:16 VET 2014]]></LOG><LOG TP='BD'><![CDATA[14/11/2014 -> SELECT * FROM tbl_estatus WHERE id_estatus='3'; Fri Nov 14 12:58:16 VET 2014]]></LOG><LOG TP='BD'><![CDATA[14/11/2014 -> SELECT * FROM tbl_rol_usr WHERE id_rol_usr=3; Fri Nov 14 12:58:16 VET 2014]]></LOG><LOG TP='BD'><![CDATA[14/11/2014 -> SELECT id_estado FROM tbl_estado WHERE nb_estado='Cojedes'; Fri Nov 14 12:58:16 VET 2014]]></LOG><LOG TP='BD'><![CDATA[14/11/2014 -> SELECT id_estado FROM tbl_estado WHERE nb_estado='Cojedes'; Fri Nov 14 12:58:16 VET 2014]]></LOG><LOG TP='BD'><![CDATA[14/11/2014 -> SELECT id_municipio FROM tbl_municipio WHERE nb_municipio='San Carlos'; Fri Nov 14 12:58:16 VET 2014]]></LOG><LOG TP='BD'><![CDATA[14/11/2014 -> SELECT id_municipio FROM tbl_municipio WHERE nb_municipio='San Carlos'; Fri Nov 14 12:58:16 VET 2014]]></LOG><LOG TP='BD'><![CDATA[14/11/2014 -> SELECT * FROM usuarios WHERE cedula='5554'; Fri Nov 14 12:58:16 VET 2014]]></LOG><LOG TP='BD'><![CDATA[14/11/2014 -> SELECT * FROM usuarios WHERE cedula='5554'; Fri Nov 14 12:58:16 VET 2014]]></LOG><LOG TP='BD'><![CDATA[14/11/2014 -> SELECT * FROM usuarios WHERE cedula='5554'; Fri Nov 14 12:58:16 VET 2014]]></LOG><LOG TP='BD'><![CDATA[14/11/2014 -> SELECT * FROM tbl_ciudad WHERE nb_ciudad ='San Carlos'; Fri Nov 14 12:58:16 VET 2014]]></LOG><LOG TP='BD'><![CDATA[14/11/2014 -> UPDATE usuarios SET cedula='5554',nombre='bcdgf', apellido='jhhf', sexo='Femenino', fe_nacim='Wed Nov 12 00:00:00 VET 2014', clave='55555', tx_direccion='hsdgfdsd',tx_login='fgfdfd',id_ciudad='40',email='fd' WHERE id_usuario='31'; Fri Nov 14 12:58:16 VET 2014]]></LOG><LOG TP='BD'><![CDATA[14/11/2014 -> SELECT * FROM usuarios WHERE tx_login='frejolano' and clave='12345'; Fri Nov 14 15:32:22 VET 2014]]></LOG><LOG TP='BD'><![CDATA[14/11/2014 -> SELECT * FROM usuarios WHERE tx_login='frejolano' and clave='1234'; Fri Nov 14 15:32:22 VET 2014]]></LOG><LOG TP='BD'><![CDATA[14/11/2014 -> SELECT * FROM usuarios WHERE tx_login='frejolano' and clave='1234'; Fri Nov 14 15:32:22 VET 2014]]></LOG><LOG TP='BD'><![CDATA[14/11/2014 -> SELECT * FROM usuarios WHERE tx_login='frejolano' and clave='1234'; Fri Nov 14 15:32:22 VET 2014]]></LOG><LOG TP='BD'><![CDATA[14/11/2014 -> SELECT * FROM tbl_estatus WHERE id_estatus='1'; Fri Nov 14 15:32:22 VET 2014]]></LOG><LOG TP='BD'><![CDATA[14/11/2014 -> SELECT * FROM usuarios WHERE tx_login='frejolano' and clave='1234'; Fri Nov 14 15:32:22 VET 2014]]></LOG><LOG TP='BD'><![CDATA[14/11/2014 -> SELECT * FROM tbl_rol_usr WHERE nb_rol_usr='Administrador'; Fri Nov 14 15:32:22 VET 2014]]></LOG><LOG TP='BD'><![CDATA[14/11/2014 -> SELECT * FROM tbl_rol_usr WHERE nb_rol_usr='Estudiante'; Fri Nov 14 15:32:22 VET 2014]]></LOG><LOG TP='BD'><![CDATA[14/11/2014 -> SELECT * FROM tbl_rol_usr WHERE nb_rol_usr='Maestro'; Fri Nov 14 15:32:22 VET 2014]]></LOG><LOG TP='BD'><![CDATA[14/11/2014 -> SELECT * FROM tbl_rol_usr WHERE nb_rol_usr='Administrador'; Fri Nov 14 15:32:22 VET 2014]]></LOG><LOG TP='BD'><![CDATA[14/11/2014 -> SELECT * FROM tbl_rol_usr WHERE nb_rol_usr='Estudiante'; Fri Nov 14 15:32:22 VET 2014]]></LOG><LOG TP='BD'><![CDATA[14/11/2014 -> SELECT * FROM tbl_rol_usr WHERE nb_rol_usr='Maestro'; Fri Nov 14 15:32:22 VET 2014]]></LOG><LOG TP='BD'><![CDATA[14/11/2014 -> SELECT * FROM tbl_estatus WHERE id_estatus='3'; Fri Nov 14 15:32:22 VET 2014]]></LOG><LOG TP='BD'><![CDATA[14/11/2014 -> SELECT * FROM tbl_estatus WHERE id_estatus='3'; Fri Nov 14 15:32:22 VET 2014]]></LOG><LOG TP='BD'><![CDATA[14/11/2014 -> SELECT * FROM tbl_estatus WHERE id_estatus='3'; Fri Nov 14 15:32:22 VET 2014]]></LOG><LOG TP='BD'><![CDATA[14/11/2014 -> SELECT * FROM tbl_rol_usr WHERE id_rol_usr=1; Fri Nov 14 15:32:22 VET 2014]]></LOG><LOG TP='BD'><![CDATA[14/11/2014 -> SELECT * FROM tbl_estatus WHERE nb_estatus='activo'and tx_estatus='tbl_rol_usr'; Fri Nov 14 15:32:22 VET 2014]]></LOG><LOG TP='BD'><![CDATA[14/11/2014 -> SELECT * FROM usuarios WHERE cedula='53'; Fri Nov 14 15:32:22 VET 2014]]></LOG><LOG TP='BD'><![CDATA[14/11/2014 -> SELECT tx_login FROM usuarios WHERE tx_login='fingal'; Fri Nov 14 15:32:22 VET 2014]]></LOG><LOG TP='BD'><![CDATA[14/11/2014 -> INSERT INTO usuarios(clave,tx_login,id_rol_usr) VALUES('12345','fingal',2); Fri Nov 14 15:32:22 VET 2014]]></LOG><LOG TP='BD'><![CDATA[14/11/2014 -> SELECT * FROM usuarios WHERE tx_login='fingal' and clave='1234'; Fri Nov 14 15:36:31 VET 2014]]></LOG><LOG TP='BD'><![CDATA[14/11/2014 -> SELECT * FROM usuarios WHERE tx_login='fingal' and clave='12345'; Fri Nov 14 15:36:31 VET 2014]]></LOG><LOG TP='BD'><![CDATA[14/11/2014 -> SELECT * FROM usuarios WHERE tx_login='fingal' and clave='12345'; Fri Nov 14 15:36:31 VET 2014]]></LOG><LOG TP='BD'><![CDATA[14/11/2014 -> SELECT * FROM usuarios WHERE tx_login='fingal' and clave='12345'; Fri Nov 14 15:36:31 VET 2014]]></LOG><LOG TP='BD'><![CDATA[14/11/2014 -> SELECT * FROM tbl_estatus WHERE id_estatus='1'; Fri Nov 14 15:36:31 VET 2014]]></LOG><LOG TP='BD'><![CDATA[14/11/2014 -> SELECT * FROM usuarios WHERE tx_login='fingal' and clave='12345'; Fri Nov 14 15:36:31 VET 2014]]></LOG><LOG TP='BD'><![CDATA[14/11/2014 -> SELECT * FROM tbl_rol_usr WHERE nb_rol_usr='Administrador'; Fri Nov 14 15:36:31 VET 2014]]></LOG><LOG TP='BD'><![CDATA[14/11/2014 -> SELECT * FROM tbl_rol_usr WHERE nb_rol_usr='Estudiante'; Fri Nov 14 15:36:31 VET 2014]]></LOG><LOG TP='BD'><![CDATA[14/11/2014 -> SELECT * FROM tbl_rol_usr WHERE nb_rol_usr='Maestro'; Fri Nov 14 15:36:31 VET 2014]]></LOG><LOG TP='BD'><![CDATA[14/11/2014 -> SELECT * FROM tbl_rol_usr WHERE nb_rol_usr='Administrador'; Fri Nov 14 15:36:31 VET 2014]]></LOG><LOG TP='BD'><![CDATA[14/11/2014 -> SELECT * FROM tbl_rol_usr WHERE nb_rol_usr='Estudiante'; Fri Nov 14 15:36:31 VET 2014]]></LOG><LOG TP='BD'><![CDATA[14/11/2014 -> SELECT * FROM tbl_rol_usr WHERE nb_rol_usr='Maestro'; Fri Nov 14 15:36:31 VET 2014]]></LOG><LOG TP='BD'><![CDATA[14/11/2014 -> SELECT * FROM tbl_estatus WHERE id_estatus='3'; Fri Nov 14 15:36:31 VET 2014]]></LOG><LOG TP='BD'><![CDATA[14/11/2014 -> SELECT * FROM tbl_estatus WHERE id_estatus='3'; Fri Nov 14 15:36:31 VET 2014]]></LOG><LOG TP='BD'><![CDATA[14/11/2014 -> SELECT * FROM tbl_estatus WHERE id_estatus='3'; Fri Nov 14 15:36:31 VET 2014]]></LOG><LOG TP='BD'><![CDATA[14/11/2014 -> SELECT * FROM usuarios WHERE tx_login='fingal' and clave='12345'; Fri Nov 14 15:36:31 VET 2014]]></LOG><LOG TP='BD'><![CDATA[14/11/2014 -> SELECT * FROM usuarios WHERE tx_login='fingal' and clave='12345'; Fri Nov 14 15:36:31 VET 2014]]></LOG><LOG TP='BD'><![CDATA[14/11/2014 -> SELECT * FROM usuarios WHERE tx_login='fingal' and clave='12345'; Fri Nov 14 15:36:31 VET 2014]]></LOG><LOG TP='BD'><![CDATA[14/11/2014 -> SELECT * FROM tbl_estatus WHERE id_estatus='1'; Fri Nov 14 15:36:31 VET 2014]]></LOG><LOG TP='BD'><![CDATA[14/11/2014 -> SELECT * FROM usuarios WHERE tx_login='fingal' and clave='12345'; Fri Nov 14 15:36:31 VET 2014]]></LOG><LOG TP='BD'><![CDATA[14/11/2014 -> SELECT * FROM tbl_rol_usr WHERE nb_rol_usr='Administrador'; Fri Nov 14 15:36:31 VET 2014]]></LOG><LOG TP='BD'><![CDATA[14/11/2014 -> SELECT * FROM tbl_rol_usr WHERE nb_rol_usr='Estudiante'; Fri Nov 14 15:36:31 VET 2014]]></LOG><LOG TP='BD'><![CDATA[14/11/2014 -> SELECT * FROM tbl_rol_usr WHERE nb_rol_usr='Maestro'; Fri Nov 14 15:36:31 VET 2014]]></LOG><LOG TP='BD'><![CDATA[14/11/2014 -> SELECT * FROM tbl_rol_usr WHERE nb_rol_usr='Administrador'; Fri Nov 14 15:36:31 VET 2014]]></LOG><LOG TP='BD'><![CDATA[14/11/2014 -> SELECT * FROM tbl_rol_usr WHERE nb_rol_usr='Estudiante'; Fri Nov 14 15:36:31 VET 2014]]></LOG><LOG TP='BD'><![CDATA[14/11/2014 -> SELECT * FROM tbl_rol_usr WHERE nb_rol_usr='Maestro'; Fri Nov 14 15:36:31 VET 2014]]></LOG><LOG TP='BD'><![CDATA[14/11/2014 -> SELECT * FROM tbl_estatus WHERE id_estatus='3'; Fri Nov 14 15:36:31 VET 2014]]></LOG><LOG TP='BD'><![CDATA[14/11/2014 -> SELECT * FROM tbl_estatus WHERE id_estatus='3'; Fri Nov 14 15:36:31 VET 2014]]></LOG><LOG TP='BD'><![CDATA[14/11/2014 -> SELECT * FROM tbl_estatus WHERE id_estatus='3'; Fri Nov 14 15:36:31 VET 2014]]></LOG><LOG TP='BD'><![CDATA[14/11/2014 -> SELECT * FROM usuarios WHERE tx_login='fingal' and clave='12345'; Fri Nov 14 15:44:27 VET 2014]]></LOG><LOG TP='BD'><![CDATA[14/11/2014 -> SELECT * FROM usuarios WHERE tx_login='fingal' and clave='12345'; Fri Nov 14 15:44:27 VET 2014]]></LOG><LOG TP='BD'><![CDATA[14/11/2014 -> SELECT * FROM usuarios WHERE tx_login='fingal' and clave='12345'; Fri Nov 14 15:44:27 VET 2014]]></LOG><LOG TP='BD'><![CDATA[14/11/2014 -> SELECT * FROM tbl_estatus WHERE id_estatus='1'; Fri Nov 14 15:44:27 VET 2014]]></LOG><LOG TP='BD'><![CDATA[14/11/2014 -> SELECT * FROM usuarios WHERE tx_login='fingal' and clave='12345'; Fri Nov 14 15:44:27 VET 2014]]></LOG><LOG TP='BD'><![CDATA[14/11/2014 -> SELECT * FROM tbl_rol_usr WHERE nb_rol_usr='Administrador'; Fri Nov 14 15:44:27 VET 2014]]></LOG><LOG TP='BD'><![CDATA[14/11/2014 -> SELECT * FROM tbl_rol_usr WHERE nb_rol_usr='Estudiante'; Fri Nov 14 15:44:27 VET 2014]]></LOG><LOG TP='BD'><![CDATA[14/11/2014 -> SELECT * FROM tbl_rol_usr WHERE nb_rol_usr='Maestro'; Fri Nov 14 15:44:27 VET 2014]]></LOG><LOG TP='BD'><![CDATA[14/11/2014 -> SELECT * FROM tbl_rol_usr WHERE nb_rol_usr='Administrador'; Fri Nov 14 15:44:27 VET 2014]]></LOG><LOG TP='BD'><![CDATA[14/11/2014 -> SELECT * FROM tbl_rol_usr WHERE nb_rol_usr='Estudiante'; Fri Nov 14 15:44:27 VET 2014]]></LOG><LOG TP='BD'><![CDATA[14/11/2014 -> SELECT * FROM tbl_rol_usr WHERE nb_rol_usr='Maestro'; Fri Nov 14 15:44:27 VET 2014]]></LOG><LOG TP='BD'><![CDATA[14/11/2014 -> SELECT * FROM tbl_estatus WHERE id_estatus='3'; Fri Nov 14 15:44:27 VET 2014]]></LOG><LOG TP='BD'><![CDATA[14/11/2014 -> SELECT * FROM tbl_estatus WHERE id_estatus='3'; Fri Nov 14 15:44:27 VET 2014]]></LOG><LOG TP='BD'><![CDATA[14/11/2014 -> SELECT * FROM tbl_estatus WHERE id_estatus='3'; Fri Nov 14 15:44:27 VET 2014]]></LOG><LOG TP='BD'><![CDATA[14/11/2014 -> SELECT * FROM usuarios WHERE tx_login='fingal' and clave='12345'; Fri Nov 14 15:44:27 VET 2014]]></LOG><LOG TP='BD'><![CDATA[14/11/2014 -> SELECT * FROM usuarios WHERE tx_login='fingal' and clave='12345'; Fri Nov 14 15:44:27 VET 2014]]></LOG><LOG TP='BD'><![CDATA[14/11/2014 -> SELECT * FROM usuarios WHERE tx_login='fingal' and clave='12345'; Fri Nov 14 15:44:27 VET 2014]]></LOG><LOG TP='BD'><![CDATA[14/11/2014 -> SELECT * FROM tbl_estatus WHERE id_estatus='1'; Fri Nov 14 15:44:27 VET 2014]]></LOG><LOG TP='BD'><![CDATA[14/11/2014 -> SELECT * FROM usuarios WHERE tx_login='fingal' and clave='12345'; Fri Nov 14 15:44:27 VET 2014]]></LOG><LOG TP='BD'><![CDATA[14/11/2014 -> SELECT * FROM tbl_rol_usr WHERE nb_rol_usr='Administrador'; Fri Nov 14 15:44:27 VET 2014]]></LOG><LOG TP='BD'><![CDATA[14/11/2014 -> SELECT * FROM tbl_rol_usr WHERE nb_rol_usr='Estudiante'; Fri Nov 14 15:44:27 VET 2014]]></LOG><LOG TP='BD'><![CDATA[14/11/2014 -> SELECT * FROM tbl_rol_usr WHERE nb_rol_usr='Maestro'; Fri Nov 14 15:44:27 VET 2014]]></LOG><LOG TP='BD'><![CDATA[14/11/2014 -> SELECT * FROM tbl_rol_usr WHERE nb_rol_usr='Administrador'; Fri Nov 14 15:44:27 VET 2014]]></LOG><LOG TP='BD'><![CDATA[14/11/2014 -> SELECT * FROM tbl_rol_usr WHERE nb_rol_usr='Estudiante'; Fri Nov 14 15:44:27 VET 2014]]></LOG><LOG TP='BD'><![CDATA[14/11/2014 -> SELECT * FROM tbl_rol_usr WHERE nb_rol_usr='Maestro'; Fri Nov 14 15:44:27 VET 2014]]></LOG><LOG TP='BD'><![CDATA[14/11/2014 -> SELECT * FROM tbl_estatus WHERE id_estatus='3'; Fri Nov 14 15:44:27 VET 2014]]></LOG><LOG TP='BD'><![CDATA[14/11/2014 -> SELECT * FROM tbl_estatus WHERE id_estatus='3'; Fri Nov 14 15:44:27 VET 2014]]></LOG><LOG TP='BD'><![CDATA[14/11/2014 -> SELECT * FROM tbl_estatus WHERE id_estatus='3'; Fri Nov 14 15:44:27 VET 2014]]></LOG><LOG TP='BD'><![CDATA[14/11/2014 -> SELECT * FROM usuarios WHERE tx_login='fingal' and clave='12345'; Fri Nov 14 15:57:13 VET 2014]]></LOG><LOG TP='BD'><![CDATA[14/11/2014 -> SELECT * FROM usuarios WHERE tx_login='fingal' and clave='12345'; Fri Nov 14 15:57:13 VET 2014]]></LOG><LOG TP='BD'><![CDATA[14/11/2014 -> SELECT * FROM usuarios WHERE tx_login='fingal' and clave='12345'; Fri Nov 14 15:57:13 VET 2014]]></LOG><LOG TP='BD'><![CDATA[14/11/2014 -> SELECT * FROM tbl_estatus WHERE id_estatus='1'; Fri Nov 14 15:57:13 VET 2014]]></LOG><LOG TP='BD'><![CDATA[14/11/2014 -> SELECT * FROM usuarios WHERE tx_login='fingal' and clave='12345'; Fri Nov 14 15:57:13 VET 2014]]></LOG><LOG TP='BD'><![CDATA[14/11/2014 -> SELECT * FROM tbl_rol_usr WHERE nb_rol_usr='Administrador'; Fri Nov 14 15:57:13 VET 2014]]></LOG><LOG TP='BD'><![CDATA[14/11/2014 -> SELECT * FROM tbl_rol_usr WHERE nb_rol_usr='Estudiante'; Fri Nov 14 15:57:13 VET 2014]]></LOG><LOG TP='BD'><![CDATA[14/11/2014 -> SELECT * FROM tbl_rol_usr WHERE nb_rol_usr='Maestro'; Fri Nov 14 15:57:13 VET 2014]]></LOG><LOG TP='BD'><![CDATA[14/11/2014 -> SELECT * FROM tbl_rol_usr WHERE nb_rol_usr='Administrador'; Fri Nov 14 15:57:13 VET 2014]]></LOG><LOG TP='BD'><![CDATA[14/11/2014 -> SELECT * FROM tbl_rol_usr WHERE nb_rol_usr='Estudiante'; Fri Nov 14 15:57:13 VET 2014]]></LOG><LOG TP='BD'><![CDATA[14/11/2014 -> SELECT * FROM tbl_rol_usr WHERE nb_rol_usr='Maestro'; Fri Nov 14 15:57:13 VET 2014]]></LOG><LOG TP='BD'><![CDATA[14/11/2014 -> SELECT * FROM tbl_estatus WHERE id_estatus='3'; Fri Nov 14 15:57:13 VET 2014]]></LOG><LOG TP='BD'><![CDATA[14/11/2014 -> SELECT * FROM tbl_estatus WHERE id_estatus='3'; Fri Nov 14 15:57:13 VET 2014]]></LOG><LOG TP='BD'><![CDATA[14/11/2014 -> SELECT * FROM tbl_estatus WHERE id_estatus='3'; Fri Nov 14 15:57:13 VET 2014]]></LOG><LOG TP='BD'><![CDATA[14/11/2014 -> SELECT * FROM tbl_rol_usr WHERE id_rol_usr=2; Fri Nov 14 15:57:13 VET 2014]]></LOG><LOG TP='BD'><![CDATA[14/11/2014 -> SELECT id_estado FROM tbl_estado WHERE nb_estado='Falcón'; Fri Nov 14 15:57:13 VET 2014]]></LOG><LOG TP='BD'><![CDATA[14/11/2014 -> SELECT id_estado FROM tbl_estado WHERE nb_estado='Falcón'; Fri Nov 14 15:57:13 VET 2014]]></LOG><LOG TP='BD'><![CDATA[14/11/2014 -> SELECT id_municipio FROM tbl_municipio WHERE nb_municipio='Carirubana'; Fri Nov 14 15:57:13 VET 2014]]></LOG><LOG TP='BD'><![CDATA[14/11/2014 -> SELECT id_municipio FROM tbl_municipio WHERE nb_municipio='Carirubana'; Fri Nov 14 15:57:13 VET 2014]]></LOG><LOG TP='BD'><![CDATA[14/11/2014 -> SELECT * FROM usuarios WHERE tx_login='fingal' and clave='12345'; Fri Nov 14 16:06:46 VET 2014]]></LOG><LOG TP='BD'><![CDATA[14/11/2014 -> SELECT * FROM usuarios WHERE tx_login='fingal' and clave='12345'; Fri Nov 14 16:06:46 VET 2014]]></LOG><LOG TP='BD'><![CDATA[14/11/2014 -> SELECT * FROM usuarios WHERE tx_login='fingal' and clave='12345'; Fri Nov 14 16:06:46 VET 2014]]></LOG><LOG TP='BD'><![CDATA[14/11/2014 -> SELECT * FROM tbl_estatus WHERE id_estatus='1'; Fri Nov 14 16:06:46 VET 2014]]></LOG><LOG TP='BD'><![CDATA[14/11/2014 -> SELECT * FROM usuarios WHERE tx_login='fingal' and clave='12345'; Fri Nov 14 16:06:46 VET 2014]]></LOG><LOG TP='BD'><![CDATA[14/11/2014 -> SELECT * FROM tbl_rol_usr WHERE nb_rol_usr='Administrador'; Fri Nov 14 16:06:46 VET 2014]]></LOG><LOG TP='BD'><![CDATA[14/11/2014 -> SELECT * FROM tbl_rol_usr WHERE nb_rol_usr='Estudiante'; Fri Nov 14 16:06:46 VET 2014]]></LOG><LOG TP='BD'><![CDATA[14/11/2014 -> SELECT * FROM tbl_rol_usr WHERE nb_rol_usr='Maestro'; Fri Nov 14 16:06:46 VET 2014]]></LOG><LOG TP='BD'><![CDATA[14/11/2014 -> SELECT * FROM tbl_rol_usr WHERE nb_rol_usr='Administrador'; Fri Nov 14 16:06:46 VET 2014]]></LOG><LOG TP='BD'><![CDATA[14/11/2014 -> SELECT * FROM tbl_rol_usr WHERE nb_rol_usr='Estudiante'; Fri Nov 14 16:06:46 VET 2014]]></LOG><LOG TP='BD'><![CDATA[14/11/2014 -> SELECT * FROM tbl_rol_usr WHERE nb_rol_usr='Maestro'; Fri Nov 14 16:06:46 VET 2014]]></LOG><LOG TP='BD'><![CDATA[14/11/2014 -> SELECT * FROM tbl_estatus WHERE id_estatus='3'; Fri Nov 14 16:06:46 VET 2014]]></LOG><LOG TP='BD'><![CDATA[14/11/2014 -> SELECT * FROM tbl_estatus WHERE id_estatus='3'; Fri Nov 14 16:06:46 VET 2014]]></LOG><LOG TP='BD'><![CDATA[14/11/2014 -> SELECT * FROM tbl_estatus WHERE id_estatus='3'; Fri Nov 14 16:06:46 VET 2014]]></LOG><LOG TP='BD'><![CDATA[14/11/2014 -> SELECT * FROM tbl_rol_usr WHERE id_rol_usr=2; Fri Nov 14 16:06:46 VET 2014]]></LOG><LOG TP='BD'><![CDATA[14/11/2014 -> SELECT id_estado FROM tbl_estado WHERE nb_estado='Barinas'; Fri Nov 14 16:06:46 VET 2014]]></LOG><LOG TP='BD'><![CDATA[14/11/2014 -> SELECT id_estado FROM tbl_estado WHERE nb_estado='Barinas'; Fri Nov 14 16:06:46 VET 2014]]></LOG><LOG TP='BD'><![CDATA[14/11/2014 -> SELECT id_municipio FROM tbl_municipio WHERE nb_municipio='Barinas'; Fri Nov 14 16:06:46 VET 2014]]></LOG><LOG TP='BD'><![CDATA[14/11/2014 -> SELECT id_municipio FROM tbl_municipio WHERE nb_municipio='Barinas'; Fri Nov 14 16:06:46 VET 2014]]></LOG><LOG TP='BD'><![CDATA[14/11/2014 -> SELECT * FROM usuarios WHERE tx_login='javax.swing.JTextField[,206,12,247x20,layout=javax.swing.plaf.basic.BasicTextUI$UpdateHandler,alignmentX=0.0,alignmentY=0.0,border=javax.swing.plaf.BorderUIResource$CompoundBorderUIResource@c115,flags=296,maximumSize=,minimumSize=,preferredSize=,caretColor=sun.swing.PrintColorUIResource[r=51,g=51,b=51],disabledTextColor=javax.swing.plaf.ColorUIResource[r=184,g=207,b=229],editable=true,margin=javax.swing.plaf.InsetsUIResource[top=0,left=0,bottom=0,right=0],selectedTextColor=sun.swing.PrintColorUIResource[r=51,g=51,b=51],selectionColor=javax.swing.plaf.ColorUIResource[r=184,g=207,b=229],columns=0,columnWidth=0,command=,horizontalAlignment=LEADING]'; Fri Nov 14 16:06:46 VET 2014]]></LOG><LOG TP='BD'><![CDATA[14/11/2014 -> SELECT * FROM usuarios WHERE cedula='4242'; Fri Nov 14 16:06:46 VET 2014]]></LOG><LOG TP='BD'><![CDATA[14/11/2014 -> SELECT * FROM usuarios WHERE tx_login='javax.swing.JTextField[,206,12,247x20,layout=javax.swing.plaf.basic.BasicTextUI$UpdateHandler,alignmentX=0.0,alignmentY=0.0,border=javax.swing.plaf.BorderUIResource$CompoundBorderUIResource@c115,flags=296,maximumSize=,minimumSize=,preferredSize=,caretColor=sun.swing.PrintColorUIResource[r=51,g=51,b=51],disabledTextColor=javax.swing.plaf.ColorUIResource[r=184,g=207,b=229],editable=true,margin=javax.swing.plaf.InsetsUIResource[top=0,left=0,bottom=0,right=0],selectedTextColor=sun.swing.PrintColorUIResource[r=51,g=51,b=51],selectionColor=javax.swing.plaf.ColorUIResource[r=184,g=207,b=229],columns=0,columnWidth=0,command=,horizontalAlignment=LEADING]'; Fri Nov 14 16:06:46 VET 2014]]></LOG><LOG TP='BD'><![CDATA[14/11/2014 -> SELECT * FROM usuarios WHERE cedula='4242'; Fri Nov 14 16:06:46 VET 2014]]></LOG><LOG TP='BD'><![CDATA[14/11/2014 -> SELECT * FROM usuarios WHERE tx_login='javax.swing.JTextField[,206,12,247x20,layout=javax.swing.plaf.basic.BasicTextUI$UpdateHandler,alignmentX=0.0,alignmentY=0.0,border=javax.swing.plaf.BorderUIResource$CompoundBorderUIResource@c115,flags=296,maximumSize=,minimumSize=,preferredSize=,caretColor=sun.swing.PrintColorUIResource[r=51,g=51,b=51],disabledTextColor=javax.swing.plaf.ColorUIResource[r=184,g=207,b=229],editable=true,margin=javax.swing.plaf.InsetsUIResource[top=0,left=0,bottom=0,right=0],selectedTextColor=sun.swing.PrintColorUIResource[r=51,g=51,b=51],selectionColor=javax.swing.plaf.ColorUIResource[r=184,g=207,b=229],columns=0,columnWidth=0,command=,horizontalAlignment=LEADING]'; Fri Nov 14 16:06:46 VET 2014]]></LOG><LOG TP='BD'><![CDATA[14/11/2014 -> SELECT * FROM usuarios WHERE cedula='4242'; Fri Nov 14 16:06:46 VET 2014]]></LOG><LOG TP='BD'><![CDATA[14/11/2014 -> SELECT * FROM usuarios WHERE tx_login='javax.swing.JTextField[,206,12,247x20,layout=javax.swing.plaf.basic.BasicTextUI$UpdateHandler,alignmentX=0.0,alignmentY=0.0,border=javax.swing.plaf.BorderUIResource$CompoundBorderUIResource@c115,flags=296,maximumSize=,minimumSize=,preferredSize=,caretColor=sun.swing.PrintColorUIResource[r=51,g=51,b=51],disabledTextColor=javax.swing.plaf.ColorUIResource[r=184,g=207,b=229],editable=true,margin=javax.swing.plaf.InsetsUIResource[top=0,left=0,bottom=0,right=0],selectedTextColor=sun.swing.PrintColorUIResource[r=51,g=51,b=51],selectionColor=javax.swing.plaf.ColorUIResource[r=184,g=207,b=229],columns=0,columnWidth=0,command=,horizontalAlignment=LEADING]'; Fri Nov 14 16:06:46 VET 2014]]></LOG><LOG TP='BD'><![CDATA[14/11/2014 -> SELECT * FROM usuarios WHERE cedula='4242'; Fri Nov 14 16:06:46 VET 2014]]></LOG><LOG TP='BD'><![CDATA[14/11/2014 -> SELECT * FROM usuarios WHERE tx_login='frejolano' and clave='12345'; Fri Nov 14 16:30:00 VET 2014]]></LOG><LOG TP='BD'><![CDATA[14/11/2014 -> SELECT * FROM usuarios WHERE tx_login='frejolano' and clave='12345'; Fri Nov 14 16:30:00 VET 2014]]></LOG><LOG TP='BD'><![CDATA[14/11/2014 -> SELECT * FROM usuarios WHERE tx_login='frejolano' and clave='12345'; Fri Nov 14 16:30:00 VET 2014]]></LOG><LOG TP='BD'><![CDATA[14/11/2014 -> SELECT * FROM usuarios WHERE tx_login='fingal' and clave='12345'; Fri Nov 14 16:30:00 VET 2014]]></LOG><LOG TP='BD'><![CDATA[14/11/2014 -> SELECT * FROM usuarios WHERE tx_login='fingal' and clave='12345'; Fri Nov 14 16:30:00 VET 2014]]></LOG><LOG TP='BD'><![CDATA[14/11/2014 -> SELECT * FROM usuarios WHERE tx_login='fingal' and clave='12345'; Fri Nov 14 16:30:00 VET 2014]]></LOG><LOG TP='BD'><![CDATA[14/11/2014 -> SELECT * FROM tbl_estatus WHERE id_estatus='1'; Fri Nov 14 16:30:00 VET 2014]]></LOG><LOG TP='BD'><![CDATA[14/11/2014 -> SELECT * FROM usuarios WHERE tx_login='fingal' and clave='12345'; Fri Nov 14 16:30:00 VET 2014]]></LOG><LOG TP='BD'><![CDATA[14/11/2014 -> SELECT * FROM tbl_rol_usr WHERE nb_rol_usr='Administrador'; Fri Nov 14 16:30:00 VET 2014]]></LOG><LOG TP='BD'><![CDATA[14/11/2014 -> SELECT * FROM tbl_rol_usr WHERE nb_rol_usr='Estudiante'; Fri Nov 14 16:30:00 VET 2014]]></LOG><LOG TP='BD'><![CDATA[14/11/2014 -> SELECT * FROM tbl_rol_usr WHERE nb_rol_usr='Maestro'; Fri Nov 14 16:30:00 VET 2014]]></LOG><LOG TP='BD'><![CDATA[14/11/2014 -> SELECT * FROM tbl_rol_usr WHERE nb_rol_usr='Administrador'; Fri Nov 14 16:30:00 VET 2014]]></LOG><LOG TP='BD'><![CDATA[14/11/2014 -> SELECT * FROM tbl_rol_usr WHERE nb_rol_usr='Estudiante'; Fri Nov 14 16:30:00 VET 2014]]></LOG><LOG TP='BD'><![CDATA[14/11/2014 -> SELECT * FROM tbl_rol_usr WHERE nb_rol_usr='Maestro'; Fri Nov 14 16:30:00 VET 2014]]></LOG><LOG TP='BD'><![CDATA[14/11/2014 -> SELECT * FROM tbl_estatus WHERE id_estatus='3'; Fri Nov 14 16:30:00 VET 2014]]></LOG><LOG TP='BD'><![CDATA[14/11/2014 -> SELECT * FROM tbl_estatus WHERE id_estatus='3'; Fri Nov 14 16:30:00 VET 2014]]></LOG><LOG TP='BD'><![CDATA[14/11/2014 -> SELECT * FROM tbl_estatus WHERE id_estatus='3'; Fri Nov 14 16:30:00 VET 2014]]></LOG><LOG TP='BD'><![CDATA[14/11/2014 -> SELECT * FROM tbl_rol_usr WHERE id_rol_usr=2; Fri Nov 14 16:30:00 VET 2014]]></LOG><LOG TP='BD'><![CDATA[14/11/2014 -> SELECT id_estado FROM tbl_estado WHERE nb_estado='Falcón'; Fri Nov 14 16:30:00 VET 2014]]></LOG><LOG TP='BD'><![CDATA[14/11/2014 -> SELECT id_estado FROM tbl_estado WHERE nb_estado='Falcón'; Fri Nov 14 16:30:00 VET 2014]]></LOG><LOG TP='BD'><![CDATA[14/11/2014 -> SELECT id_municipio FROM tbl_municipio WHERE nb_municipio='Carirubana'; Fri Nov 14 16:30:00 VET 2014]]></LOG><LOG TP='BD'><![CDATA[14/11/2014 -> SELECT id_municipio FROM tbl_municipio WHERE nb_municipio='Carirubana'; Fri Nov 14 16:30:00 VET 2014]]></LOG><LOG TP='BD'><![CDATA[14/11/2014 -> SELECT * FROM usuarios WHERE tx_login='javax.swing.JTextField[,206,12,247x20,layout=javax.swing.plaf.basic.BasicTextUI$UpdateHandler,alignmentX=0.0,alignmentY=0.0,border=javax.swing.plaf.BorderUIResource$CompoundBorderUIResource@1213e52,flags=296,maximumSize=,minimumSize=,preferredSize=,caretColor=sun.swing.PrintColorUIResource[r=51,g=51,b=51],disabledTextColor=javax.swing.plaf.ColorUIResource[r=184,g=207,b=229],editable=true,margin=javax.swing.plaf.InsetsUIResource[top=0,left=0,bottom=0,right=0],selectedTextColor=sun.swing.PrintColorUIResource[r=51,g=51,b=51],selectionColor=javax.swing.plaf.ColorUIResource[r=184,g=207,b=229],columns=0,columnWidth=0,command=,horizontalAlignment=LEADING]'; Fri Nov 14 16:30:00 VET 2014]]></LOG><LOG TP='BD'><![CDATA[14/11/2014 -> SELECT * FROM usuarios WHERE cedula='2222222'; Fri Nov 14 16:30:00 VET 2014]]></LOG><LOG TP='BD'><![CDATA[14/11/2014 -> SELECT * FROM tbl_ciudad WHERE nb_ciudad ='Punto Fijo'; Fri Nov 14 16:30:00 VET 2014]]></LOG><LOG TP='BD'><![CDATA[14/11/2014 -> SELECT * FROM preguntas_secretas WHERE nb_pegunta_secreta='¿nombre del padre?'; Fri Nov 14 16:30:00 VET 2014ERROR= ERROR: no existe la columna «nb_pegunta_secreta»
  Position: 40]]></LOG><LOG TP='BD'><![CDATA[14/11/2014 -> SELECT * FROM usuarios WHERE tx_login='javax.swing.JTextField[,206,12,247x20,layout=javax.swing.plaf.basic.BasicTextUI$UpdateHandler,alignmentX=0.0,alignmentY=0.0,border=javax.swing.plaf.BorderUIResource$CompoundBorderUIResource@1213e52,flags=296,maximumSize=,minimumSize=,preferredSize=,caretColor=sun.swing.PrintColorUIResource[r=51,g=51,b=51],disabledTextColor=javax.swing.plaf.ColorUIResource[r=184,g=207,b=229],editable=true,margin=javax.swing.plaf.InsetsUIResource[top=0,left=0,bottom=0,right=0],selectedTextColor=sun.swing.PrintColorUIResource[r=51,g=51,b=51],selectionColor=javax.swing.plaf.ColorUIResource[r=184,g=207,b=229],columns=0,columnWidth=0,command=,horizontalAlignment=LEADING]'; Fri Nov 14 16:30:00 VET 2014]]></LOG><LOG TP='BD'><![CDATA[14/11/2014 -> SELECT * FROM usuarios WHERE cedula='2222222'; Fri Nov 14 16:30:00 VET 2014]]></LOG><LOG TP='BD'><![CDATA[14/11/2014 -> SELECT * FROM tbl_ciudad WHERE nb_ciudad ='Punto Fijo'; Fri Nov 14 16:30:00 VET 2014]]></LOG><LOG TP='BD'><![CDATA[14/11/2014 -> SELECT * FROM preguntas_secretas WHERE nb_pegunta_secreta='¿nombre del padre?'; Fri Nov 14 16:30:00 VET 2014ERROR= ERROR: no existe la columna «nb_pegunta_secreta»
  Position: 40]]></LOG><LOG TP='BD'><![CDATA[14/11/2014 -> SELECT * FROM usuarios WHERE tx_login='javax.swing.JTextField[,206,12,247x20,layout=javax.swing.plaf.basic.BasicTextUI$UpdateHandler,alignmentX=0.0,alignmentY=0.0,border=javax.swing.plaf.BorderUIResource$CompoundBorderUIResource@1213e52,flags=296,maximumSize=,minimumSize=,preferredSize=,caretColor=sun.swing.PrintColorUIResource[r=51,g=51,b=51],disabledTextColor=javax.swing.plaf.ColorUIResource[r=184,g=207,b=229],editable=true,margin=javax.swing.plaf.InsetsUIResource[top=0,left=0,bottom=0,right=0],selectedTextColor=sun.swing.PrintColorUIResource[r=51,g=51,b=51],selectionColor=javax.swing.plaf.ColorUIResource[r=184,g=207,b=229],columns=0,columnWidth=0,command=,horizontalAlignment=LEADING]'; Fri Nov 14 16:30:00 VET 2014]]></LOG><LOG TP='BD'><![CDATA[14/11/2014 -> SELECT * FROM usuarios WHERE cedula='2222222'; Fri Nov 14 16:30:00 VET 2014]]></LOG><LOG TP='BD'><![CDATA[14/11/2014 -> SELECT * FROM tbl_ciudad WHERE nb_ciudad ='Punto Fijo'; Fri Nov 14 16:30:00 VET 2014]]></LOG><LOG TP='BD'><![CDATA[14/11/2014 -> SELECT * FROM preguntas_secretas WHERE nb_pegunta_secreta='¿nombre del padre?'; Fri Nov 14 16:30:00 VET 2014ERROR= ERROR: no existe la columna «nb_pegunta_secreta»
  Position: 40]]></LOG><LOG TP='BD'><![CDATA[14/11/2014 -> SELECT * FROM usuarios WHERE tx_login='javax.swing.JTextField[,206,12,247x20,layout=javax.swing.plaf.basic.BasicTextUI$UpdateHandler,alignmentX=0.0,alignmentY=0.0,border=javax.swing.plaf.BorderUIResource$CompoundBorderUIResource@1213e52,flags=296,maximumSize=,minimumSize=,preferredSize=,caretColor=sun.swing.PrintColorUIResource[r=51,g=51,b=51],disabledTextColor=javax.swing.plaf.ColorUIResource[r=184,g=207,b=229],editable=true,margin=javax.swing.plaf.InsetsUIResource[top=0,left=0,bottom=0,right=0],selectedTextColor=sun.swing.PrintColorUIResource[r=51,g=51,b=51],selectionColor=javax.swing.plaf.ColorUIResource[r=184,g=207,b=229],columns=0,columnWidth=0,command=,horizontalAlignment=LEADING]'; Fri Nov 14 16:30:00 VET 2014]]></LOG><LOG TP='BD'><![CDATA[14/11/2014 -> SELECT * FROM usuarios WHERE cedula='2222222'; Fri Nov 14 16:30:00 VET 2014]]></LOG><LOG TP='BD'><![CDATA[14/11/2014 -> SELECT * FROM tbl_ciudad WHERE nb_ciudad ='Punto Fijo'; Fri Nov 14 16:30:00 VET 2014]]></LOG><LOG TP='BD'><![CDATA[14/11/2014 -> SELECT * FROM preguntas_secretas WHERE nb_pegunta_secreta='¿nombre del padre?'; Fri Nov 14 16:30:00 VET 2014ERROR= ERROR: no existe la columna «nb_pegunta_secreta»
  Position: 40]]></LOG><LOG TP='BD'><![CDATA[14/11/2014 -> SELECT * FROM usuarios WHERE tx_login='javax.swing.JTextField[,206,12,247x20,layout=javax.swing.plaf.basic.BasicTextUI$UpdateHandler,alignmentX=0.0,alignmentY=0.0,border=javax.swing.plaf.BorderUIResource$CompoundBorderUIResource@1213e52,flags=296,maximumSize=,minimumSize=,preferredSize=,caretColor=sun.swing.PrintColorUIResource[r=51,g=51,b=51],disabledTextColor=javax.swing.plaf.ColorUIResource[r=184,g=207,b=229],editable=true,margin=javax.swing.plaf.InsetsUIResource[top=0,left=0,bottom=0,right=0],selectedTextColor=sun.swing.PrintColorUIResource[r=51,g=51,b=51],selectionColor=javax.swing.plaf.ColorUIResource[r=184,g=207,b=229],columns=0,columnWidth=0,command=,horizontalAlignment=LEADING]'; Fri Nov 14 16:30:00 VET 2014]]></LOG><LOG TP='BD'><![CDATA[14/11/2014 -> SELECT * FROM usuarios WHERE cedula='2222222'; Fri Nov 14 16:30:00 VET 2014]]></LOG><LOG TP='BD'><![CDATA[14/11/2014 -> SELECT * FROM tbl_ciudad WHERE nb_ciudad ='Punto Fijo'; Fri Nov 14 16:30:00 VET 2014]]></LOG><LOG TP='BD'><![CDATA[14/11/2014 -> SELECT * FROM preguntas_secretas WHERE nb_pegunta_secreta='¿nombre del padre?'; Fri Nov 14 16:30:00 VET 2014ERROR= ERROR: no existe la columna «nb_pegunta_secreta»
  Position: 40]]></LOG><LOG TP='BD'><![CDATA[14/11/2014 -> SELECT * FROM usuarios WHERE tx_login='javax.swing.JTextField[,206,12,247x20,layout=javax.swing.plaf.basic.BasicTextUI$UpdateHandler,alignmentX=0.0,alignmentY=0.0,border=javax.swing.plaf.BorderUIResource$CompoundBorderUIResource@1213e52,flags=296,maximumSize=,minimumSize=,preferredSize=,caretColor=sun.swing.PrintColorUIResource[r=51,g=51,b=51],disabledTextColor=javax.swing.plaf.ColorUIResource[r=184,g=207,b=229],editable=true,margin=javax.swing.plaf.InsetsUIResource[top=0,left=0,bottom=0,right=0],selectedTextColor=sun.swing.PrintColorUIResource[r=51,g=51,b=51],selectionColor=javax.swing.plaf.ColorUIResource[r=184,g=207,b=229],columns=0,columnWidth=0,command=,horizontalAlignment=LEADING]'; Fri Nov 14 16:30:00 VET 2014]]></LOG><LOG TP='BD'><![CDATA[14/11/2014 -> SELECT * FROM usuarios WHERE cedula='2222222'; Fri Nov 14 16:30:00 VET 2014]]></LOG><LOG TP='BD'><![CDATA[14/11/2014 -> SELECT * FROM tbl_ciudad WHERE nb_ciudad ='Punto Fijo'; Fri Nov 14 16:30:00 VET 2014]]></LOG><LOG TP='BD'><![CDATA[14/11/2014 -> SELECT * FROM preguntas_secretas WHERE nb_pegunta_secreta='¿nombre del padre?'; Fri Nov 14 16:30:00 VET 2014ERROR= ERROR: no existe la columna «nb_pegunta_secreta»
  Position: 40]]></LOG><LOG TP='BD'><![CDATA[14/11/2014 -> SELECT * FROM usuarios WHERE tx_login='javax.swing.JTextField[,206,12,247x20,layout=javax.swing.plaf.basic.BasicTextUI$UpdateHandler,alignmentX=0.0,alignmentY=0.0,border=javax.swing.plaf.BorderUIResource$CompoundBorderUIResource@1213e52,flags=296,maximumSize=,minimumSize=,preferredSize=,caretColor=sun.swing.PrintColorUIResource[r=51,g=51,b=51],disabledTextColor=javax.swing.plaf.ColorUIResource[r=184,g=207,b=229],editable=true,margin=javax.swing.plaf.InsetsUIResource[top=0,left=0,bottom=0,right=0],selectedTextColor=sun.swing.PrintColorUIResource[r=51,g=51,b=51],selectionColor=javax.swing.plaf.ColorUIResource[r=184,g=207,b=229],columns=0,columnWidth=0,command=,horizontalAlignment=LEADING]'; Fri Nov 14 16:30:00 VET 2014]]></LOG><LOG TP='BD'><![CDATA[14/11/2014 -> SELECT * FROM usuarios WHERE cedula='2222222'; Fri Nov 14 16:30:00 VET 2014]]></LOG><LOG TP='BD'><![CDATA[14/11/2014 -> SELECT * FROM tbl_ciudad WHERE nb_ciudad ='Punto Fijo'; Fri Nov 14 16:30:00 VET 2014]]></LOG><LOG TP='BD'><![CDATA[14/11/2014 -> SELECT * FROM preguntas_secretas WHERE nb_pegunta_secreta='¿nombre del padre?'; Fri Nov 14 16:30:00 VET 2014ERROR= ERROR: no existe la columna «nb_pegunta_secreta»
  Position: 40]]></LOG><LOG TP='BD'><![CDATA[14/11/2014 -> SELECT * FROM usuarios WHERE tx_login='javax.swing.JTextField[,206,12,247x20,layout=javax.swing.plaf.basic.BasicTextUI$UpdateHandler,alignmentX=0.0,alignmentY=0.0,border=javax.swing.plaf.BorderUIResource$CompoundBorderUIResource@1213e52,flags=296,maximumSize=,minimumSize=,preferredSize=,caretColor=sun.swing.PrintColorUIResource[r=51,g=51,b=51],disabledTextColor=javax.swing.plaf.ColorUIResource[r=184,g=207,b=229],editable=true,margin=javax.swing.plaf.InsetsUIResource[top=0,left=0,bottom=0,right=0],selectedTextColor=sun.swing.PrintColorUIResource[r=51,g=51,b=51],selectionColor=javax.swing.plaf.ColorUIResource[r=184,g=207,b=229],columns=0,columnWidth=0,command=,horizontalAlignment=LEADING]'; Fri Nov 14 16:30:00 VET 2014]]></LOG><LOG TP='BD'><![CDATA[14/11/2014 -> SELECT * FROM usuarios WHERE cedula='2222222'; Fri Nov 14 16:30:00 VET 2014]]></LOG><LOG TP='BD'><![CDATA[14/11/2014 -> SELECT * FROM tbl_ciudad WHERE nb_ciudad ='Punto Fijo'; Fri Nov 14 16:30:00 VET 2014]]></LOG><LOG TP='BD'><![CDATA[14/11/2014 -> SELECT * FROM preguntas_secretas WHERE nb_pegunta_secreta='¿nombre del padre?'; Fri Nov 14 16:30:00 VET 2014ERROR= ERROR: no existe la columna «nb_pegunta_secreta»
  Position: 40]]></LOG><LOG TP='BD'><![CDATA[14/11/2014 -> SELECT * FROM usuarios WHERE tx_login='javax.swing.JTextField[,206,12,247x20,layout=javax.swing.plaf.basic.BasicTextUI$UpdateHandler,alignmentX=0.0,alignmentY=0.0,border=javax.swing.plaf.BorderUIResource$CompoundBorderUIResource@1213e52,flags=296,maximumSize=,minimumSize=,preferredSize=,caretColor=sun.swing.PrintColorUIResource[r=51,g=51,b=51],disabledTextColor=javax.swing.plaf.ColorUIResource[r=184,g=207,b=229],editable=true,margin=javax.swing.plaf.InsetsUIResource[top=0,left=0,bottom=0,right=0],selectedTextColor=sun.swing.PrintColorUIResource[r=51,g=51,b=51],selectionColor=javax.swing.plaf.ColorUIResource[r=184,g=207,b=229],columns=0,columnWidth=0,command=,horizontalAlignment=LEADING]'; Fri Nov 14 16:30:00 VET 2014]]></LOG><LOG TP='BD'><![CDATA[14/11/2014 -> SELECT * FROM usuarios WHERE cedula='2222222'; Fri Nov 14 16:30:00 VET 2014]]></LOG><LOG TP='BD'><![CDATA[14/11/2014 -> SELECT * FROM tbl_ciudad WHERE nb_ciudad ='Punto Fijo'; Fri Nov 14 16:30:00 VET 2014]]></LOG><LOG TP='BD'><![CDATA[14/11/2014 -> SELECT * FROM preguntas_secretas WHERE nb_pegunta_secreta='¿nombre del padre?'; Fri Nov 14 16:30:00 VET 2014ERROR= ERROR: no existe la columna «nb_pegunta_secreta»
  Position: 40]]></LOG><LOG TP='BD'><![CDATA[14/11/2014 -> SELECT * FROM usuarios WHERE tx_login='javax.swing.JTextField[,206,12,247x20,layout=javax.swing.plaf.basic.BasicTextUI$UpdateHandler,alignmentX=0.0,alignmentY=0.0,border=javax.swing.plaf.BorderUIResource$CompoundBorderUIResource@1213e52,flags=296,maximumSize=,minimumSize=,preferredSize=,caretColor=sun.swing.PrintColorUIResource[r=51,g=51,b=51],disabledTextColor=javax.swing.plaf.ColorUIResource[r=184,g=207,b=229],editable=true,margin=javax.swing.plaf.InsetsUIResource[top=0,left=0,bottom=0,right=0],selectedTextColor=sun.swing.PrintColorUIResource[r=51,g=51,b=51],selectionColor=javax.swing.plaf.ColorUIResource[r=184,g=207,b=229],columns=0,columnWidth=0,command=,horizontalAlignment=LEADING]'; Fri Nov 14 16:30:00 VET 2014]]></LOG><LOG TP='BD'><![CDATA[14/11/2014 -> SELECT * FROM usuarios WHERE cedula='2222222'; Fri Nov 14 16:30:00 VET 2014]]></LOG><LOG TP='BD'><![CDATA[14/11/2014 -> SELECT * FROM tbl_ciudad WHERE nb_ciudad ='Punto Fijo'; Fri Nov 14 16:30:00 VET 2014]]></LOG><LOG TP='BD'><![CDATA[14/11/2014 -> SELECT * FROM preguntas_secretas WHERE nb_pegunta_secreta='¿nombre del padre?'; Fri Nov 14 16:30:00 VET 2014ERROR= ERROR: no existe la columna «nb_pegunta_secreta»
  Position: 40]]></LOG><LOG TP='BD'><![CDATA[14/11/2014 -> SELECT * FROM usuarios WHERE tx_login='fingal' and clave='12345'; Fri Nov 14 16:38:25 VET 2014]]></LOG><LOG TP='BD'><![CDATA[14/11/2014 -> SELECT * FROM usuarios WHERE tx_login='fingal' and clave='12345'; Fri Nov 14 16:38:25 VET 2014]]></LOG><LOG TP='BD'><![CDATA[14/11/2014 -> SELECT * FROM usuarios WHERE tx_login='fingal' and clave='12345'; Fri Nov 14 16:38:25 VET 2014]]></LOG><LOG TP='BD'><![CDATA[14/11/2014 -> SELECT * FROM tbl_estatus WHERE id_estatus='1'; Fri Nov 14 16:38:25 VET 2014]]></LOG><LOG TP='BD'><![CDATA[14/11/2014 -> SELECT * FROM usuarios WHERE tx_login='fingal' and clave='12345'; Fri Nov 14 16:38:25 VET 2014]]></LOG><LOG TP='BD'><![CDATA[14/11/2014 -> SELECT * FROM tbl_rol_usr WHERE nb_rol_usr='Administrador'; Fri Nov 14 16:38:25 VET 2014]]></LOG><LOG TP='BD'><![CDATA[14/11/2014 -> SELECT * FROM tbl_rol_usr WHERE nb_rol_usr='Estudiante'; Fri Nov 14 16:38:25 VET 2014]]></LOG><LOG TP='BD'><![CDATA[14/11/2014 -> SELECT * FROM tbl_rol_usr WHERE nb_rol_usr='Maestro'; Fri Nov 14 16:38:25 VET 2014]]></LOG><LOG TP='BD'><![CDATA[14/11/2014 -> SELECT * FROM tbl_rol_usr WHERE nb_rol_usr='Administrador'; Fri Nov 14 16:38:25 VET 2014]]></LOG><LOG TP='BD'><![CDATA[14/11/2014 -> SELECT * FROM tbl_rol_usr WHERE nb_rol_usr='Estudiante'; Fri Nov 14 16:38:25 VET 2014]]></LOG><LOG TP='BD'><![CDATA[14/11/2014 -> SELECT * FROM tbl_rol_usr WHERE nb_rol_usr='Maestro'; Fri Nov 14 16:38:25 VET 2014]]></LOG><LOG TP='BD'><![CDATA[14/11/2014 -> SELECT * FROM tbl_estatus WHERE id_estatus='3'; Fri Nov 14 16:38:25 VET 2014]]></LOG><LOG TP='BD'><![CDATA[14/11/2014 -> SELECT * FROM tbl_estatus WHERE id_estatus='3'; Fri Nov 14 16:38:25 VET 2014]]></LOG><LOG TP='BD'><![CDATA[14/11/2014 -> SELECT * FROM tbl_estatus WHERE id_estatus='3'; Fri Nov 14 16:38:25 VET 2014]]></LOG><LOG TP='BD'><![CDATA[14/11/2014 -> SELECT * FROM tbl_rol_usr WHERE id_rol_usr=2; Fri Nov 14 16:38:25 VET 2014]]></LOG><LOG TP='BD'><![CDATA[14/11/2014 -> SELECT id_estado FROM tbl_estado WHERE nb_estado='Barinas'; Fri Nov 14 16:38:25 VET 2014]]></LOG><LOG TP='BD'><![CDATA[14/11/2014 -> SELECT id_estado FROM tbl_estado WHERE nb_estado='Barinas'; Fri Nov 14 16:38:25 VET 2014]]></LOG><LOG TP='BD'><![CDATA[14/11/2014 -> SELECT id_municipio FROM tbl_municipio WHERE nb_municipio='Barinas'; Fri Nov 14 16:38:25 VET 2014]]></LOG><LOG TP='BD'><![CDATA[14/11/2014 -> SELECT id_municipio FROM tbl_municipio WHERE nb_municipio='Barinas'; Fri Nov 14 16:38:25 VET 2014]]></LOG><LOG TP='BD'><![CDATA[14/11/2014 -> SELECT * FROM usuarios WHERE tx_login='javax.swing.JTextField[,206,12,247x20,layout=javax.swing.plaf.basic.BasicTextUI$UpdateHandler,alignmentX=0.0,alignmentY=0.0,border=javax.swing.plaf.BorderUIResource$CompoundBorderUIResource@862b70,flags=296,maximumSize=,minimumSize=,preferredSize=,caretColor=sun.swing.PrintColorUIResource[r=51,g=51,b=51],disabledTextColor=javax.swing.plaf.ColorUIResource[r=184,g=207,b=229],editable=true,margin=javax.swing.plaf.InsetsUIResource[top=0,left=0,bottom=0,right=0],selectedTextColor=sun.swing.PrintColorUIResource[r=51,g=51,b=51],selectionColor=javax.swing.plaf.ColorUIResource[r=184,g=207,b=229],columns=0,columnWidth=0,command=,horizontalAlignment=LEADING]'; Fri Nov 14 16:38:25 VET 2014]]></LOG><LOG TP='BD'><![CDATA[14/11/2014 -> SELECT * FROM usuarios WHERE cedula='2442442'; Fri Nov 14 16:38:25 VET 2014]]></LOG><LOG TP='BD'><![CDATA[14/11/2014 -> SELECT * FROM usuarios WHERE tx_login='javax.swing.JTextField[,206,12,247x20,layout=javax.swing.plaf.basic.BasicTextUI$UpdateHandler,alignmentX=0.0,alignmentY=0.0,border=javax.swing.plaf.BorderUIResource$CompoundBorderUIResource@862b70,flags=296,maximumSize=,minimumSize=,preferredSize=,caretColor=sun.swing.PrintColorUIResource[r=51,g=51,b=51],disabledTextColor=javax.swing.plaf.ColorUIResource[r=184,g=207,b=229],editable=true,margin=javax.swing.plaf.InsetsUIResource[top=0,left=0,bottom=0,right=0],selectedTextColor=sun.swing.PrintColorUIResource[r=51,g=51,b=51],selectionColor=javax.swing.plaf.ColorUIResource[r=184,g=207,b=229],columns=0,columnWidth=0,command=,horizontalAlignment=LEADING]'; Fri Nov 14 16:38:25 VET 2014]]></LOG><LOG TP='BD'><![CDATA[14/11/2014 -> SELECT * FROM usuarios WHERE cedula='2442442'; Fri Nov 14 16:38:25 VET 2014]]></LOG><LOG TP='BD'><![CDATA[14/11/2014 -> SELECT * FROM usuarios WHERE tx_login='javax.swing.JTextField[,206,12,247x20,layout=javax.swing.plaf.basic.BasicTextUI$UpdateHandler,alignmentX=0.0,alignmentY=0.0,border=javax.swing.plaf.BorderUIResource$CompoundBorderUIResource@862b70,flags=296,maximumSize=,minimumSize=,preferredSize=,caretColor=sun.swing.PrintColorUIResource[r=51,g=51,b=51],disabledTextColor=javax.swing.plaf.ColorUIResource[r=184,g=207,b=229],editable=true,margin=javax.swing.plaf.InsetsUIResource[top=0,left=0,bottom=0,right=0],selectedTextColor=sun.swing.PrintColorUIResource[r=51,g=51,b=51],selectionColor=javax.swing.plaf.ColorUIResource[r=184,g=207,b=229],columns=0,columnWidth=0,command=,horizontalAlignment=LEADING]'; Fri Nov 14 16:38:25 VET 2014]]></LOG><LOG TP='BD'><![CDATA[14/11/2014 -> SELECT * FROM usuarios WHERE cedula='2442442'; Fri Nov 14 16:38:25 VET 2014]]></LOG><LOG TP='BD'><![CDATA[14/11/2014 -> SELECT * FROM tbl_ciudad WHERE nb_ciudad ='Barinas (Barinas)'; Fri Nov 14 16:38:25 VET 2014]]></LOG><LOG TP='BD'><![CDATA[14/11/2014 -> SELECT * FROM preguntas_secretas WHERE nb_pregunta_secreta='¿nombre de la madre?'; Fri Nov 14 16:38:25 VET 2014]]></LOG><LOG TP='BD'><![CDATA[14/11/2014 -> SELECT * FROM usuarios WHERE tx_login='javax.swing.JTextField[,206,12,247x20,layout=javax.swing.plaf.basic.BasicTextUI$UpdateHandler,alignmentX=0.0,alignmentY=0.0,border=javax.swing.plaf.BorderUIResource$CompoundBorderUIResource@862b70,flags=296,maximumSize=,minimumSize=,preferredSize=,caretColor=sun.swing.PrintColorUIResource[r=51,g=51,b=51],disabledTextColor=javax.swing.plaf.ColorUIResource[r=184,g=207,b=229],editable=true,margin=javax.swing.plaf.InsetsUIResource[top=0,left=0,bottom=0,right=0],selectedTextColor=sun.swing.PrintColorUIResource[r=51,g=51,b=51],selectionColor=javax.swing.plaf.ColorUIResource[r=184,g=207,b=229],columns=0,columnWidth=0,command=,horizontalAlignment=LEADING]'; Fri Nov 14 16:38:25 VET 2014]]></LOG><LOG TP='BD'><![CDATA[14/11/2014 -> SELECT * FROM usuarios WHERE cedula='2442442'; Fri Nov 14 16:38:25 VET 2014]]></LOG><LOG TP='BD'><![CDATA[14/11/2014 -> SELECT * FROM tbl_ciudad WHERE nb_ciudad ='Barinas (Barinas)'; Fri Nov 14 16:38:25 VET 2014]]></LOG><LOG TP='BD'><![CDATA[14/11/2014 -> SELECT * FROM preguntas_secretas WHERE nb_pregunta_secreta='¿nombre de la madre?'; Fri Nov 14 16:38:25 VET 2014]]></LOG><LOG TP='BD'><![CDATA[14/11/2014 -> SELECT * FROM usuarios WHERE tx_login='javax.swing.JTextField[,206,12,247x20,layout=javax.swing.plaf.basic.BasicTextUI$UpdateHandler,alignmentX=0.0,alignmentY=0.0,border=javax.swing.plaf.BorderUIResource$CompoundBorderUIResource@862b70,flags=296,maximumSize=,minimumSize=,preferredSize=,caretColor=sun.swing.PrintColorUIResource[r=51,g=51,b=51],disabledTextColor=javax.swing.plaf.ColorUIResource[r=184,g=207,b=229],editable=true,margin=javax.swing.plaf.InsetsUIResource[top=0,left=0,bottom=0,right=0],selectedTextColor=sun.swing.PrintColorUIResource[r=51,g=51,b=51],selectionColor=javax.swing.plaf.ColorUIResource[r=184,g=207,b=229],columns=0,columnWidth=0,command=,horizontalAlignment=LEADING]'; Fri Nov 14 16:38:25 VET 2014]]></LOG><LOG TP='BD'><![CDATA[14/11/2014 -> SELECT * FROM usuarios WHERE cedula='2442442'; Fri Nov 14 16:38:25 VET 2014]]></LOG><LOG TP='BD'><![CDATA[14/11/2014 -> SELECT * FROM tbl_ciudad WHERE nb_ciudad ='Barinas (Barinas)'; Fri Nov 14 16:38:25 VET 2014]]></LOG><LOG TP='BD'><![CDATA[14/11/2014 -> SELECT * FROM preguntas_secretas WHERE nb_pregunta_secreta='¿nombre de la madre?'; Fri Nov 14 16:38:25 VET 2014]]></LOG><LOG TP='BD'><![CDATA[14/11/2014 -> SELECT * FROM usuarios WHERE tx_login='javax.swing.JTextField[,206,12,247x20,layout=javax.swing.plaf.basic.BasicTextUI$UpdateHandler,alignmentX=0.0,alignmentY=0.0,border=javax.swing.plaf.BorderUIResource$CompoundBorderUIResource@862b70,flags=296,maximumSize=,minimumSize=,preferredSize=,caretColor=sun.swing.PrintColorUIResource[r=51,g=51,b=51],disabledTextColor=javax.swing.plaf.ColorUIResource[r=184,g=207,b=229],editable=true,margin=javax.swing.plaf.InsetsUIResource[top=0,left=0,bottom=0,right=0],selectedTextColor=sun.swing.PrintColorUIResource[r=51,g=51,b=51],selectionColor=javax.swing.plaf.ColorUIResource[r=184,g=207,b=229],columns=0,columnWidth=0,command=,horizontalAlignment=LEADING]'; Fri Nov 14 16:38:25 VET 2014]]></LOG><LOG TP='BD'><![CDATA[14/11/2014 -> SELECT * FROM usuarios WHERE cedula='2442442'; Fri Nov 14 16:38:25 VET 2014]]></LOG><LOG TP='BD'><![CDATA[14/11/2014 -> SELECT * FROM tbl_ciudad WHERE nb_ciudad ='Barinas (Barinas)'; Fri Nov 14 16:38:25 VET 2014]]></LOG><LOG TP='BD'><![CDATA[14/11/2014 -> SELECT * FROM preguntas_secretas WHERE nb_pregunta_secreta='¿nombre de la madre?'; Fri Nov 14 16:38:25 VET 2014]]></LOG><LOG TP='BD'><![CDATA[14/11/2014 -> SELECT * FROM usuarios WHERE tx_login='javax.swing.JTextField[,206,12,247x20,layout=javax.swing.plaf.basic.BasicTextUI$UpdateHandler,alignmentX=0.0,alignmentY=0.0,border=javax.swing.plaf.BorderUIResource$CompoundBorderUIResource@862b70,flags=296,maximumSize=,minimumSize=,preferredSize=,caretColor=sun.swing.PrintColorUIResource[r=51,g=51,b=51],disabledTextColor=javax.swing.plaf.ColorUIResource[r=184,g=207,b=229],editable=true,margin=javax.swing.plaf.InsetsUIResource[top=0,left=0,bottom=0,right=0],selectedTextColor=sun.swing.PrintColorUIResource[r=51,g=51,b=51],selectionColor=javax.swing.plaf.ColorUIResource[r=184,g=207,b=229],columns=0,columnWidth=0,command=,horizontalAlignment=LEADING]'; Fri Nov 14 16:38:25 VET 2014]]></LOG><LOG TP='BD'><![CDATA[14/11/2014 -> SELECT * FROM usuarios WHERE cedula='2442442'; Fri Nov 14 16:38:25 VET 2014]]></LOG><LOG TP='BD'><![CDATA[14/11/2014 -> SELECT * FROM tbl_ciudad WHERE nb_ciudad ='Barinas (Barinas)'; Fri Nov 14 16:38:25 VET 2014]]></LOG><LOG TP='BD'><![CDATA[14/11/2014 -> SELECT * FROM preguntas_secretas WHERE nb_pregunta_secreta='¿nombre de la madre?'; Fri Nov 14 16:38:25 VET 2014]]></LOG><LOG TP='BD'><![CDATA[14/11/2014 -> SELECT * FROM usuarios WHERE tx_login='javax.swing.JTextField[,206,12,247x20,layout=javax.swing.plaf.basic.BasicTextUI$UpdateHandler,alignmentX=0.0,alignmentY=0.0,border=javax.swing.plaf.BorderUIResource$CompoundBorderUIResource@862b70,flags=296,maximumSize=,minimumSize=,preferredSize=,caretColor=sun.swing.PrintColorUIResource[r=51,g=51,b=51],disabledTextColor=javax.swing.plaf.ColorUIResource[r=184,g=207,b=229],editable=true,margin=javax.swing.plaf.InsetsUIResource[top=0,left=0,bottom=0,right=0],selectedTextColor=sun.swing.PrintColorUIResource[r=51,g=51,b=51],selectionColor=javax.swing.plaf.ColorUIResource[r=184,g=207,b=229],columns=0,columnWidth=0,command=,horizontalAlignment=LEADING]'; Fri Nov 14 16:38:25 VET 2014]]></LOG><LOG TP='BD'><![CDATA[14/11/2014 -> SELECT * FROM usuarios WHERE cedula='2442442'; Fri Nov 14 16:38:25 VET 2014]]></LOG><LOG TP='BD'><![CDATA[14/11/2014 -> SELECT * FROM tbl_ciudad WHERE nb_ciudad ='Barinas (Barinas)'; Fri Nov 14 16:38:25 VET 2014]]></LOG><LOG TP='BD'><![CDATA[14/11/2014 -> SELECT * FROM preguntas_secretas WHERE nb_pregunta_secreta='¿nombre de la madre?'; Fri Nov 14 16:38:25 VET 2014]]></LOG><LOG TP='BD'><![CDATA[14/11/2014 -> SELECT * FROM usuarios WHERE tx_login='javax.swing.JTextField[,206,12,247x20,layout=javax.swing.plaf.basic.BasicTextUI$UpdateHandler,alignmentX=0.0,alignmentY=0.0,border=javax.swing.plaf.BorderUIResource$CompoundBorderUIResource@862b70,flags=296,maximumSize=,minimumSize=,preferredSize=,caretColor=sun.swing.PrintColorUIResource[r=51,g=51,b=51],disabledTextColor=javax.swing.plaf.ColorUIResource[r=184,g=207,b=229],editable=true,margin=javax.swing.plaf.InsetsUIResource[top=0,left=0,bottom=0,right=0],selectedTextColor=sun.swing.PrintColorUIResource[r=51,g=51,b=51],selectionColor=javax.swing.plaf.ColorUIResource[r=184,g=207,b=229],columns=0,columnWidth=0,command=,horizontalAlignment=LEADING]'; Fri Nov 14 16:38:25 VET 2014]]></LOG><LOG TP='BD'><![CDATA[14/11/2014 -> SELECT * FROM usuarios WHERE cedula='2442442'; Fri Nov 14 16:38:25 VET 2014]]></LOG><LOG TP='BD'><![CDATA[14/11/2014 -> SELECT * FROM tbl_ciudad WHERE nb_ciudad ='Barinas (Barinas)'; Fri Nov 14 16:38:25 VET 2014]]></LOG><LOG TP='BD'><![CDATA[14/11/2014 -> SELECT * FROM preguntas_secretas WHERE nb_pregunta_secreta='¿nombre de la madre?'; Fri Nov 14 16:38:25 VET 2014]]></LOG><LOG TP='BD'><![CDATA[14/11/2014 -> SELECT * FROM usuarios WHERE tx_login='fingal' and clave='1234'; Fri Nov 14 16:59:40 VET 2014]]></LOG><LOG TP='BD'><![CDATA[14/11/2014 -> SELECT * FROM usuarios WHERE tx_login='fingal' and clave='12345'; Fri Nov 14 16:59:40 VET 2014]]></LOG><LOG TP='BD'><![CDATA[14/11/2014 -> SELECT * FROM usuarios WHERE tx_login='fingal' and clave='12345'; Fri Nov 14 16:59:40 VET 2014]]></LOG><LOG TP='BD'><![CDATA[14/11/2014 -> SELECT * FROM usuarios WHERE tx_login='fingal' and clave='12345'; Fri Nov 14 16:59:40 VET 2014]]></LOG><LOG TP='BD'><![CDATA[14/11/2014 -> SELECT * FROM tbl_estatus WHERE id_estatus='1'; Fri Nov 14 16:59:40 VET 2014]]></LOG><LOG TP='BD'><![CDATA[14/11/2014 -> SELECT * FROM usuarios WHERE tx_login='fingal' and clave='12345'; Fri Nov 14 16:59:40 VET 2014]]></LOG><LOG TP='BD'><![CDATA[14/11/2014 -> SELECT * FROM tbl_rol_usr WHERE nb_rol_usr='Administrador'; Fri Nov 14 16:59:40 VET 2014]]></LOG><LOG TP='BD'><![CDATA[14/11/2014 -> SELECT * FROM tbl_rol_usr WHERE nb_rol_usr='Estudiante'; Fri Nov 14 16:59:40 VET 2014]]></LOG><LOG TP='BD'><![CDATA[14/11/2014 -> SELECT * FROM tbl_rol_usr WHERE nb_rol_usr='Maestro'; Fri Nov 14 16:59:40 VET 2014]]></LOG><LOG TP='BD'><![CDATA[14/11/2014 -> SELECT * FROM tbl_rol_usr WHERE nb_rol_usr='Administrador'; Fri Nov 14 16:59:40 VET 2014]]></LOG><LOG TP='BD'><![CDATA[14/11/2014 -> SELECT * FROM tbl_rol_usr WHERE nb_rol_usr='Estudiante'; Fri Nov 14 16:59:40 VET 2014]]></LOG><LOG TP='BD'><![CDATA[14/11/2014 -> SELECT * FROM tbl_rol_usr WHERE nb_rol_usr='Maestro'; Fri Nov 14 16:59:40 VET 2014]]></LOG><LOG TP='BD'><![CDATA[14/11/2014 -> SELECT * FROM tbl_estatus WHERE id_estatus='3'; Fri Nov 14 16:59:40 VET 2014]]></LOG><LOG TP='BD'><![CDATA[14/11/2014 -> SELECT * FROM tbl_estatus WHERE id_estatus='3'; Fri Nov 14 16:59:40 VET 2014]]></LOG><LOG TP='BD'><![CDATA[14/11/2014 -> SELECT * FROM tbl_estatus WHERE id_estatus='3'; Fri Nov 14 16:59:40 VET 2014]]></LOG><LOG TP='BD'><![CDATA[14/11/2014 -> SELECT * FROM tbl_rol_usr WHERE id_rol_usr=2; Fri Nov 14 16:59:40 VET 2014]]></LOG><LOG TP='BD'><![CDATA[14/11/2014 -> SELECT id_estado FROM tbl_estado WHERE nb_estado='Aragua'; Fri Nov 14 16:59:40 VET 2014]]></LOG><LOG TP='BD'><![CDATA[14/11/2014 -> SELECT id_estado FROM tbl_estado WHERE nb_estado='Aragua'; Fri Nov 14 16:59:40 VET 2014]]></LOG><LOG TP='BD'><![CDATA[14/11/2014 -> SELECT id_municipio FROM tbl_municipio WHERE nb_municipio='Santos Michelena'; Fri Nov 14 16:59:40 VET 2014]]></LOG><LOG TP='BD'><![CDATA[14/11/2014 -> SELECT id_municipio FROM tbl_municipio WHERE nb_municipio='Santos Michelena'; Fri Nov 14 16:59:40 VET 2014]]></LOG><LOG TP='BD'><![CDATA[14/11/2014 -> SELECT * FROM usuarios WHERE tx_login='wdfew'; Fri Nov 14 16:59:40 VET 2014]]></LOG><LOG TP='BD'><![CDATA[14/11/2014 -> SELECT * FROM usuarios WHERE cedula='122333'; Fri Nov 14 16:59:40 VET 2014]]></LOG><LOG TP='BD'><![CDATA[14/11/2014 -> SELECT * FROM usuarios WHERE tx_login='wdfew'; Fri Nov 14 16:59:40 VET 2014]]></LOG><LOG TP='BD'><![CDATA[14/11/2014 -> SELECT * FROM usuarios WHERE cedula='122333'; Fri Nov 14 16:59:40 VET 2014]]></LOG><LOG TP='BD'><![CDATA[14/11/2014 -> SELECT * FROM tbl_ciudad WHERE nb_ciudad ='Las Tejerias'; Fri Nov 14 16:59:40 VET 2014]]></LOG><LOG TP='BD'><![CDATA[14/11/2014 -> SELECT * FROM preguntas_secretas WHERE nb_pregunta_secreta='¿comida favorita?'; Fri Nov 14 16:59:40 VET 2014]]></LOG><LOG TP='BD'><![CDATA[14/11/2014 -> SELECT * FROM usuarios WHERE tx_login='wdfew'; Fri Nov 14 16:59:40 VET 2014]]></LOG><LOG TP='BD'><![CDATA[14/11/2014 -> SELECT * FROM usuarios WHERE cedula='122333'; Fri Nov 14 16:59:40 VET 2014]]></LOG><LOG TP='BD'><![CDATA[14/11/2014 -> SELECT * FROM tbl_ciudad WHERE nb_ciudad ='Las Tejerias'; Fri Nov 14 16:59:40 VET 2014]]></LOG><LOG TP='BD'><![CDATA[14/11/2014 -> SELECT * FROM preguntas_secretas WHERE nb_pregunta_secreta='¿comida favorita?'; Fri Nov 14 16:59:40 VET 2014]]></LOG><LOG TP='BD'><![CDATA[14/11/2014 -> SELECT * FROM usuarios WHERE tx_login='fingal' and clave='1234'; Fri Nov 14 17:15:38 VET 2014]]></LOG><LOG TP='BD'><![CDATA[14/11/2014 -> SELECT * FROM usuarios WHERE tx_login='fingal' and clave='12345'; Fri Nov 14 17:15:38 VET 2014]]></LOG><LOG TP='BD'><![CDATA[14/11/2014 -> SELECT * FROM usuarios WHERE tx_login='fingal' and clave='12345'; Fri Nov 14 17:15:38 VET 2014]]></LOG><LOG TP='BD'><![CDATA[14/11/2014 -> SELECT * FROM usuarios WHERE tx_login='fingal' and clave='12345'; Fri Nov 14 17:15:38 VET 2014]]></LOG><LOG TP='BD'><![CDATA[14/11/2014 -> SELECT * FROM tbl_estatus WHERE id_estatus='1'; Fri Nov 14 17:15:38 VET 2014]]></LOG><LOG TP='BD'><![CDATA[14/11/2014 -> SELECT * FROM usuarios WHERE tx_login='fingal' and clave='12345'; Fri Nov 14 17:15:38 VET 2014]]></LOG><LOG TP='BD'><![CDATA[14/11/2014 -> SELECT * FROM tbl_rol_usr WHERE nb_rol_usr='Administrador'; Fri Nov 14 17:15:38 VET 2014]]></LOG><LOG TP='BD'><![CDATA[14/11/2014 -> SELECT * FROM tbl_rol_usr WHERE nb_rol_usr='Estudiante'; Fri Nov 14 17:15:38 VET 2014]]></LOG><LOG TP='BD'><![CDATA[14/11/2014 -> SELECT * FROM tbl_rol_usr WHERE nb_rol_usr='Maestro'; Fri Nov 14 17:15:38 VET 2014]]></LOG><LOG TP='BD'><![CDATA[14/11/2014 -> SELECT * FROM tbl_rol_usr WHERE nb_rol_usr='Administrador'; Fri Nov 14 17:15:38 VET 2014]]></LOG><LOG TP='BD'><![CDATA[14/11/2014 -> SELECT * FROM tbl_rol_usr WHERE nb_rol_usr='Estudiante'; Fri Nov 14 17:15:38 VET 2014]]></LOG><LOG TP='BD'><![CDATA[14/11/2014 -> SELECT * FROM tbl_rol_usr WHERE nb_rol_usr='Maestro'; Fri Nov 14 17:15:38 VET 2014]]></LOG><LOG TP='BD'><![CDATA[14/11/2014 -> SELECT * FROM tbl_estatus WHERE id_estatus='3'; Fri Nov 14 17:15:38 VET 2014]]></LOG><LOG TP='BD'><![CDATA[14/11/2014 -> SELECT * FROM tbl_estatus WHERE id_estatus='3'; Fri Nov 14 17:15:38 VET 2014]]></LOG><LOG TP='BD'><![CDATA[14/11/2014 -> SELECT * FROM tbl_estatus WHERE id_estatus='3'; Fri Nov 14 17:15:38 VET 2014]]></LOG><LOG TP='BD'><![CDATA[14/11/2014 -> SELECT * FROM tbl_rol_usr WHERE id_rol_usr=2; Fri Nov 14 17:15:38 VET 2014]]></LOG><LOG TP='BD'><![CDATA[14/11/2014 -> SELECT id_estado FROM tbl_estado WHERE nb_estado='Apure'; Fri Nov 14 17:15:38 VET 2014]]></LOG><LOG TP='BD'><![CDATA[14/11/2014 -> SELECT id_estado FROM tbl_estado WHERE nb_estado='Apure'; Fri Nov 14 17:15:38 VET 2014]]></LOG><LOG TP='BD'><![CDATA[14/11/2014 -> SELECT id_municipio FROM tbl_municipio WHERE nb_municipio='San Fernando'; Fri Nov 14 17:15:38 VET 2014]]></LOG><LOG TP='BD'><![CDATA[14/11/2014 -> SELECT id_municipio FROM tbl_municipio WHERE nb_municipio='San Fernando'; Fri Nov 14 17:15:38 VET 2014]]></LOG><LOG TP='BD'><![CDATA[14/11/2014 -> SELECT * FROM usuarios WHERE tx_login='ddgdg'; Fri Nov 14 17:15:38 VET 2014]]></LOG><LOG TP='BD'><![CDATA[14/11/2014 -> SELECT * FROM usuarios WHERE cedula='34545'; Fri Nov 14 17:15:38 VET 2014]]></LOG><LOG TP='BD'><![CDATA[14/11/2014 -> SELECT * FROM tbl_ciudad WHERE nb_ciudad ='San Fernando de Apure'; Fri Nov 14 17:15:38 VET 2014]]></LOG><LOG TP='BD'><![CDATA[14/11/2014 -> SELECT * FROM preguntas_secretas WHERE nb_pregunta_secreta='¿nombre del padre?'; Fri Nov 14 17:15:38 VET 2014]]></LOG><LOG TP='BD'><![CDATA[14/11/2014 -> SELECT * FROM usuarios WHERE tx_login='ddgdg'; Fri Nov 14 17:15:38 VET 2014]]></LOG><LOG TP='BD'><![CDATA[14/11/2014 -> SELECT * FROM usuarios WHERE cedula='34545'; Fri Nov 14 17:15:38 VET 2014]]></LOG><LOG TP='BD'><![CDATA[14/11/2014 -> SELECT * FROM tbl_ciudad WHERE nb_ciudad ='San Fernando de Apure'; Fri Nov 14 17:15:38 VET 2014]]></LOG><LOG TP='BD'><![CDATA[14/11/2014 -> SELECT * FROM preguntas_secretas WHERE nb_pregunta_secreta='¿nombre del padre?'; Fri Nov 14 17:15:38 VET 2014]]></LOG><LOG TP='BD'><![CDATA[14/11/2014 -> SELECT * FROM usuarios WHERE tx_login='ddgdg'; Fri Nov 14 17:15:38 VET 2014]]></LOG><LOG TP='BD'><![CDATA[14/11/2014 -> SELECT * FROM usuarios WHERE cedula='34545'; Fri Nov 14 17:15:38 VET 2014]]></LOG><LOG TP='BD'><![CDATA[14/11/2014 -> SELECT * FROM tbl_ciudad WHERE nb_ciudad ='San Fernando de Apure'; Fri Nov 14 17:15:38 VET 2014]]></LOG><LOG TP='BD'><![CDATA[14/11/2014 -> SELECT * FROM preguntas_secretas WHERE nb_pregunta_secreta='¿nombre del padre?'; Fri Nov 14 17:15:38 VET 2014]]></LOG><LOG TP='BD'><![CDATA[14/11/2014 -> SELECT * FROM usuarios WHERE tx_login='ddgdg'; Fri Nov 14 17:15:38 VET 2014]]></LOG><LOG TP='BD'><![CDATA[14/11/2014 -> SELECT * FROM usuarios WHERE cedula='34545'; Fri Nov 14 17:15:38 VET 2014]]></LOG><LOG TP='BD'><![CDATA[14/11/2014 -> SELECT * FROM tbl_ciudad WHERE nb_ciudad ='San Fernando de Apure'; Fri Nov 14 17:15:38 VET 2014]]></LOG><LOG TP='BD'><![CDATA[14/11/2014 -> SELECT * FROM preguntas_secretas WHERE nb_pregunta_secreta='¿nombre del padre?'; Fri Nov 14 17:15:38 VET 2014]]></LOG><LOG TP='BD'><![CDATA[14/11/2014 -> SELECT * FROM usuarios WHERE tx_login='ddgdg'; Fri Nov 14 17:15:38 VET 2014]]></LOG><LOG TP='BD'><![CDATA[14/11/2014 -> SELECT * FROM usuarios WHERE cedula='34545'; Fri Nov 14 17:15:38 VET 2014]]></LOG><LOG TP='BD'><![CDATA[14/11/2014 -> SELECT * FROM tbl_ciudad WHERE nb_ciudad ='San Fernando de Apure'; Fri Nov 14 17:15:38 VET 2014]]></LOG><LOG TP='BD'><![CDATA[14/11/2014 -> SELECT * FROM preguntas_secretas WHERE nb_pregunta_secreta='¿nombre del padre?'; Fri Nov 14 17:15:38 VET 2014]]></LOG><LOG TP='BD'><![CDATA[14/11/2014 -> SELECT * FROM usuarios WHERE tx_login='ddgdg'; Fri Nov 14 17:15:38 VET 2014]]></LOG><LOG TP='BD'><![CDATA[14/11/2014 -> SELECT * FROM usuarios WHERE cedula='34545'; Fri Nov 14 17:15:38 VET 2014]]></LOG><LOG TP='BD'><![CDATA[14/11/2014 -> SELECT * FROM tbl_ciudad WHERE nb_ciudad ='San Fernando de Apure'; Fri Nov 14 17:15:38 VET 2014]]></LOG><LOG TP='BD'><![CDATA[14/11/2014 -> SELECT * FROM preguntas_secretas WHERE nb_pregunta_secreta='¿nombre del padre?'; Fri Nov 14 17:15:38 VET 2014]]></LOG>