<?xml version="1.0" encoding="UTF-8"?>
<project-private xmlns="http://www.netbeans.org/ns/project-private/1">
    <editor-bookmarks xmlns="http://www.netbeans.org/ns/editor-bookmarks/2" lastBookmarkId="0"/>
    <open-files xmlns="http://www.netbeans.org/ns/projectui-open-files/2">
        <group>
            <file>file:/D:/gadeon-project/java/gedeon1-jose/src/gedeon1/editorVentanas.java</file>
            <file>file:/D:/gadeon-project/java/gedeon1-jose/src/gedeon1/scoreboard_decision.java</file>
            <file>file:/D:/gadeon-project/java/gedeon1-jose/src/base_dato/Archivos.java</file>
            <file>file:/D:/gadeon-project/java/gedeon1-jose/src/millonario/gedeonario_preguntas.java</file>
            <file>file:/D:/gadeon-project/java/gedeon1-jose/src/gedeon1/preguntas.java</file>
            <file>file:/D:/gadeon-project/java/gedeon1-jose/src/gedeon1/admin_usuario.java</file>
            <file>file:/D:/gadeon-project/java/gedeon1-jose/src/jugador/jugador.java</file>
            <file>file:/D:/gadeon-project/java/gedeon1-jose/src/base_dato/ManejadorSQL.java</file>
            <file>file:/D:/gadeon-project/java/gedeon1-jose/src/millonario/biblia_interactiva.java</file>
            <file>file:/D:/gadeon-project/java/gedeon1-jose/src/base_dato/validaciones.java</file>
            <file>file:/D:/gadeon-project/java/gedeon1-jose/src/gedeon1/menu_juego.java</file>
            <file>file:/D:/gadeon-project/java/gedeon1-jose/src/gedeon1/claveConfiguracion.java</file>
            <file>file:/D:/gadeon-project/java/gedeon1-jose/src/gedeon1/menu_principal.java</file>
            <file>file:/D:/gadeon-project/java/gedeon1-jose/src/ahorcado/etapa1.java</file>
            <file>file:/D:/gadeon-project/java/gedeon1-jose/src/gedeon1/Gedeon1.java</file>
            <file>file:/D:/gadeon-project/java/gedeon1-jose/src/gedeon1/recupera_clave.java</file>
            <file>file:/D:/gadeon-project/java/gedeon1-jose/src/ahorcado/inicioJuego.java</file>
            <file>file:/D:/gadeon-project/java/gedeon1-jose/src/gedeon1/inicio.java</file>
            <file>file:/D:/gadeon-project/java/gedeon1-jose/src/gedeon1/recuperarContrasena.java</file>
            <file>file:/D:/gadeon-project/java/gedeon1-jose/src/millonario/gedeonario.java</file>
            <file>file:/D:/gadeon-project/java/gedeon1-jose/src/gedeon1/MensajeEditor.java</file>
        </group>
    </open-files>
</project-private>
