<LOG TP='BD'><![CDATA[19/11/2014 -> SELECT * FROM usuarios WHERE tx_login='frejolano' and clave='fcea920f7412b5da7be0cf42b8c93759'; Wed Nov 19 02:06:00 VET 2014]]></LOG><LOG TP='BD'><![CDATA[19/11/2014 -> SELECT * FROM usuarios WHERE tx_login='frejolano' and clave='fcea920f7412b5da7be0cf42b8c93759'; Wed Nov 19 02:06:00 VET 2014]]></LOG><LOG TP='BD'><![CDATA[19/11/2014 -> SELECT * FROM usuarios WHERE tx_login='frejolano' and clave='fcea920f7412b5da7be0cf42b8c93759'; Wed Nov 19 02:06:00 VET 2014]]></LOG><LOG TP='BD'><![CDATA[19/11/2014 -> SELECT * FROM tbl_estatus WHERE id_estatus='1'; Wed Nov 19 02:06:00 VET 2014]]></LOG><LOG TP='BD'><![CDATA[19/11/2014 -> SELECT * FROM usuarios WHERE tx_login='frejolano' and clave='fcea920f7412b5da7be0cf42b8c93759'; Wed Nov 19 02:06:00 VET 2014]]></LOG><LOG TP='BD'><![CDATA[19/11/2014 -> SELECT * FROM tbl_rol_usr WHERE nb_rol_usr='Administrador'; Wed Nov 19 02:06:00 VET 2014]]></LOG><LOG TP='BD'><![CDATA[19/11/2014 -> SELECT * FROM tbl_rol_usr WHERE nb_rol_usr='Estudiante'; Wed Nov 19 02:06:00 VET 2014]]></LOG><LOG TP='BD'><![CDATA[19/11/2014 -> SELECT * FROM tbl_rol_usr WHERE nb_rol_usr='Maestro'; Wed Nov 19 02:06:00 VET 2014]]></LOG><LOG TP='BD'><![CDATA[19/11/2014 -> SELECT * FROM tbl_rol_usr WHERE nb_rol_usr='Administrador'; Wed Nov 19 02:06:00 VET 2014]]></LOG><LOG TP='BD'><![CDATA[19/11/2014 -> SELECT * FROM tbl_rol_usr WHERE nb_rol_usr='Estudiante'; Wed Nov 19 02:06:00 VET 2014]]></LOG><LOG TP='BD'><![CDATA[19/11/2014 -> SELECT * FROM tbl_rol_usr WHERE nb_rol_usr='Maestro'; Wed Nov 19 02:06:00 VET 2014]]></LOG><LOG TP='BD'><![CDATA[19/11/2014 -> SELECT * FROM tbl_estatus WHERE id_estatus='3'; Wed Nov 19 02:06:00 VET 2014]]></LOG><LOG TP='BD'><![CDATA[19/11/2014 -> SELECT * FROM tbl_estatus WHERE id_estatus='3'; Wed Nov 19 02:06:00 VET 2014]]></LOG><LOG TP='BD'><![CDATA[19/11/2014 -> SELECT * FROM tbl_estatus WHERE id_estatus='3'; Wed Nov 19 02:06:00 VET 2014]]></LOG><LOG TP='BD'><![CDATA[19/11/2014 -> SELECT * FROM tbl_rol_usr WHERE id_rol_usr=1; Wed Nov 19 02:06:00 VET 2014]]></LOG><LOG TP='BD'><![CDATA[19/11/2014 -> SELECT nombre FROM tbl_conf_clave WHERE activo='1' ; Wed Nov 19 02:06:00 VET 2014]]></LOG><LOG TP='BD'><![CDATA[19/11/2014 -> SELECT id_usuario FROM usuarios WHERE cedula = '11800120'; Wed Nov 19 02:06:39 VET 2014]]></LOG><LOG TP='BD'><![CDATA[19/11/2014 -> SELECT clave FROM usuarios WHERE id_usuario=1; Wed Nov 19 02:06:39 VET 2014]]></LOG><LOG TP='BD'><![CDATA[19/11/2014 -> SELECT long_min, long_max, cant_mayus, cant_minus FROM tbl_conf_clave WHERE activo = '1'; Wed Nov 19 02:06:39 VET 2014]]></LOG><LOG TP='BD'><![CDATA[19/11/2014 -> SELECT * FROM usuarios WHERE tx_login='frejolano' and clave='fcea920f7412b5da7be0cf42b8c93759'; Wed Nov 19 02:10:53 VET 2014]]></LOG><LOG TP='BD'><![CDATA[19/11/2014 -> SELECT * FROM usuarios WHERE tx_login='frejolano' and clave='fcea920f7412b5da7be0cf42b8c93759'; Wed Nov 19 02:10:53 VET 2014]]></LOG><LOG TP='BD'><![CDATA[19/11/2014 -> SELECT * FROM usuarios WHERE tx_login='frejolano' and clave='fcea920f7412b5da7be0cf42b8c93759'; Wed Nov 19 02:10:53 VET 2014]]></LOG><LOG TP='BD'><![CDATA[19/11/2014 -> SELECT * FROM tbl_estatus WHERE id_estatus='1'; Wed Nov 19 02:10:53 VET 2014]]></LOG><LOG TP='BD'><![CDATA[19/11/2014 -> SELECT * FROM usuarios WHERE tx_login='frejolano' and clave='fcea920f7412b5da7be0cf42b8c93759'; Wed Nov 19 02:10:53 VET 2014]]></LOG><LOG TP='BD'><![CDATA[19/11/2014 -> SELECT * FROM tbl_rol_usr WHERE nb_rol_usr='Administrador'; Wed Nov 19 02:10:53 VET 2014]]></LOG><LOG TP='BD'><![CDATA[19/11/2014 -> SELECT * FROM tbl_rol_usr WHERE nb_rol_usr='Estudiante'; Wed Nov 19 02:10:53 VET 2014]]></LOG><LOG TP='BD'><![CDATA[19/11/2014 -> SELECT * FROM tbl_rol_usr WHERE nb_rol_usr='Maestro'; Wed Nov 19 02:10:53 VET 2014]]></LOG><LOG TP='BD'><![CDATA[19/11/2014 -> SELECT * FROM tbl_rol_usr WHERE nb_rol_usr='Administrador'; Wed Nov 19 02:10:53 VET 2014]]></LOG><LOG TP='BD'><![CDATA[19/11/2014 -> SELECT * FROM tbl_rol_usr WHERE nb_rol_usr='Estudiante'; Wed Nov 19 02:10:53 VET 2014]]></LOG><LOG TP='BD'><![CDATA[19/11/2014 -> SELECT * FROM tbl_rol_usr WHERE nb_rol_usr='Maestro'; Wed Nov 19 02:10:53 VET 2014]]></LOG><LOG TP='BD'><![CDATA[19/11/2014 -> SELECT * FROM tbl_estatus WHERE id_estatus='3'; Wed Nov 19 02:10:53 VET 2014]]></LOG><LOG TP='BD'><![CDATA[19/11/2014 -> SELECT * FROM tbl_estatus WHERE id_estatus='3'; Wed Nov 19 02:10:53 VET 2014]]></LOG><LOG TP='BD'><![CDATA[19/11/2014 -> SELECT * FROM tbl_estatus WHERE id_estatus='3'; Wed Nov 19 02:10:53 VET 2014]]></LOG><LOG TP='BD'><![CDATA[19/11/2014 -> SELECT * FROM tbl_rol_usr WHERE id_rol_usr=1; Wed Nov 19 02:10:53 VET 2014]]></LOG><LOG TP='BD'><![CDATA[19/11/2014 -> SELECT nombre FROM tbl_conf_clave WHERE activo='1' ; Wed Nov 19 02:10:53 VET 2014]]></LOG><LOG TP='BD'><![CDATA[19/11/2014 -> INSERT INTO tbl_conf_clave(nombre, long_min, long_max,cant_minus,cant_mayus,intentos,cant_hist_clave) VALUES('final','4','8','2','2','5','3'); Wed Nov 19 02:10:53 VET 2014]]></LOG><LOG TP='BD'><![CDATA[19/11/2014 -> UPDATE tbl_conf_clave SET activo='0' WHERE 0=0; Wed Nov 19 02:10:53 VET 2014]]></LOG><LOG TP='BD'><![CDATA[19/11/2014 -> UPDATE tbl_conf_clave SET activo='1' WHERE nombre='final'; Wed Nov 19 02:10:53 VET 2014]]></LOG><LOG TP='BD'><![CDATA[19/11/2014 -> SELECT * FROM usuarios WHERE tx_login='frejolano' and clave='e10adc3949ba59abbe56e057f20f883e'; Wed Nov 19 02:12:41 VET 2014]]></LOG><LOG TP='BD'><![CDATA[19/11/2014 -> SELECT * FROM usuarios WHERE tx_login='frejolano' and clave='fcea920f7412b5da7be0cf42b8c93759'; Wed Nov 19 02:12:41 VET 2014]]></LOG><LOG TP='BD'><![CDATA[19/11/2014 -> SELECT * FROM usuarios WHERE tx_login='frejolano' and clave='fcea920f7412b5da7be0cf42b8c93759'; Wed Nov 19 02:12:41 VET 2014]]></LOG><LOG TP='BD'><![CDATA[19/11/2014 -> SELECT * FROM usuarios WHERE tx_login='frejolano' and clave='fcea920f7412b5da7be0cf42b8c93759'; Wed Nov 19 02:12:41 VET 2014]]></LOG><LOG TP='BD'><![CDATA[19/11/2014 -> SELECT * FROM tbl_estatus WHERE id_estatus='1'; Wed Nov 19 02:12:41 VET 2014]]></LOG><LOG TP='BD'><![CDATA[19/11/2014 -> SELECT * FROM usuarios WHERE tx_login='frejolano' and clave='fcea920f7412b5da7be0cf42b8c93759'; Wed Nov 19 02:12:41 VET 2014]]></LOG><LOG TP='BD'><![CDATA[19/11/2014 -> SELECT * FROM tbl_rol_usr WHERE nb_rol_usr='Administrador'; Wed Nov 19 02:12:41 VET 2014]]></LOG><LOG TP='BD'><![CDATA[19/11/2014 -> SELECT * FROM tbl_rol_usr WHERE nb_rol_usr='Estudiante'; Wed Nov 19 02:12:41 VET 2014]]></LOG><LOG TP='BD'><![CDATA[19/11/2014 -> SELECT * FROM tbl_rol_usr WHERE nb_rol_usr='Maestro'; Wed Nov 19 02:12:41 VET 2014]]></LOG><LOG TP='BD'><![CDATA[19/11/2014 -> SELECT * FROM tbl_rol_usr WHERE nb_rol_usr='Administrador'; Wed Nov 19 02:12:41 VET 2014]]></LOG><LOG TP='BD'><![CDATA[19/11/2014 -> SELECT * FROM tbl_rol_usr WHERE nb_rol_usr='Estudiante'; Wed Nov 19 02:12:41 VET 2014]]></LOG><LOG TP='BD'><![CDATA[19/11/2014 -> SELECT * FROM tbl_rol_usr WHERE nb_rol_usr='Maestro'; Wed Nov 19 02:12:41 VET 2014]]></LOG><LOG TP='BD'><![CDATA[19/11/2014 -> SELECT * FROM tbl_estatus WHERE id_estatus='3'; Wed Nov 19 02:12:41 VET 2014]]></LOG><LOG TP='BD'><![CDATA[19/11/2014 -> SELECT * FROM tbl_estatus WHERE id_estatus='3'; Wed Nov 19 02:12:41 VET 2014]]></LOG><LOG TP='BD'><![CDATA[19/11/2014 -> SELECT * FROM tbl_estatus WHERE id_estatus='3'; Wed Nov 19 02:12:41 VET 2014]]></LOG><LOG TP='BD'><![CDATA[19/11/2014 -> SELECT * FROM tbl_rol_usr WHERE id_rol_usr=1; Wed Nov 19 02:12:41 VET 2014]]></LOG><LOG TP='BD'><![CDATA[19/11/2014 -> SELECT id_usuario FROM usuarios WHERE cedula = '11800120'; Wed Nov 19 02:12:59 VET 2014]]></LOG><LOG TP='BD'><![CDATA[19/11/2014 -> SELECT clave FROM usuarios WHERE id_usuario=1; Wed Nov 19 02:12:59 VET 2014]]></LOG><LOG TP='BD'><![CDATA[19/11/2014 -> SELECT long_min, long_max, cant_mayus, cant_minus FROM tbl_conf_clave WHERE activo = '1'; Wed Nov 19 02:12:59 VET 2014]]></LOG><LOG TP='BD'><![CDATA[19/11/2014 -> SELECT long_min, long_max, cant_mayus, cant_minus FROM tbl_conf_clave WHERE activo = '1'; Wed Nov 19 02:12:59 VET 2014]]></LOG><LOG TP='BD'><![CDATA[19/11/2014 -> SELECT * FROM usuarios WHERE tx_login='frejolano' and clave='fcea920f7412b5da7be0cf42b8c93759'; Wed Nov 19 02:15:45 VET 2014]]></LOG><LOG TP='BD'><![CDATA[19/11/2014 -> SELECT * FROM usuarios WHERE tx_login='frejolano' and clave='fcea920f7412b5da7be0cf42b8c93759'; Wed Nov 19 02:15:45 VET 2014]]></LOG><LOG TP='BD'><![CDATA[19/11/2014 -> SELECT * FROM usuarios WHERE tx_login='frejolano' and clave='fcea920f7412b5da7be0cf42b8c93759'; Wed Nov 19 02:15:45 VET 2014]]></LOG><LOG TP='BD'><![CDATA[19/11/2014 -> SELECT * FROM tbl_estatus WHERE id_estatus='1'; Wed Nov 19 02:15:45 VET 2014]]></LOG><LOG TP='BD'><![CDATA[19/11/2014 -> SELECT * FROM usuarios WHERE tx_login='frejolano' and clave='fcea920f7412b5da7be0cf42b8c93759'; Wed Nov 19 02:15:45 VET 2014]]></LOG><LOG TP='BD'><![CDATA[19/11/2014 -> SELECT * FROM tbl_rol_usr WHERE nb_rol_usr='Administrador'; Wed Nov 19 02:15:45 VET 2014]]></LOG><LOG TP='BD'><![CDATA[19/11/2014 -> SELECT * FROM tbl_rol_usr WHERE nb_rol_usr='Estudiante'; Wed Nov 19 02:15:45 VET 2014]]></LOG><LOG TP='BD'><![CDATA[19/11/2014 -> SELECT * FROM tbl_rol_usr WHERE nb_rol_usr='Maestro'; Wed Nov 19 02:15:45 VET 2014]]></LOG><LOG TP='BD'><![CDATA[19/11/2014 -> SELECT * FROM tbl_rol_usr WHERE nb_rol_usr='Administrador'; Wed Nov 19 02:15:45 VET 2014]]></LOG><LOG TP='BD'><![CDATA[19/11/2014 -> SELECT * FROM tbl_rol_usr WHERE nb_rol_usr='Estudiante'; Wed Nov 19 02:15:45 VET 2014]]></LOG><LOG TP='BD'><![CDATA[19/11/2014 -> SELECT * FROM tbl_rol_usr WHERE nb_rol_usr='Maestro'; Wed Nov 19 02:15:45 VET 2014]]></LOG><LOG TP='BD'><![CDATA[19/11/2014 -> SELECT * FROM tbl_estatus WHERE id_estatus='3'; Wed Nov 19 02:15:45 VET 2014]]></LOG><LOG TP='BD'><![CDATA[19/11/2014 -> SELECT * FROM tbl_estatus WHERE id_estatus='3'; Wed Nov 19 02:15:45 VET 2014]]></LOG><LOG TP='BD'><![CDATA[19/11/2014 -> SELECT * FROM tbl_estatus WHERE id_estatus='3'; Wed Nov 19 02:15:45 VET 2014]]></LOG><LOG TP='BD'><![CDATA[19/11/2014 -> SELECT * FROM tbl_rol_usr WHERE id_rol_usr=1; Wed Nov 19 02:15:45 VET 2014]]></LOG><LOG TP='BD'><![CDATA[19/11/2014 -> SELECT id_usuario FROM usuarios WHERE cedula = '11800120'; Wed Nov 19 02:16:17 VET 2014]]></LOG><LOG TP='BD'><![CDATA[19/11/2014 -> SELECT clave FROM usuarios WHERE id_usuario=1; Wed Nov 19 02:16:17 VET 2014]]></LOG><LOG TP='BD'><![CDATA[19/11/2014 -> SELECT long_min, long_max, cant_mayus, cant_minus FROM tbl_conf_clave WHERE activo = '1'; Wed Nov 19 02:16:17 VET 2014]]></LOG><LOG TP='BD'><![CDATA[19/11/2014 -> SELECT long_min, long_max, cant_mayus, cant_minus FROM tbl_conf_clave WHERE activo = '1'; Wed Nov 19 02:16:17 VET 2014]]></LOG><LOG TP='BD'><![CDATA[19/11/2014 -> SELECT long_min, long_max, cant_mayus, cant_minus FROM tbl_conf_clave WHERE activo = '1'; Wed Nov 19 02:16:17 VET 2014]]></LOG><LOG TP='BD'><![CDATA[19/11/2014 -> SELECT id_usuario FROM usuarios WHERE cedula = '11800120'; Wed Nov 19 02:25:41 VET 2014]]></LOG><LOG TP='BD'><![CDATA[19/11/2014 -> SELECT clave FROM usuarios WHERE id_usuario=1; Wed Nov 19 02:25:41 VET 2014]]></LOG><LOG TP='BD'><![CDATA[19/11/2014 -> SELECT long_min, long_max, cant_mayus, cant_minus FROM tbl_conf_clave WHERE activo = '1'; Wed Nov 19 02:25:41 VET 2014]]></LOG><LOG TP='BD'><![CDATA[19/11/2014 -> SELECT id_usuario FROM usuarios WHERE cedula = '11180120'; Wed Nov 19 02:38:46 VET 2014]]></LOG><LOG TP='BD'><![CDATA[19/11/2014 -> SELECT id_usuario FROM usuarios WHERE cedula = '111800120'; Wed Nov 19 02:38:46 VET 2014]]></LOG><LOG TP='BD'><![CDATA[19/11/2014 -> SELECT id_usuario FROM usuarios WHERE cedula = '11800120'; Wed Nov 19 02:38:46 VET 2014]]></LOG><LOG TP='BD'><![CDATA[19/11/2014 -> SELECT clave FROM usuarios WHERE id_usuario=1; Wed Nov 19 02:38:46 VET 2014]]></LOG><LOG TP='BD'><![CDATA[19/11/2014 -> SELECT long_min, long_max, cant_mayus, cant_minus FROM tbl_conf_clave WHERE activo = '1'; Wed Nov 19 02:38:46 VET 2014]]></LOG><LOG TP='BD'><![CDATA[19/11/2014 -> SELECT id_usuario FROM usuarios WHERE cedula = '11800120'; Wed Nov 19 02:42:18 VET 2014]]></LOG><LOG TP='BD'><![CDATA[19/11/2014 -> SELECT clave FROM usuarios WHERE id_usuario=1; Wed Nov 19 02:42:18 VET 2014]]></LOG><LOG TP='BD'><![CDATA[19/11/2014 -> SELECT long_min, long_max, cant_mayus, cant_minus FROM tbl_conf_clave WHERE activo = '1'; Wed Nov 19 02:42:18 VET 2014]]></LOG><LOG TP='BD'><![CDATA[19/11/2014 -> SELECT long_min, long_max, cant_mayus, cant_minus FROM tbl_conf_clave WHERE activo = '1'; Wed Nov 19 02:42:18 VET 2014]]></LOG><LOG TP='BD'><![CDATA[19/11/2014 -> UPDATE usuarios SET clave='0acaa7f44429e4d05b7406e4968d7b04' WHERE id_usuario=1; Wed Nov 19 02:42:18 VET 2014]]></LOG><LOG TP='BD'><![CDATA[19/11/2014 -> SELECT * FROM usuarios WHERE tx_login='frejolano' and clave='0acaa7f44429e4d05b7406e4968d7b04'; Wed Nov 19 02:45:08 VET 2014]]></LOG><LOG TP='BD'><![CDATA[19/11/2014 -> SELECT * FROM usuarios WHERE tx_login='frejolano' and clave='0acaa7f44429e4d05b7406e4968d7b04'; Wed Nov 19 02:45:08 VET 2014]]></LOG><LOG TP='BD'><![CDATA[19/11/2014 -> SELECT * FROM usuarios WHERE tx_login='frejolano' and clave='0acaa7f44429e4d05b7406e4968d7b04'; Wed Nov 19 02:45:08 VET 2014]]></LOG><LOG TP='BD'><![CDATA[19/11/2014 -> SELECT * FROM tbl_estatus WHERE id_estatus='1'; Wed Nov 19 02:45:08 VET 2014]]></LOG><LOG TP='BD'><![CDATA[19/11/2014 -> SELECT * FROM usuarios WHERE tx_login='frejolano' and clave='0acaa7f44429e4d05b7406e4968d7b04'; Wed Nov 19 02:45:08 VET 2014]]></LOG><LOG TP='BD'><![CDATA[19/11/2014 -> SELECT * FROM tbl_rol_usr WHERE nb_rol_usr='Administrador'; Wed Nov 19 02:45:08 VET 2014]]></LOG><LOG TP='BD'><![CDATA[19/11/2014 -> SELECT * FROM tbl_rol_usr WHERE nb_rol_usr='Estudiante'; Wed Nov 19 02:45:08 VET 2014]]></LOG><LOG TP='BD'><![CDATA[19/11/2014 -> SELECT * FROM tbl_rol_usr WHERE nb_rol_usr='Maestro'; Wed Nov 19 02:45:08 VET 2014]]></LOG><LOG TP='BD'><![CDATA[19/11/2014 -> SELECT * FROM tbl_rol_usr WHERE nb_rol_usr='Administrador'; Wed Nov 19 02:45:08 VET 2014]]></LOG><LOG TP='BD'><![CDATA[19/11/2014 -> SELECT * FROM tbl_rol_usr WHERE nb_rol_usr='Estudiante'; Wed Nov 19 02:45:08 VET 2014]]></LOG><LOG TP='BD'><![CDATA[19/11/2014 -> SELECT * FROM tbl_rol_usr WHERE nb_rol_usr='Maestro'; Wed Nov 19 02:45:08 VET 2014]]></LOG><LOG TP='BD'><![CDATA[19/11/2014 -> SELECT * FROM tbl_estatus WHERE id_estatus='3'; Wed Nov 19 02:45:08 VET 2014]]></LOG><LOG TP='BD'><![CDATA[19/11/2014 -> SELECT * FROM tbl_estatus WHERE id_estatus='3'; Wed Nov 19 02:45:08 VET 2014]]></LOG><LOG TP='BD'><![CDATA[19/11/2014 -> SELECT * FROM tbl_estatus WHERE id_estatus='3'; Wed Nov 19 02:45:08 VET 2014]]></LOG><LOG TP='BD'><![CDATA[19/11/2014 -> SELECT * FROM tbl_rol_usr WHERE id_rol_usr=1; Wed Nov 19 02:45:08 VET 2014]]></LOG><LOG TP='BD'><![CDATA[19/11/2014 -> SELECT * FROM tbl_estatus WHERE nb_estatus='activo'and tx_estatus='tbl_rol_usr'; Wed Nov 19 02:45:08 VET 2014]]></LOG><LOG TP='BD'><![CDATA[19/11/2014 -> SELECT * FROM usuarios WHERE cedula='43'; Wed Nov 19 02:45:08 VET 2014]]></LOG><LOG TP='BD'><![CDATA[19/11/2014 -> SELECT id_grado FROM tbl_grado WHERE nb_grado='2'; Wed Nov 19 02:45:08 VET 2014]]></LOG><LOG TP='BD'><![CDATA[19/11/2014 -> SELECT id_grado FROM tbl_grado WHERE nb_grado='2'; Wed Nov 19 02:45:08 VET 2014]]></LOG><LOG TP='BD'><![CDATA[19/11/2014 -> SELECT tx_login FROM usuarios WHERE tx_login='jugador1'; Wed Nov 19 02:45:08 VET 2014]]></LOG><LOG TP='BD'><![CDATA[19/11/2014 -> SELECT long_min, long_max, cant_mayus, cant_minus FROM tbl_conf_clave WHERE activo = '1'; Wed Nov 19 02:45:08 VET 2014]]></LOG><LOG TP='BD'><![CDATA[19/11/2014 -> SELECT * FROM tbl_rol_usr WHERE nb_rol_usr='Estudiante'; Wed Nov 19 02:45:08 VET 2014]]></LOG><LOG TP='BD'><![CDATA[19/11/2014 -> SELECT * FROM tbl_estatus WHERE nb_estatus='activo' and tx_estatus='usuarios'; Wed Nov 19 02:45:08 VET 2014]]></LOG><LOG TP='BD'><![CDATA[19/11/2014 -> SELECT * FROM tbl_seccion WHERE nb_seccion='D'; Wed Nov 19 02:45:08 VET 2014]]></LOG><LOG TP='BD'><![CDATA[19/11/2014 -> INSERT INTO usuarios(clave,tx_login,id_rol_usr,id_estatus,id_seccion) VALUES('12345','jugador1','3','1',4); Wed Nov 19 02:45:08 VET 2014]]></LOG><LOG TP='BD'><![CDATA[19/11/2014 -> SELECT id_grado FROM tbl_grado WHERE nb_grado='Seleccione un Grado Escolar'; Wed Nov 19 02:45:08 VET 2014]]></LOG><LOG TP='BD'><![CDATA[19/11/2014 -> SELECT * FROM usuarios WHERE tx_login='jugador1' and clave='0acaa7f44429e4d05b7406e4968d7b04'; Wed Nov 19 02:46:45 VET 2014]]></LOG><LOG TP='BD'><![CDATA[19/11/2014 -> SELECT * FROM usuarios WHERE tx_login='jugador1' and clave='827ccb0eea8a706c4c34a16891f84e7b'; Wed Nov 19 02:46:45 VET 2014]]></LOG><LOG TP='BD'><![CDATA[19/11/2014 -> SELECT * FROM usuarios WHERE tx_login='jugador1' and clave='827ccb0eea8a706c4c34a16891f84e7b'; Wed Nov 19 02:46:45 VET 2014]]></LOG><LOG TP='BD'><![CDATA[19/11/2014 -> SELECT * FROM usuarios WHERE tx_login='jugador1' and clave='827ccb0eea8a706c4c34a16891f84e7b'; Wed Nov 19 02:46:45 VET 2014]]></LOG><LOG TP='BD'><![CDATA[19/11/2014 -> SELECT * FROM usuarios WHERE tx_login='jugador1' and clave='827ccb0eea8a706c4c34a16891f84e7b'; Wed Nov 19 02:46:45 VET 2014]]></LOG><LOG TP='BD'><![CDATA[19/11/2014 -> SELECT * FROM usuarios WHERE tx_login='jugador1' and clave='827ccb0eea8a706c4c34a16891f84e7b'; Wed Nov 19 02:46:45 VET 2014]]></LOG><LOG TP='BD'><![CDATA[19/11/2014 -> SELECT * FROM usuarios WHERE tx_login='jugador1' and clave='827ccb0eea8a706c4c34a16891f84e7b'; Wed Nov 19 02:46:45 VET 2014]]></LOG><LOG TP='BD'><![CDATA[19/11/2014 -> SELECT * FROM usuarios WHERE tx_login='jugador1' and clave='827ccb0eea8a706c4c34a16891f84e7b'; Wed Nov 19 02:46:45 VET 2014]]></LOG><LOG TP='BD'><![CDATA[19/11/2014 -> SELECT * FROM usuarios WHERE tx_login='jugador1' and clave='827ccb0eea8a706c4c34a16891f84e7b'; Wed Nov 19 02:46:45 VET 2014]]></LOG><LOG TP='BD'><![CDATA[19/11/2014 -> SELECT * FROM usuarios WHERE tx_login='jugador1' and clave='827ccb0eea8a706c4c34a16891f84e7b'; Wed Nov 19 02:50:15 VET 2014]]></LOG><LOG TP='BD'><![CDATA[19/11/2014 -> SELECT * FROM usuarios WHERE tx_login='jugador1' and clave='827ccb0eea8a706c4c34a16891f84e7b'; Wed Nov 19 02:50:15 VET 2014]]></LOG><LOG TP='BD'><![CDATA[19/11/2014 -> SELECT * FROM usuarios WHERE tx_login='jugador1' and clave='827ccb0eea8a706c4c34a16891f84e7b'; Wed Nov 19 02:50:15 VET 2014]]></LOG><LOG TP='BD'><![CDATA[19/11/2014 -> SELECT * FROM usuarios WHERE tx_login='jugador1' and clave='827ccb0eea8a706c4c34a16891f84e7b'; Wed Nov 19 02:50:15 VET 2014]]></LOG><LOG TP='BD'><![CDATA[19/11/2014 -> SELECT * FROM usuarios WHERE tx_login='jugador1' and clave='827ccb0eea8a706c4c34a16891f84e7b'; Wed Nov 19 02:50:15 VET 2014]]></LOG><LOG TP='BD'><![CDATA[19/11/2014 -> SELECT * FROM usuarios WHERE tx_login='jugador1' and clave='827ccb0eea8a706c4c34a16891f84e7b'; Wed Nov 19 02:50:15 VET 2014]]></LOG><LOG TP='BD'><![CDATA[19/11/2014 -> SELECT * FROM usuarios WHERE tx_login='jugador1' and clave='827ccb0eea8a706c4c34a16891f84e7b'; Wed Nov 19 02:53:02 VET 2014]]></LOG><LOG TP='BD'><![CDATA[19/11/2014 -> SELECT * FROM usuarios WHERE tx_login='jugador1' and clave='827ccb0eea8a706c4c34a16891f84e7b'; Wed Nov 19 02:53:02 VET 2014]]></LOG><LOG TP='BD'><![CDATA[19/11/2014 -> SELECT * FROM usuarios WHERE tx_login='jugador1' and clave='827ccb0eea8a706c4c34a16891f84e7b'; Wed Nov 19 02:53:02 VET 2014]]></LOG><LOG TP='BD'><![CDATA[19/11/2014 -> SELECT * FROM usuarios WHERE tx_login='jugador1' and clave='827ccb0eea8a706c4c34a16891f84e7b'; Wed Nov 19 02:53:02 VET 2014]]></LOG><LOG TP='BD'><![CDATA[19/11/2014 -> SELECT * FROM usuarios WHERE tx_login='frejolano' and clave='827ccb0eea8a706c4c34a16891f84e7b'; Wed Nov 19 02:58:33 VET 2014]]></LOG><LOG TP='BD'><![CDATA[19/11/2014 -> SELECT * FROM usuarios WHERE tx_login='frejolano' and clave='0acaa7f44429e4d05b7406e4968d7b04'; Wed Nov 19 02:58:33 VET 2014]]></LOG><LOG TP='BD'><![CDATA[19/11/2014 -> SELECT * FROM usuarios WHERE tx_login='frejolano' and clave='0acaa7f44429e4d05b7406e4968d7b04'; Wed Nov 19 02:58:33 VET 2014]]></LOG><LOG TP='BD'><![CDATA[19/11/2014 -> SELECT * FROM usuarios WHERE tx_login='frejolano' and clave='0acaa7f44429e4d05b7406e4968d7b04'; Wed Nov 19 02:58:33 VET 2014]]></LOG><LOG TP='BD'><![CDATA[19/11/2014 -> SELECT * FROM tbl_estatus WHERE id_estatus='1'; Wed Nov 19 02:58:33 VET 2014]]></LOG><LOG TP='BD'><![CDATA[19/11/2014 -> SELECT * FROM usuarios WHERE tx_login='frejolano' and clave='0acaa7f44429e4d05b7406e4968d7b04'; Wed Nov 19 02:58:33 VET 2014]]></LOG><LOG TP='BD'><![CDATA[19/11/2014 -> SELECT * FROM tbl_rol_usr WHERE nb_rol_usr='Administrador'; Wed Nov 19 02:58:33 VET 2014]]></LOG><LOG TP='BD'><![CDATA[19/11/2014 -> SELECT * FROM tbl_rol_usr WHERE nb_rol_usr='Estudiante'; Wed Nov 19 02:58:33 VET 2014]]></LOG><LOG TP='BD'><![CDATA[19/11/2014 -> SELECT * FROM tbl_rol_usr WHERE nb_rol_usr='Maestro'; Wed Nov 19 02:58:33 VET 2014]]></LOG><LOG TP='BD'><![CDATA[19/11/2014 -> SELECT * FROM tbl_rol_usr WHERE nb_rol_usr='Administrador'; Wed Nov 19 02:58:33 VET 2014]]></LOG><LOG TP='BD'><![CDATA[19/11/2014 -> SELECT * FROM tbl_rol_usr WHERE nb_rol_usr='Estudiante'; Wed Nov 19 02:58:33 VET 2014]]></LOG><LOG TP='BD'><![CDATA[19/11/2014 -> SELECT * FROM tbl_rol_usr WHERE nb_rol_usr='Maestro'; Wed Nov 19 02:58:33 VET 2014]]></LOG><LOG TP='BD'><![CDATA[19/11/2014 -> SELECT * FROM tbl_estatus WHERE id_estatus='3'; Wed Nov 19 02:58:33 VET 2014]]></LOG><LOG TP='BD'><![CDATA[19/11/2014 -> SELECT * FROM tbl_estatus WHERE id_estatus='3'; Wed Nov 19 02:58:33 VET 2014]]></LOG><LOG TP='BD'><![CDATA[19/11/2014 -> SELECT * FROM tbl_estatus WHERE id_estatus='3'; Wed Nov 19 02:58:33 VET 2014]]></LOG><LOG TP='BD'><![CDATA[19/11/2014 -> SELECT * FROM tbl_rol_usr WHERE id_rol_usr=1; Wed Nov 19 02:58:33 VET 2014]]></LOG><LOG TP='BD'><![CDATA[19/11/2014 -> SELECT * FROM tbl_estatus WHERE nb_estatus='activo'and tx_estatus='tbl_rol_usr'; Wed Nov 19 02:58:33 VET 2014]]></LOG><LOG TP='BD'><![CDATA[19/11/2014 -> SELECT * FROM usuarios WHERE cedula='123'; Wed Nov 19 02:58:33 VET 2014]]></LOG><LOG TP='BD'><![CDATA[19/11/2014 -> SELECT id_grado FROM tbl_grado WHERE nb_grado='2'; Wed Nov 19 02:58:33 VET 2014]]></LOG><LOG TP='BD'><![CDATA[19/11/2014 -> SELECT id_grado FROM tbl_grado WHERE nb_grado='2'; Wed Nov 19 02:58:33 VET 2014]]></LOG><LOG TP='BD'><![CDATA[19/11/2014 -> SELECT tx_login FROM usuarios WHERE tx_login='jugador2'; Wed Nov 19 02:58:33 VET 2014]]></LOG><LOG TP='BD'><![CDATA[19/11/2014 -> SELECT long_min, long_max, cant_mayus, cant_minus FROM tbl_conf_clave WHERE activo = '1'; Wed Nov 19 02:58:33 VET 2014]]></LOG><LOG TP='BD'><![CDATA[19/11/2014 -> SELECT * FROM tbl_rol_usr WHERE nb_rol_usr='Estudiante'; Wed Nov 19 02:58:33 VET 2014]]></LOG><LOG TP='BD'><![CDATA[19/11/2014 -> SELECT * FROM tbl_estatus WHERE nb_estatus='activo' and tx_estatus='usuarios'; Wed Nov 19 02:58:33 VET 2014]]></LOG><LOG TP='BD'><![CDATA[19/11/2014 -> SELECT * FROM tbl_seccion WHERE nb_seccion='C'; Wed Nov 19 02:58:33 VET 2014]]></LOG><LOG TP='BD'><![CDATA[19/11/2014 -> INSERT INTO usuarios(clave,tx_login,id_rol_usr,id_estatus,id_seccion) VALUES('12345','jugador2','3','1',3); Wed Nov 19 02:58:33 VET 2014]]></LOG><LOG TP='BD'><![CDATA[19/11/2014 -> SELECT id_grado FROM tbl_grado WHERE nb_grado='Seleccione un Grado Escolar'; Wed Nov 19 02:58:33 VET 2014]]></LOG><LOG TP='BD'><![CDATA[19/11/2014 -> SELECT * FROM usuarios WHERE tx_login='frejolano' and clave='0acaa7f44429e4d05b7406e4968d7b04'; Wed Nov 19 02:59:59 VET 2014]]></LOG><LOG TP='BD'><![CDATA[19/11/2014 -> SELECT * FROM usuarios WHERE tx_login='frejolano' and clave='0acaa7f44429e4d05b7406e4968d7b04'; Wed Nov 19 02:59:59 VET 2014]]></LOG><LOG TP='BD'><![CDATA[19/11/2014 -> SELECT * FROM usuarios WHERE tx_login='frejolano' and clave='0acaa7f44429e4d05b7406e4968d7b04'; Wed Nov 19 02:59:59 VET 2014]]></LOG><LOG TP='BD'><![CDATA[19/11/2014 -> SELECT * FROM tbl_estatus WHERE id_estatus='1'; Wed Nov 19 02:59:59 VET 2014]]></LOG><LOG TP='BD'><![CDATA[19/11/2014 -> SELECT * FROM usuarios WHERE tx_login='frejolano' and clave='0acaa7f44429e4d05b7406e4968d7b04'; Wed Nov 19 02:59:59 VET 2014]]></LOG><LOG TP='BD'><![CDATA[19/11/2014 -> SELECT * FROM tbl_rol_usr WHERE nb_rol_usr='Administrador'; Wed Nov 19 02:59:59 VET 2014]]></LOG><LOG TP='BD'><![CDATA[19/11/2014 -> SELECT * FROM tbl_rol_usr WHERE nb_rol_usr='Estudiante'; Wed Nov 19 02:59:59 VET 2014]]></LOG><LOG TP='BD'><![CDATA[19/11/2014 -> SELECT * FROM tbl_rol_usr WHERE nb_rol_usr='Maestro'; Wed Nov 19 02:59:59 VET 2014]]></LOG><LOG TP='BD'><![CDATA[19/11/2014 -> SELECT * FROM tbl_rol_usr WHERE nb_rol_usr='Administrador'; Wed Nov 19 02:59:59 VET 2014]]></LOG><LOG TP='BD'><![CDATA[19/11/2014 -> SELECT * FROM tbl_rol_usr WHERE nb_rol_usr='Estudiante'; Wed Nov 19 02:59:59 VET 2014]]></LOG><LOG TP='BD'><![CDATA[19/11/2014 -> SELECT * FROM tbl_rol_usr WHERE nb_rol_usr='Maestro'; Wed Nov 19 02:59:59 VET 2014]]></LOG><LOG TP='BD'><![CDATA[19/11/2014 -> SELECT * FROM tbl_estatus WHERE id_estatus='3'; Wed Nov 19 02:59:59 VET 2014]]></LOG><LOG TP='BD'><![CDATA[19/11/2014 -> SELECT * FROM tbl_estatus WHERE id_estatus='3'; Wed Nov 19 02:59:59 VET 2014]]></LOG><LOG TP='BD'><![CDATA[19/11/2014 -> SELECT * FROM tbl_estatus WHERE id_estatus='3'; Wed Nov 19 02:59:59 VET 2014]]></LOG><LOG TP='BD'><![CDATA[19/11/2014 -> SELECT * FROM tbl_rol_usr WHERE id_rol_usr=1; Wed Nov 19 02:59:59 VET 2014]]></LOG><LOG TP='BD'><![CDATA[19/11/2014 -> SELECT * FROM tbl_estatus WHERE nb_estatus='activo'and tx_estatus='tbl_rol_usr'; Wed Nov 19 02:59:59 VET 2014]]></LOG><LOG TP='BD'><![CDATA[19/11/2014 -> SELECT * FROM usuarios WHERE tx_login='jugador2' and clave='827ccb0eea8a706c4c34a16891f84e7b'; Wed Nov 19 03:00:46 VET 2014]]></LOG><LOG TP='BD'><![CDATA[19/11/2014 -> SELECT * FROM usuarios WHERE tx_login='jugador2' and clave='827ccb0eea8a706c4c34a16891f84e7b'; Wed Nov 19 03:00:46 VET 2014]]></LOG><LOG TP='BD'><![CDATA[19/11/2014 -> SELECT * FROM usuarios WHERE tx_login='jugador2' and clave='827ccb0eea8a706c4c34a16891f84e7b'; Wed Nov 19 03:00:46 VET 2014]]></LOG><LOG TP='BD'><![CDATA[19/11/2014 -> SELECT * FROM usuarios WHERE tx_login='jugador2' and clave='827ccb0eea8a706c4c34a16891f84e7b'; Wed Nov 19 03:00:46 VET 2014]]></LOG><LOG TP='BD'><![CDATA[19/11/2014 -> SELECT * FROM usuarios WHERE tx_login='frejolano' and clave='0acaa7f44429e4d05b7406e4968d7b04'; Wed Nov 19 03:07:13 VET 2014]]></LOG><LOG TP='BD'><![CDATA[19/11/2014 -> SELECT * FROM usuarios WHERE tx_login='frejolano' and clave='0acaa7f44429e4d05b7406e4968d7b04'; Wed Nov 19 03:07:13 VET 2014]]></LOG><LOG TP='BD'><![CDATA[19/11/2014 -> SELECT * FROM usuarios WHERE tx_login='frejolano' and clave='0acaa7f44429e4d05b7406e4968d7b04'; Wed Nov 19 03:07:13 VET 2014]]></LOG><LOG TP='BD'><![CDATA[19/11/2014 -> SELECT * FROM tbl_estatus WHERE id_estatus='1'; Wed Nov 19 03:07:13 VET 2014]]></LOG><LOG TP='BD'><![CDATA[19/11/2014 -> SELECT * FROM usuarios WHERE tx_login='frejolano' and clave='0acaa7f44429e4d05b7406e4968d7b04'; Wed Nov 19 03:07:13 VET 2014]]></LOG><LOG TP='BD'><![CDATA[19/11/2014 -> SELECT * FROM tbl_rol_usr WHERE nb_rol_usr='Administrador'; Wed Nov 19 03:07:13 VET 2014]]></LOG><LOG TP='BD'><![CDATA[19/11/2014 -> SELECT * FROM tbl_rol_usr WHERE nb_rol_usr='Estudiante'; Wed Nov 19 03:07:13 VET 2014]]></LOG><LOG TP='BD'><![CDATA[19/11/2014 -> SELECT * FROM tbl_rol_usr WHERE nb_rol_usr='Maestro'; Wed Nov 19 03:07:13 VET 2014]]></LOG><LOG TP='BD'><![CDATA[19/11/2014 -> SELECT * FROM tbl_rol_usr WHERE nb_rol_usr='Administrador'; Wed Nov 19 03:07:13 VET 2014]]></LOG><LOG TP='BD'><![CDATA[19/11/2014 -> SELECT * FROM tbl_rol_usr WHERE nb_rol_usr='Estudiante'; Wed Nov 19 03:07:13 VET 2014]]></LOG><LOG TP='BD'><![CDATA[19/11/2014 -> SELECT * FROM tbl_rol_usr WHERE nb_rol_usr='Maestro'; Wed Nov 19 03:07:13 VET 2014]]></LOG><LOG TP='BD'><![CDATA[19/11/2014 -> SELECT * FROM tbl_estatus WHERE id_estatus='3'; Wed Nov 19 03:07:13 VET 2014]]></LOG><LOG TP='BD'><![CDATA[19/11/2014 -> SELECT * FROM tbl_estatus WHERE id_estatus='3'; Wed Nov 19 03:07:13 VET 2014]]></LOG><LOG TP='BD'><![CDATA[19/11/2014 -> SELECT * FROM tbl_estatus WHERE id_estatus='3'; Wed Nov 19 03:07:13 VET 2014]]></LOG><LOG TP='BD'><![CDATA[19/11/2014 -> SELECT * FROM tbl_rol_usr WHERE id_rol_usr=1; Wed Nov 19 03:07:13 VET 2014]]></LOG><LOG TP='BD'><![CDATA[19/11/2014 -> SELECT * FROM tbl_estatus WHERE nb_estatus='activo'and tx_estatus='tbl_rol_usr'; Wed Nov 19 03:07:13 VET 2014]]></LOG><LOG TP='BD'><![CDATA[19/11/2014 -> SELECT * FROM usuarios WHERE cedula='34'; Wed Nov 19 03:07:13 VET 2014]]></LOG><LOG TP='BD'><![CDATA[19/11/2014 -> SELECT tx_login FROM usuarios WHERE tx_login='jugador3'; Wed Nov 19 03:07:13 VET 2014]]></LOG><LOG TP='BD'><![CDATA[19/11/2014 -> SELECT id_grado FROM tbl_grado WHERE nb_grado='2'; Wed Nov 19 03:07:13 VET 2014]]></LOG><LOG TP='BD'><![CDATA[19/11/2014 -> SELECT id_grado FROM tbl_grado WHERE nb_grado='2'; Wed Nov 19 03:07:13 VET 2014]]></LOG><LOG TP='BD'><![CDATA[19/11/2014 -> SELECT long_min, long_max, cant_mayus, cant_minus FROM tbl_conf_clave WHERE activo = '1'; Wed Nov 19 03:07:13 VET 2014]]></LOG><LOG TP='BD'><![CDATA[19/11/2014 -> SELECT * FROM tbl_rol_usr WHERE nb_rol_usr='Estudiante'; Wed Nov 19 03:07:13 VET 2014]]></LOG><LOG TP='BD'><![CDATA[19/11/2014 -> SELECT * FROM tbl_estatus WHERE nb_estatus='activo' and tx_estatus='usuarios'; Wed Nov 19 03:07:13 VET 2014]]></LOG><LOG TP='BD'><![CDATA[19/11/2014 -> SELECT * FROM tbl_seccion WHERE nb_seccion='E'; Wed Nov 19 03:07:13 VET 2014]]></LOG><LOG TP='BD'><![CDATA[19/11/2014 -> INSERT INTO usuarios(clave,tx_login,id_rol_usr,id_estatus,id_seccion) VALUES('827ccb0eea8a706c4c34a16891f84e7b','jugador3','3','1',5); Wed Nov 19 03:07:13 VET 2014]]></LOG><LOG TP='BD'><![CDATA[19/11/2014 -> SELECT id_grado FROM tbl_grado WHERE nb_grado='Seleccione un Grado Escolar'; Wed Nov 19 03:07:13 VET 2014]]></LOG><LOG TP='BD'><![CDATA[19/11/2014 -> SELECT * FROM usuarios WHERE tx_login='jugador3' and clave='0acaa7f44429e4d05b7406e4968d7b04'; Wed Nov 19 03:08:37 VET 2014]]></LOG><LOG TP='BD'><![CDATA[19/11/2014 -> SELECT * FROM usuarios WHERE tx_login='jugador3' and clave='827ccb0eea8a706c4c34a16891f84e7b'; Wed Nov 19 03:08:37 VET 2014]]></LOG><LOG TP='BD'><![CDATA[19/11/2014 -> SELECT * FROM usuarios WHERE tx_login='jugador3' and clave='827ccb0eea8a706c4c34a16891f84e7b'; Wed Nov 19 03:08:37 VET 2014]]></LOG><LOG TP='BD'><![CDATA[19/11/2014 -> SELECT * FROM usuarios WHERE tx_login='jugador3' and clave='827ccb0eea8a706c4c34a16891f84e7b'; Wed Nov 19 03:08:37 VET 2014]]></LOG><LOG TP='BD'><![CDATA[19/11/2014 -> SELECT * FROM tbl_estatus WHERE id_estatus='1'; Wed Nov 19 03:08:37 VET 2014]]></LOG><LOG TP='BD'><![CDATA[19/11/2014 -> SELECT * FROM usuarios WHERE tx_login='jugador3' and clave='827ccb0eea8a706c4c34a16891f84e7b'; Wed Nov 19 03:08:37 VET 2014]]></LOG><LOG TP='BD'><![CDATA[19/11/2014 -> SELECT * FROM tbl_rol_usr WHERE nb_rol_usr='Administrador'; Wed Nov 19 03:08:37 VET 2014]]></LOG><LOG TP='BD'><![CDATA[19/11/2014 -> SELECT * FROM tbl_rol_usr WHERE nb_rol_usr='Estudiante'; Wed Nov 19 03:08:37 VET 2014]]></LOG><LOG TP='BD'><![CDATA[19/11/2014 -> SELECT * FROM tbl_rol_usr WHERE nb_rol_usr='Maestro'; Wed Nov 19 03:08:37 VET 2014]]></LOG><LOG TP='BD'><![CDATA[19/11/2014 -> SELECT * FROM tbl_rol_usr WHERE nb_rol_usr='Administrador'; Wed Nov 19 03:08:37 VET 2014]]></LOG><LOG TP='BD'><![CDATA[19/11/2014 -> SELECT * FROM tbl_rol_usr WHERE nb_rol_usr='Estudiante'; Wed Nov 19 03:08:37 VET 2014]]></LOG><LOG TP='BD'><![CDATA[19/11/2014 -> SELECT * FROM tbl_rol_usr WHERE nb_rol_usr='Maestro'; Wed Nov 19 03:08:37 VET 2014]]></LOG><LOG TP='BD'><![CDATA[19/11/2014 -> SELECT * FROM tbl_estatus WHERE id_estatus='3'; Wed Nov 19 03:08:37 VET 2014]]></LOG><LOG TP='BD'><![CDATA[19/11/2014 -> SELECT * FROM tbl_estatus WHERE id_estatus='3'; Wed Nov 19 03:08:37 VET 2014]]></LOG><LOG TP='BD'><![CDATA[19/11/2014 -> SELECT * FROM tbl_estatus WHERE id_estatus='3'; Wed Nov 19 03:08:37 VET 2014]]></LOG><LOG TP='BD'><![CDATA[19/11/2014 -> SELECT * FROM tbl_rol_usr WHERE id_rol_usr=3; Wed Nov 19 03:08:37 VET 2014]]></LOG><LOG TP='BD'><![CDATA[19/11/2014 -> SELECT * FROM usuarios WHERE tx_login='frejolano' and clave='827ccb0eea8a706c4c34a16891f84e7b'; Wed Nov 19 03:10:53 VET 2014]]></LOG><LOG TP='BD'><![CDATA[19/11/2014 -> SELECT * FROM usuarios WHERE tx_login='frejolano' and clave='827ccb0eea8a706c4c34a16891f84e7b'; Wed Nov 19 03:10:53 VET 2014]]></LOG><LOG TP='BD'><![CDATA[19/11/2014 -> SELECT * FROM usuarios WHERE tx_login='frejolano' and clave='0acaa7f44429e4d05b7406e4968d7b04'; Wed Nov 19 03:10:53 VET 2014]]></LOG><LOG TP='BD'><![CDATA[19/11/2014 -> SELECT * FROM usuarios WHERE tx_login='frejolano' and clave='0acaa7f44429e4d05b7406e4968d7b04'; Wed Nov 19 03:10:53 VET 2014]]></LOG><LOG TP='BD'><![CDATA[19/11/2014 -> SELECT * FROM usuarios WHERE tx_login='frejolano' and clave='0acaa7f44429e4d05b7406e4968d7b04'; Wed Nov 19 03:10:53 VET 2014]]></LOG><LOG TP='BD'><![CDATA[19/11/2014 -> SELECT * FROM tbl_estatus WHERE id_estatus='1'; Wed Nov 19 03:10:53 VET 2014]]></LOG><LOG TP='BD'><![CDATA[19/11/2014 -> SELECT * FROM usuarios WHERE tx_login='frejolano' and clave='0acaa7f44429e4d05b7406e4968d7b04'; Wed Nov 19 03:10:53 VET 2014]]></LOG><LOG TP='BD'><![CDATA[19/11/2014 -> SELECT * FROM tbl_rol_usr WHERE nb_rol_usr='Administrador'; Wed Nov 19 03:10:53 VET 2014]]></LOG><LOG TP='BD'><![CDATA[19/11/2014 -> SELECT * FROM tbl_rol_usr WHERE nb_rol_usr='Estudiante'; Wed Nov 19 03:10:53 VET 2014]]></LOG><LOG TP='BD'><![CDATA[19/11/2014 -> SELECT * FROM tbl_rol_usr WHERE nb_rol_usr='Maestro'; Wed Nov 19 03:10:53 VET 2014]]></LOG><LOG TP='BD'><![CDATA[19/11/2014 -> SELECT * FROM tbl_rol_usr WHERE nb_rol_usr='Administrador'; Wed Nov 19 03:10:53 VET 2014]]></LOG><LOG TP='BD'><![CDATA[19/11/2014 -> SELECT * FROM tbl_rol_usr WHERE nb_rol_usr='Estudiante'; Wed Nov 19 03:10:53 VET 2014]]></LOG><LOG TP='BD'><![CDATA[19/11/2014 -> SELECT * FROM tbl_rol_usr WHERE nb_rol_usr='Maestro'; Wed Nov 19 03:10:53 VET 2014]]></LOG><LOG TP='BD'><![CDATA[19/11/2014 -> SELECT * FROM tbl_estatus WHERE id_estatus='3'; Wed Nov 19 03:10:53 VET 2014]]></LOG><LOG TP='BD'><![CDATA[19/11/2014 -> SELECT * FROM tbl_estatus WHERE id_estatus='3'; Wed Nov 19 03:10:53 VET 2014]]></LOG><LOG TP='BD'><![CDATA[19/11/2014 -> SELECT * FROM tbl_estatus WHERE id_estatus='3'; Wed Nov 19 03:10:53 VET 2014]]></LOG><LOG TP='BD'><![CDATA[19/11/2014 -> SELECT * FROM tbl_rol_usr WHERE id_rol_usr=1; Wed Nov 19 03:10:53 VET 2014]]></LOG><LOG TP='BD'><![CDATA[19/11/2014 -> SELECT * FROM tbl_estatus WHERE nb_estatus='activo'and tx_estatus='tbl_rol_usr'; Wed Nov 19 03:10:53 VET 2014]]></LOG><LOG TP='BD'><![CDATA[19/11/2014 -> SELECT * FROM usuarios WHERE cedula='24'; Wed Nov 19 03:10:53 VET 2014]]></LOG><LOG TP='BD'><![CDATA[19/11/2014 -> SELECT * FROM usuarios WHERE cedula='24'; Wed Nov 19 03:10:53 VET 2014]]></LOG><LOG TP='BD'><![CDATA[19/11/2014 -> SELECT * FROM usuarios WHERE cedula='24'; Wed Nov 19 03:10:53 VET 2014]]></LOG><LOG TP='BD'><![CDATA[19/11/2014 -> SELECT * FROM usuarios WHERE cedula='24'; Wed Nov 19 03:10:53 VET 2014]]></LOG><LOG TP='BD'><![CDATA[19/11/2014 -> SELECT * FROM usuarios WHERE cedula='24'; Wed Nov 19 03:10:53 VET 2014]]></LOG><LOG TP='BD'><![CDATA[19/11/2014 -> SELECT * FROM usuarios WHERE cedula='24'; Wed Nov 19 03:10:53 VET 2014]]></LOG><LOG TP='BD'><![CDATA[19/11/2014 -> SELECT * FROM usuarios WHERE cedula='24'; Wed Nov 19 03:10:53 VET 2014]]></LOG><LOG TP='BD'><![CDATA[19/11/2014 -> SELECT * FROM tbl_ciudad WHERE id_ciudad=122; Wed Nov 19 03:10:53 VET 2014]]></LOG><LOG TP='BD'><![CDATA[19/11/2014 -> SELECT * FROM tbl_municipio WHERE id_municipio=35; Wed Nov 19 03:10:53 VET 2014]]></LOG><LOG TP='BD'><![CDATA[19/11/2014 -> SELECT nb_estado FROM tbl_estado WHERE id_estado=6; Wed Nov 19 03:10:53 VET 2014]]></LOG><LOG TP='BD'><![CDATA[19/11/2014 -> SELECT id_estado FROM tbl_estado WHERE nb_estado='Bolívar'; Wed Nov 19 03:10:53 VET 2014]]></LOG><LOG TP='BD'><![CDATA[19/11/2014 -> SELECT id_estado FROM tbl_estado WHERE nb_estado='Bolívar'; Wed Nov 19 03:10:53 VET 2014]]></LOG><LOG TP='BD'><![CDATA[19/11/2014 -> SELECT * FROM tbl_municipio WHERE id_municipio=35; Wed Nov 19 03:10:53 VET 2014]]></LOG><LOG TP='BD'><![CDATA[19/11/2014 -> SELECT id_municipio FROM tbl_municipio WHERE nb_municipio='Manuel Cedeño'; Wed Nov 19 03:10:53 VET 2014]]></LOG><LOG TP='BD'><![CDATA[19/11/2014 -> SELECT id_municipio FROM tbl_municipio WHERE nb_municipio='Manuel Cedeño'; Wed Nov 19 03:10:53 VET 2014]]></LOG><LOG TP='BD'><![CDATA[19/11/2014 -> SELECT * FROM tbl_ciudad WHERE id_ciudad=122; Wed Nov 19 03:10:53 VET 2014]]></LOG><LOG TP='BD'><![CDATA[19/11/2014 -> SELECT * FROM usuarios WHERE cedula='24'; Wed Nov 19 03:10:53 VET 2014]]></LOG><LOG TP='BD'><![CDATA[19/11/2014 -> SELECT * FROM usuarios WHERE cedula='24'; Wed Nov 19 03:10:53 VET 2014]]></LOG><LOG TP='BD'><![CDATA[19/11/2014 -> SELECT * FROM tbl_estatus WHERE nb_estatus='activo'and tx_estatus='tbl_rol_usr'; Wed Nov 19 03:10:53 VET 2014]]></LOG><LOG TP='BD'><![CDATA[19/11/2014 -> SELECT * FROM usuarios WHERE cedula='24'; Wed Nov 19 03:10:53 VET 2014]]></LOG><LOG TP='BD'><![CDATA[19/11/2014 -> SELECT * FROM tbl_rol_usr WHERE id_rol_usr='3'; Wed Nov 19 03:10:53 VET 2014]]></LOG><LOG TP='BD'><![CDATA[19/11/2014 -> SELECT intentos FROM tbl_cof_clave WHERE activo='1' ; Wed Nov 19 04:29:49 VET 2014ERROR= ERROR: no existe la relación «tbl_cof_clave»
  Position: 22]]></LOG><LOG TP='BD'><![CDATA[19/11/2014 -> SELECT intentos FROM tbl_conf_clave WHERE activo='1'; Wed Nov 19 04:31:21 VET 2014]]></LOG><LOG TP='BD'><![CDATA[19/11/2014 -> SELECT * FROM usuarios WHERE tx_login='ajshsj' and clave='56cc86883cd87af0e4dde5443927679c'; Wed Nov 19 04:31:21 VET 2014]]></LOG><LOG TP='BD'><![CDATA[19/11/2014 -> SELECT * FROM usuarios WHERE tx_login='ajshsj' and clave='56cc86883cd87af0e4dde5443927679c'; Wed Nov 19 04:31:21 VET 2014]]></LOG><LOG TP='BD'><![CDATA[19/11/2014 -> SELECT * FROM usuarios WHERE tx_login='ajshsj' and clave='56cc86883cd87af0e4dde5443927679c'; Wed Nov 19 04:31:21 VET 2014]]></LOG><LOG TP='BD'><![CDATA[19/11/2014 -> SELECT * FROM usuarios WHERE tx_login='ajshsj' and clave='56cc86883cd87af0e4dde5443927679c'; Wed Nov 19 04:31:21 VET 2014]]></LOG><LOG TP='BD'><![CDATA[19/11/2014 -> SELECT * FROM usuarios WHERE tx_login='ajshsj' and clave='56cc86883cd87af0e4dde5443927679c'; Wed Nov 19 04:31:21 VET 2014]]></LOG><LOG TP='BD'><![CDATA[19/11/2014 -> SELECT intentos FROM tbl_conf_clave WHERE activo='1'; Wed Nov 19 04:31:35 VET 2014]]></LOG><LOG TP='BD'><![CDATA[19/11/2014 -> SELECT * FROM usuarios WHERE tx_login='xfdfdx' and clave='79c000eedb766b1acd8ca85031d87fdd'; Wed Nov 19 04:31:35 VET 2014]]></LOG><LOG TP='BD'><![CDATA[19/11/2014 -> SELECT * FROM usuarios WHERE tx_login='xfdfdx' and clave='79c000eedb766b1acd8ca85031d87fdd'; Wed Nov 19 04:31:35 VET 2014]]></LOG><LOG TP='BD'><![CDATA[19/11/2014 -> SELECT * FROM usuarios WHERE tx_login='xfdfdx' and clave='79c000eedb766b1acd8ca85031d87fdd'; Wed Nov 19 04:31:35 VET 2014]]></LOG><LOG TP='BD'><![CDATA[19/11/2014 -> SELECT * FROM usuarios WHERE tx_login='xfdfdx' and clave='79c000eedb766b1acd8ca85031d87fdd'; Wed Nov 19 04:31:35 VET 2014]]></LOG><LOG TP='BD'><![CDATA[19/11/2014 -> SELECT * FROM usuarios WHERE tx_login='xfdfdx' and clave='79c000eedb766b1acd8ca85031d87fdd'; Wed Nov 19 04:31:35 VET 2014]]></LOG><LOG TP='BD'><![CDATA[19/11/2014 -> SELECT intentos FROM tbl_conf_clave WHERE activo='1'; Wed Nov 19 04:32:38 VET 2014]]></LOG><LOG TP='BD'><![CDATA[19/11/2014 -> SELECT intentos FROM tbl_conf_clave WHERE activo='1'; Wed Nov 19 04:38:20 VET 2014]]></LOG><LOG TP='BD'><![CDATA[19/11/2014 -> SELECT * FROM usuarios WHERE tx_login='kuhjkh' and clave='b73bacafe2494a70434ddd57a73a3d80'; Wed Nov 19 04:38:20 VET 2014]]></LOG><LOG TP='BD'><![CDATA[19/11/2014 -> SELECT * FROM usuarios WHERE tx_login='kuhjkh' and clave='b73bacafe2494a70434ddd57a73a3d80'; Wed Nov 19 04:38:20 VET 2014]]></LOG><LOG TP='BD'><![CDATA[19/11/2014 -> SELECT * FROM usuarios WHERE tx_login='kuhjkh' and clave='b73bacafe2494a70434ddd57a73a3d80'; Wed Nov 19 04:38:20 VET 2014]]></LOG><LOG TP='BD'><![CDATA[19/11/2014 -> SELECT * FROM usuarios WHERE tx_login='kuhjkh' and clave='b73bacafe2494a70434ddd57a73a3d80'; Wed Nov 19 04:38:20 VET 2014]]></LOG><LOG TP='BD'><![CDATA[19/11/2014 -> SELECT * FROM usuarios WHERE tx_login='kuhjkh' and clave='b73bacafe2494a70434ddd57a73a3d80'; Wed Nov 19 04:38:20 VET 2014]]></LOG><LOG TP='BD'><![CDATA[19/11/2014 -> SELECT intentos FROM tbl_conf_clave WHERE activo='1'; Wed Nov 19 04:39:16 VET 2014]]></LOG><LOG TP='BD'><![CDATA[19/11/2014 -> SELECT intentos FROM tbl_conf_clave WHERE activo='1'; Wed Nov 19 04:40:12 VET 2014]]></LOG><LOG TP='BD'><![CDATA[19/11/2014 -> SELECT * FROM usuarios WHERE tx_login='ffdgdfg' and clave='c6f57d65617a6e1e066d3d318fcd652c'; Wed Nov 19 04:40:12 VET 2014]]></LOG><LOG TP='BD'><![CDATA[19/11/2014 -> SELECT * FROM usuarios WHERE tx_login='ffdgdfg' and clave='c6f57d65617a6e1e066d3d318fcd652c'; Wed Nov 19 04:40:12 VET 2014]]></LOG><LOG TP='BD'><![CDATA[19/11/2014 -> SELECT * FROM usuarios WHERE tx_login='ffdgdfg' and clave='c6f57d65617a6e1e066d3d318fcd652c'; Wed Nov 19 04:40:12 VET 2014]]></LOG><LOG TP='BD'><![CDATA[19/11/2014 -> SELECT * FROM usuarios WHERE tx_login='ffdgdfg' and clave='c6f57d65617a6e1e066d3d318fcd652c'; Wed Nov 19 04:40:12 VET 2014]]></LOG><LOG TP='BD'><![CDATA[19/11/2014 -> SELECT * FROM usuarios WHERE tx_login='ffdgdfg' and clave='c6f57d65617a6e1e066d3d318fcd652c'; Wed Nov 19 04:40:12 VET 2014]]></LOG><LOG TP='BD'><![CDATA[19/11/2014 -> SELECT intentos FROM tbl_conf_clave WHERE activo='1'; Wed Nov 19 04:40:18 VET 2014]]></LOG><LOG TP='BD'><![CDATA[19/11/2014 -> SELECT intentos FROM tbl_conf_clave WHERE activo='1'; Wed Nov 19 04:43:54 VET 2014]]></LOG><LOG TP='BD'><![CDATA[19/11/2014 -> SELECT * FROM usuarios WHERE tx_login='sadsa' and clave='e66ce97bf31e1b72ed2ad7ad782def29'; Wed Nov 19 04:43:54 VET 2014]]></LOG><LOG TP='BD'><![CDATA[19/11/2014 -> SELECT * FROM usuarios WHERE tx_login='sadsa' and clave='e66ce97bf31e1b72ed2ad7ad782def29'; Wed Nov 19 04:43:54 VET 2014]]></LOG><LOG TP='BD'><![CDATA[19/11/2014 -> SELECT * FROM usuarios WHERE tx_login='sadsa' and clave='e66ce97bf31e1b72ed2ad7ad782def29'; Wed Nov 19 04:43:54 VET 2014]]></LOG><LOG TP='BD'><![CDATA[19/11/2014 -> SELECT * FROM usuarios WHERE tx_login='sadsa' and clave='e66ce97bf31e1b72ed2ad7ad782def29'; Wed Nov 19 04:43:54 VET 2014]]></LOG><LOG TP='BD'><![CDATA[19/11/2014 -> SELECT * FROM usuarios WHERE tx_login='sadsa' and clave='e66ce97bf31e1b72ed2ad7ad782def29'; Wed Nov 19 04:43:54 VET 2014]]></LOG><LOG TP='BD'><![CDATA[19/11/2014 -> SELECT intentos FROM tbl_conf_clave WHERE activo='1'; Wed Nov 19 04:44:01 VET 2014]]></LOG><LOG TP='BD'><![CDATA[19/11/2014 -> SELECT intentos FROM tbl_conf_clave WHERE activo='1'; Wed Nov 19 04:46:27 VET 2014]]></LOG><LOG TP='BD'><![CDATA[19/11/2014 -> SELECT * FROM usuarios WHERE tx_login='fgf' and clave='6fbfd5e68d3306e51350bea0232f8fa5'; Wed Nov 19 04:46:27 VET 2014]]></LOG><LOG TP='BD'><![CDATA[19/11/2014 -> SELECT * FROM usuarios WHERE tx_login='fgf' and clave='6fbfd5e68d3306e51350bea0232f8fa5'; Wed Nov 19 04:46:27 VET 2014]]></LOG><LOG TP='BD'><![CDATA[19/11/2014 -> SELECT * FROM usuarios WHERE tx_login='fgf' and clave='6fbfd5e68d3306e51350bea0232f8fa5'; Wed Nov 19 04:46:27 VET 2014]]></LOG><LOG TP='BD'><![CDATA[19/11/2014 -> SELECT * FROM usuarios WHERE tx_login='fgf' and clave='6fbfd5e68d3306e51350bea0232f8fa5'; Wed Nov 19 04:46:27 VET 2014]]></LOG><LOG TP='BD'><![CDATA[19/11/2014 -> SELECT * FROM usuarios WHERE tx_login='fgf' and clave='6fbfd5e68d3306e51350bea0232f8fa5'; Wed Nov 19 04:46:27 VET 2014]]></LOG><LOG TP='BD'><![CDATA[19/11/2014 -> SELECT intentos FROM tbl_conf_clave WHERE activo='1'; Wed Nov 19 04:46:32 VET 2014]]></LOG><LOG TP='BD'><![CDATA[19/11/2014 -> SELECT intentos FROM tbl_conf_clave WHERE activo='1'; Wed Nov 19 09:39:41 VET 2014]]></LOG><LOG TP='BD'><![CDATA[19/11/2014 -> SELECT * FROM usuarios WHERE tx_login='df' and clave='84d9cfc2f395ce883a41d7ffc1bbcf4e'; Wed Nov 19 09:39:41 VET 2014]]></LOG><LOG TP='BD'><![CDATA[19/11/2014 -> SELECT * FROM usuarios WHERE tx_login='df' and clave='84d9cfc2f395ce883a41d7ffc1bbcf4e'; Wed Nov 19 09:39:41 VET 2014]]></LOG><LOG TP='BD'><![CDATA[19/11/2014 -> SELECT * FROM usuarios WHERE tx_login='df' and clave='84d9cfc2f395ce883a41d7ffc1bbcf4e'; Wed Nov 19 09:39:41 VET 2014]]></LOG><LOG TP='BD'><![CDATA[19/11/2014 -> SELECT * FROM usuarios WHERE tx_login='df' and clave='84d9cfc2f395ce883a41d7ffc1bbcf4e'; Wed Nov 19 09:39:41 VET 2014]]></LOG><LOG TP='BD'><![CDATA[19/11/2014 -> SELECT * FROM usuarios WHERE tx_login='df' and clave='84d9cfc2f395ce883a41d7ffc1bbcf4e'; Wed Nov 19 09:39:41 VET 2014]]></LOG><LOG TP='BD'><![CDATA[19/11/2014 -> SELECT * FROM usuarios WHERE tx_login='df' and clave='84d9cfc2f395ce883a41d7ffc1bbcf4e'; Wed Nov 19 09:39:41 VET 2014]]></LOG><LOG TP='BD'><![CDATA[19/11/2014 -> SELECT * FROM usuarios WHERE tx_login='df' and clave='84d9cfc2f395ce883a41d7ffc1bbcf4e'; Wed Nov 19 09:39:41 VET 2014]]></LOG><LOG TP='BD'><![CDATA[19/11/2014 -> SELECT * FROM usuarios WHERE tx_login='df' and clave='84d9cfc2f395ce883a41d7ffc1bbcf4e'; Wed Nov 19 09:39:41 VET 2014]]></LOG><LOG TP='BD'><![CDATA[19/11/2014 -> SELECT * FROM usuarios WHERE tx_login='df' and clave='84d9cfc2f395ce883a41d7ffc1bbcf4e'; Wed Nov 19 09:39:41 VET 2014]]></LOG><LOG TP='BD'><![CDATA[19/11/2014 -> SELECT * FROM usuarios WHERE tx_login='df' and clave='84d9cfc2f395ce883a41d7ffc1bbcf4e'; Wed Nov 19 09:39:41 VET 2014]]></LOG><LOG TP='BD'><![CDATA[19/11/2014 -> SELECT * FROM usuarios WHERE tx_login='df' and clave='84d9cfc2f395ce883a41d7ffc1bbcf4e'; Wed Nov 19 09:39:41 VET 2014]]></LOG><LOG TP='BD'><![CDATA[19/11/2014 -> SELECT * FROM usuarios WHERE tx_login='df' and clave='84d9cfc2f395ce883a41d7ffc1bbcf4e'; Wed Nov 19 09:39:41 VET 2014]]></LOG><LOG TP='BD'><![CDATA[19/11/2014 -> SELECT * FROM usuarios WHERE tx_login='df' and clave='84d9cfc2f395ce883a41d7ffc1bbcf4e'; Wed Nov 19 09:39:41 VET 2014]]></LOG><LOG TP='BD'><![CDATA[19/11/2014 -> SELECT * FROM usuarios WHERE tx_login='df' and clave='84d9cfc2f395ce883a41d7ffc1bbcf4e'; Wed Nov 19 09:39:41 VET 2014]]></LOG><LOG TP='BD'><![CDATA[19/11/2014 -> SELECT * FROM usuarios WHERE tx_login='df' and clave='84d9cfc2f395ce883a41d7ffc1bbcf4e'; Wed Nov 19 09:39:41 VET 2014]]></LOG><LOG TP='BD'><![CDATA[19/11/2014 -> SELECT * FROM usuarios WHERE tx_login='df' and clave='84d9cfc2f395ce883a41d7ffc1bbcf4e'; Wed Nov 19 09:39:41 VET 2014]]></LOG><LOG TP='BD'><![CDATA[19/11/2014 -> SELECT * FROM usuarios WHERE tx_login='df' and clave='84d9cfc2f395ce883a41d7ffc1bbcf4e'; Wed Nov 19 09:39:41 VET 2014]]></LOG><LOG TP='BD'><![CDATA[19/11/2014 -> SELECT * FROM usuarios WHERE tx_login='df' and clave='84d9cfc2f395ce883a41d7ffc1bbcf4e'; Wed Nov 19 09:39:41 VET 2014]]></LOG><LOG TP='BD'><![CDATA[19/11/2014 -> SELECT * FROM usuarios WHERE tx_login='df' and clave='84d9cfc2f395ce883a41d7ffc1bbcf4e'; Wed Nov 19 09:39:41 VET 2014]]></LOG><LOG TP='BD'><![CDATA[19/11/2014 -> SELECT * FROM usuarios WHERE tx_login='df' and clave='84d9cfc2f395ce883a41d7ffc1bbcf4e'; Wed Nov 19 09:39:41 VET 2014]]></LOG><LOG TP='BD'><![CDATA[19/11/2014 -> SELECT * FROM usuarios WHERE tx_login='df' and clave='84d9cfc2f395ce883a41d7ffc1bbcf4e'; Wed Nov 19 09:39:41 VET 2014]]></LOG><LOG TP='BD'><![CDATA[19/11/2014 -> SELECT * FROM usuarios WHERE tx_login='df' and clave='84d9cfc2f395ce883a41d7ffc1bbcf4e'; Wed Nov 19 09:39:41 VET 2014]]></LOG><LOG TP='BD'><![CDATA[19/11/2014 -> SELECT * FROM usuarios WHERE tx_login='df' and clave='84d9cfc2f395ce883a41d7ffc1bbcf4e'; Wed Nov 19 09:39:41 VET 2014]]></LOG><LOG TP='BD'><![CDATA[19/11/2014 -> SELECT * FROM usuarios WHERE tx_login='df' and clave='84d9cfc2f395ce883a41d7ffc1bbcf4e'; Wed Nov 19 09:39:41 VET 2014]]></LOG><LOG TP='BD'><![CDATA[19/11/2014 -> SELECT * FROM usuarios WHERE tx_login='df' and clave='84d9cfc2f395ce883a41d7ffc1bbcf4e'; Wed Nov 19 09:39:41 VET 2014]]></LOG><LOG TP='BD'><![CDATA[19/11/2014 -> SELECT * FROM usuarios WHERE tx_login='df' and clave='84d9cfc2f395ce883a41d7ffc1bbcf4e'; Wed Nov 19 09:39:41 VET 2014]]></LOG><LOG TP='BD'><![CDATA[19/11/2014 -> SELECT * FROM usuarios WHERE tx_login='df' and clave='84d9cfc2f395ce883a41d7ffc1bbcf4e'; Wed Nov 19 09:39:41 VET 2014]]></LOG><LOG TP='BD'><![CDATA[19/11/2014 -> SELECT * FROM usuarios WHERE tx_login='df' and clave='84d9cfc2f395ce883a41d7ffc1bbcf4e'; Wed Nov 19 09:39:41 VET 2014]]></LOG><LOG TP='BD'><![CDATA[19/11/2014 -> SELECT * FROM usuarios WHERE tx_login='df' and clave='84d9cfc2f395ce883a41d7ffc1bbcf4e'; Wed Nov 19 09:39:41 VET 2014]]></LOG><LOG TP='BD'><![CDATA[19/11/2014 -> SELECT * FROM usuarios WHERE tx_login='df' and clave='84d9cfc2f395ce883a41d7ffc1bbcf4e'; Wed Nov 19 09:39:41 VET 2014]]></LOG><LOG TP='BD'><![CDATA[19/11/2014 -> SELECT * FROM usuarios WHERE tx_login='df' and clave='84d9cfc2f395ce883a41d7ffc1bbcf4e'; Wed Nov 19 09:39:41 VET 2014]]></LOG><LOG TP='BD'><![CDATA[19/11/2014 -> SELECT * FROM usuarios WHERE tx_login='df' and clave='84d9cfc2f395ce883a41d7ffc1bbcf4e'; Wed Nov 19 09:39:41 VET 2014]]></LOG><LOG TP='BD'><![CDATA[19/11/2014 -> SELECT * FROM usuarios WHERE tx_login='df' and clave='84d9cfc2f395ce883a41d7ffc1bbcf4e'; Wed Nov 19 09:39:41 VET 2014]]></LOG><LOG TP='BD'><![CDATA[19/11/2014 -> SELECT * FROM usuarios WHERE tx_login='df' and clave='84d9cfc2f395ce883a41d7ffc1bbcf4e'; Wed Nov 19 09:39:41 VET 2014]]></LOG><LOG TP='BD'><![CDATA[19/11/2014 -> SELECT * FROM usuarios WHERE tx_login='df' and clave='84d9cfc2f395ce883a41d7ffc1bbcf4e'; Wed Nov 19 09:39:41 VET 2014]]></LOG><LOG TP='BD'><![CDATA[19/11/2014 -> SELECT intentos FROM tbl_conf_clave WHERE activo='1'; Wed Nov 19 09:40:25 VET 2014]]></LOG><LOG TP='BD'><![CDATA[19/11/2014 -> SELECT intentos FROM tbl_conf_clave WHERE activo='1'; Wed Nov 19 09:41:30 VET 2014]]></LOG><LOG TP='BD'><![CDATA[19/11/2014 -> SELECT * FROM usuarios WHERE tx_login='sad' and clave='6fbfd5e68d3306e51350bea0232f8fa5'; Wed Nov 19 09:41:30 VET 2014]]></LOG><LOG TP='BD'><![CDATA[19/11/2014 -> SELECT * FROM usuarios WHERE tx_login='sad' and clave='6fbfd5e68d3306e51350bea0232f8fa5'; Wed Nov 19 09:41:30 VET 2014]]></LOG><LOG TP='BD'><![CDATA[19/11/2014 -> SELECT * FROM usuarios WHERE tx_login='sad' and clave='6fbfd5e68d3306e51350bea0232f8fa5'; Wed Nov 19 09:41:30 VET 2014]]></LOG><LOG TP='BD'><![CDATA[19/11/2014 -> SELECT * FROM usuarios WHERE tx_login='sad' and clave='6fbfd5e68d3306e51350bea0232f8fa5'; Wed Nov 19 09:41:30 VET 2014]]></LOG><LOG TP='BD'><![CDATA[19/11/2014 -> SELECT * FROM usuarios WHERE tx_login='sad' and clave='6fbfd5e68d3306e51350bea0232f8fa5'; Wed Nov 19 09:41:30 VET 2014]]></LOG><LOG TP='BD'><![CDATA[19/11/2014 -> SELECT * FROM usuarios WHERE tx_login='sad' and clave='6fbfd5e68d3306e51350bea0232f8fa5'; Wed Nov 19 09:41:30 VET 2014]]></LOG><LOG TP='BD'><![CDATA[19/11/2014 -> SELECT intentos FROM tbl_conf_clave WHERE activo='1'; Wed Nov 19 09:42:09 VET 2014]]></LOG><LOG TP='BD'><![CDATA[19/11/2014 -> SELECT * FROM usuarios WHERE tx_login='sdfs' and clave='84d9cfc2f395ce883a41d7ffc1bbcf4e'; Wed Nov 19 09:42:09 VET 2014]]></LOG><LOG TP='BD'><![CDATA[19/11/2014 -> SELECT * FROM usuarios WHERE tx_login='sdfs' and clave='84d9cfc2f395ce883a41d7ffc1bbcf4e'; Wed Nov 19 09:42:09 VET 2014]]></LOG><LOG TP='BD'><![CDATA[19/11/2014 -> SELECT * FROM usuarios WHERE tx_login='sdfs' and clave='84d9cfc2f395ce883a41d7ffc1bbcf4e'; Wed Nov 19 09:42:09 VET 2014]]></LOG><LOG TP='BD'><![CDATA[19/11/2014 -> SELECT * FROM usuarios WHERE tx_login='sdfs' and clave='84d9cfc2f395ce883a41d7ffc1bbcf4e'; Wed Nov 19 09:42:09 VET 2014]]></LOG><LOG TP='BD'><![CDATA[19/11/2014 -> SELECT * FROM usuarios WHERE tx_login='sdfs' and clave='84d9cfc2f395ce883a41d7ffc1bbcf4e'; Wed Nov 19 09:42:09 VET 2014]]></LOG><LOG TP='BD'><![CDATA[19/11/2014 -> SELECT * FROM usuarios WHERE tx_login='sdfs' and clave='84d9cfc2f395ce883a41d7ffc1bbcf4e'; Wed Nov 19 09:42:09 VET 2014]]></LOG><LOG TP='BD'><![CDATA[19/11/2014 -> SELECT * FROM usuarios WHERE tx_login='sdfs' and clave='84d9cfc2f395ce883a41d7ffc1bbcf4e'; Wed Nov 19 09:42:09 VET 2014]]></LOG><LOG TP='BD'><![CDATA[19/11/2014 -> SELECT intentos FROM tbl_conf_clave WHERE activo='1'; Wed Nov 19 09:46:14 VET 2014]]></LOG><LOG TP='BD'><![CDATA[19/11/2014 -> SELECT intentos FROM tbl_conf_clave WHERE activo='1'; Wed Nov 19 09:47:20 VET 2014]]></LOG><LOG TP='BD'><![CDATA[19/11/2014 -> SELECT id_usuario FROM usuarios WHERE cedula = '11800120'; Wed Nov 19 09:47:20 VET 2014]]></LOG><LOG TP='BD'><![CDATA[19/11/2014 -> SELECT long_min, long_max, cant_mayus, cant_minus FROM tbl_conf_clave WHERE activo = '1'; Wed Nov 19 09:47:20 VET 2014]]></LOG><LOG TP='BD'><![CDATA[19/11/2014 -> SELECT long_min, long_max, cant_mayus, cant_minus FROM tbl_conf_clave WHERE activo = '1'; Wed Nov 19 09:47:20 VET 2014]]></LOG><LOG TP='BD'><![CDATA[19/11/2014 -> SELECT long_min, long_max, cant_mayus, cant_minus FROM tbl_conf_clave WHERE activo = '1'; Wed Nov 19 09:47:20 VET 2014]]></LOG><LOG TP='BD'><![CDATA[19/11/2014 -> SELECT long_min, long_max, cant_mayus, cant_minus FROM tbl_conf_clave WHERE activo = '1'; Wed Nov 19 09:47:20 VET 2014]]></LOG><LOG TP='BD'><![CDATA[19/11/2014 -> SELECT intentos FROM tbl_conf_clave WHERE activo='1'; Wed Nov 19 09:57:27 VET 2014]]></LOG><LOG TP='BD'><![CDATA[19/11/2014 -> SELECT id_usuario FROM usuarios WHERE cedula = '11800120'; Wed Nov 19 09:57:27 VET 2014]]></LOG><LOG TP='BD'><![CDATA[19/11/2014 -> SELECT long_min, long_max, cant_mayus, cant_minus FROM tbl_conf_clave WHERE activo = '1'; Wed Nov 19 09:57:27 VET 2014]]></LOG><LOG TP='BD'><![CDATA[19/11/2014 -> SELECT long_min, long_max, cant_mayus, cant_minus FROM tbl_conf_clave WHERE activo = '1'; Wed Nov 19 09:57:27 VET 2014]]></LOG><LOG TP='BD'><![CDATA[19/11/2014 -> SELECT long_min, long_max, cant_mayus, cant_minus FROM tbl_conf_clave WHERE activo = '1'; Wed Nov 19 09:57:27 VET 2014]]></LOG><LOG TP='BD'><![CDATA[19/11/2014 -> SELECT long_min, long_max, cant_mayus, cant_minus FROM tbl_conf_clave WHERE activo = '1'; Wed Nov 19 09:57:27 VET 2014]]></LOG><LOG TP='BD'><![CDATA[19/11/2014 -> UPDATE usuarios SET clave = '7b6a89f45ce988dbebb032a28dad1048' WHERE id_usuario = 1; Wed Nov 19 09:57:27 VET 2014]]></LOG><LOG TP='BD'><![CDATA[19/11/2014 -> SELECT * FROM usuarios WHERE tx_login='frejolano' and clave='7b6a89f45ce988dbebb032a28dad1048'; Wed Nov 19 09:57:27 VET 2014]]></LOG><LOG TP='BD'><![CDATA[19/11/2014 -> SELECT * FROM usuarios WHERE tx_login='frejolano' and clave='7b6a89f45ce988dbebb032a28dad1048'; Wed Nov 19 09:57:27 VET 2014]]></LOG><LOG TP='BD'><![CDATA[19/11/2014 -> SELECT * FROM usuarios WHERE tx_login='frejolano' and clave='7b6a89f45ce988dbebb032a28dad1048'; Wed Nov 19 09:57:27 VET 2014]]></LOG><LOG TP='BD'><![CDATA[19/11/2014 -> SELECT * FROM tbl_estatus WHERE id_estatus='1'; Wed Nov 19 09:57:27 VET 2014]]></LOG><LOG TP='BD'><![CDATA[19/11/2014 -> SELECT * FROM usuarios WHERE tx_login='frejolano' and clave='7b6a89f45ce988dbebb032a28dad1048'; Wed Nov 19 09:57:27 VET 2014]]></LOG><LOG TP='BD'><![CDATA[19/11/2014 -> SELECT * FROM tbl_rol_usr WHERE nb_rol_usr='Administrador'; Wed Nov 19 09:57:27 VET 2014]]></LOG><LOG TP='BD'><![CDATA[19/11/2014 -> SELECT * FROM tbl_rol_usr WHERE nb_rol_usr='Estudiante'; Wed Nov 19 09:57:27 VET 2014]]></LOG><LOG TP='BD'><![CDATA[19/11/2014 -> SELECT * FROM tbl_rol_usr WHERE nb_rol_usr='Maestro'; Wed Nov 19 09:57:27 VET 2014]]></LOG><LOG TP='BD'><![CDATA[19/11/2014 -> SELECT * FROM tbl_rol_usr WHERE nb_rol_usr='Administrador'; Wed Nov 19 09:57:27 VET 2014]]></LOG><LOG TP='BD'><![CDATA[19/11/2014 -> SELECT * FROM tbl_rol_usr WHERE nb_rol_usr='Estudiante'; Wed Nov 19 09:57:27 VET 2014]]></LOG><LOG TP='BD'><![CDATA[19/11/2014 -> SELECT * FROM tbl_rol_usr WHERE nb_rol_usr='Maestro'; Wed Nov 19 09:57:27 VET 2014]]></LOG><LOG TP='BD'><![CDATA[19/11/2014 -> SELECT * FROM tbl_estatus WHERE id_estatus='3'; Wed Nov 19 09:57:27 VET 2014]]></LOG><LOG TP='BD'><![CDATA[19/11/2014 -> SELECT * FROM tbl_estatus WHERE id_estatus='3'; Wed Nov 19 09:57:27 VET 2014]]></LOG><LOG TP='BD'><![CDATA[19/11/2014 -> SELECT * FROM tbl_estatus WHERE id_estatus='3'; Wed Nov 19 09:57:27 VET 2014]]></LOG><LOG TP='BD'><![CDATA[19/11/2014 -> SELECT * FROM tbl_rol_usr WHERE id_rol_usr=1; Wed Nov 19 09:57:27 VET 2014]]></LOG><LOG TP='BD'><![CDATA[19/11/2014 -> SELECT intentos FROM tbl_conf_clave WHERE activo='1'; Wed Nov 19 10:00:06 VET 2014]]></LOG><LOG TP='BD'><![CDATA[19/11/2014 -> SELECT intentos FROM tbl_conf_clave WHERE activo='1'; Wed Nov 19 10:05:11 VET 2014]]></LOG><LOG TP='BD'><![CDATA[19/11/2014 -> SELECT * FROM usuarios WHERE tx_login='frejolano' and clave='7b6a89f45ce988dbebb032a28dad1048'; Wed Nov 19 10:05:11 VET 2014]]></LOG><LOG TP='BD'><![CDATA[19/11/2014 -> SELECT * FROM usuarios WHERE tx_login='frejolano' and clave='7b6a89f45ce988dbebb032a28dad1048'; Wed Nov 19 10:05:11 VET 2014]]></LOG><LOG TP='BD'><![CDATA[19/11/2014 -> SELECT * FROM usuarios WHERE tx_login='frejolano' and clave='7b6a89f45ce988dbebb032a28dad1048'; Wed Nov 19 10:05:11 VET 2014]]></LOG><LOG TP='BD'><![CDATA[19/11/2014 -> SELECT * FROM tbl_estatus WHERE id_estatus='1'; Wed Nov 19 10:05:11 VET 2014]]></LOG><LOG TP='BD'><![CDATA[19/11/2014 -> SELECT * FROM usuarios WHERE tx_login='frejolano' and clave='7b6a89f45ce988dbebb032a28dad1048'; Wed Nov 19 10:05:11 VET 2014]]></LOG><LOG TP='BD'><![CDATA[19/11/2014 -> SELECT * FROM tbl_rol_usr WHERE nb_rol_usr='Administrador'; Wed Nov 19 10:05:11 VET 2014]]></LOG><LOG TP='BD'><![CDATA[19/11/2014 -> SELECT * FROM tbl_rol_usr WHERE nb_rol_usr='Estudiante'; Wed Nov 19 10:05:11 VET 2014]]></LOG><LOG TP='BD'><![CDATA[19/11/2014 -> SELECT * FROM tbl_rol_usr WHERE nb_rol_usr='Maestro'; Wed Nov 19 10:05:11 VET 2014]]></LOG><LOG TP='BD'><![CDATA[19/11/2014 -> SELECT * FROM tbl_rol_usr WHERE nb_rol_usr='Administrador'; Wed Nov 19 10:05:11 VET 2014]]></LOG><LOG TP='BD'><![CDATA[19/11/2014 -> SELECT * FROM tbl_rol_usr WHERE nb_rol_usr='Estudiante'; Wed Nov 19 10:05:11 VET 2014]]></LOG><LOG TP='BD'><![CDATA[19/11/2014 -> SELECT * FROM tbl_rol_usr WHERE nb_rol_usr='Maestro'; Wed Nov 19 10:05:11 VET 2014]]></LOG><LOG TP='BD'><![CDATA[19/11/2014 -> SELECT * FROM tbl_estatus WHERE id_estatus='3'; Wed Nov 19 10:05:11 VET 2014]]></LOG><LOG TP='BD'><![CDATA[19/11/2014 -> SELECT * FROM tbl_estatus WHERE id_estatus='3'; Wed Nov 19 10:05:11 VET 2014]]></LOG><LOG TP='BD'><![CDATA[19/11/2014 -> SELECT * FROM tbl_estatus WHERE id_estatus='3'; Wed Nov 19 10:05:11 VET 2014]]></LOG><LOG TP='BD'><![CDATA[19/11/2014 -> SELECT * FROM tbl_rol_usr WHERE id_rol_usr=1; Wed Nov 19 10:05:11 VET 2014]]></LOG><LOG TP='BD'><![CDATA[19/11/2014 -> SELECT * FROM tbl_estatus WHERE nb_estatus='activo'and tx_estatus='tbl_rol_usr'; Wed Nov 19 10:05:11 VET 2014]]></LOG><LOG TP='BD'><![CDATA[19/11/2014 -> SELECT intentos FROM tbl_conf_clave WHERE activo='1'; Wed Nov 19 10:29:09 VET 2014]]></LOG><LOG TP='BD'><![CDATA[19/11/2014 -> SELECT * FROM usuarios WHERE tx_login='frejolano' and clave='81dc9bdb52d04dc20036dbd8313ed055'; Wed Nov 19 10:29:09 VET 2014]]></LOG><LOG TP='BD'><![CDATA[19/11/2014 -> SELECT * FROM usuarios WHERE tx_login='frejolano' and clave='81dc9bdb52d04dc20036dbd8313ed055'; Wed Nov 19 10:29:09 VET 2014]]></LOG><LOG TP='BD'><![CDATA[19/11/2014 -> SELECT * FROM usuarios WHERE tx_login='frejolano' and clave='81dc9bdb52d04dc20036dbd8313ed055'; Wed Nov 19 10:29:09 VET 2014]]></LOG><LOG TP='BD'><![CDATA[19/11/2014 -> SELECT * FROM usuarios WHERE tx_login='frejolano' and clave='81dc9bdb52d04dc20036dbd8313ed055'; Wed Nov 19 10:29:09 VET 2014]]></LOG><LOG TP='BD'><![CDATA[19/11/2014 -> SELECT * FROM usuarios WHERE tx_login='frejolano' and clave='81dc9bdb52d04dc20036dbd8313ed055'; Wed Nov 19 10:29:09 VET 2014]]></LOG><LOG TP='BD'><![CDATA[19/11/2014 -> SELECT * FROM usuarios WHERE tx_login='frejolano' and clave='81dc9bdb52d04dc20036dbd8313ed055'; Wed Nov 19 10:29:09 VET 2014]]></LOG><LOG TP='BD'><![CDATA[19/11/2014 -> SELECT * FROM usuarios WHERE tx_login='frejolano' and clave='81dc9bdb52d04dc20036dbd8313ed055'; Wed Nov 19 10:29:09 VET 2014]]></LOG><LOG TP='BD'><![CDATA[19/11/2014 -> SELECT id_usuario FROM usuarios WHERE cedula = '11800120'; Wed Nov 19 10:29:09 VET 2014]]></LOG><LOG TP='BD'><![CDATA[19/11/2014 -> SELECT intentos FROM tbl_conf_clave WHERE activo='1'; Wed Nov 19 10:38:55 VET 2014]]></LOG><LOG TP='BD'><![CDATA[19/11/2014 -> SELECT * FROM usuarios WHERE tx_login='frejolano' and clave='827ccb0eea8a706c4c34a16891f84e7b'; Wed Nov 19 10:38:55 VET 2014]]></LOG><LOG TP='BD'><![CDATA[19/11/2014 -> SELECT * FROM usuarios WHERE tx_login='frejolano' and clave='827ccb0eea8a706c4c34a16891f84e7b'; Wed Nov 19 10:38:55 VET 2014]]></LOG><LOG TP='BD'><![CDATA[19/11/2014 -> SELECT * FROM usuarios WHERE tx_login='frejolano' and clave='827ccb0eea8a706c4c34a16891f84e7b'; Wed Nov 19 10:38:55 VET 2014]]></LOG><LOG TP='BD'><![CDATA[19/11/2014 -> SELECT * FROM usuarios WHERE tx_login='frejolano' and clave='827ccb0eea8a706c4c34a16891f84e7b'; Wed Nov 19 10:38:55 VET 2014]]></LOG><LOG TP='BD'><![CDATA[19/11/2014 -> SELECT * FROM usuarios WHERE tx_login='frejolano' and clave='827ccb0eea8a706c4c34a16891f84e7b'; Wed Nov 19 10:38:55 VET 2014]]></LOG><LOG TP='BD'><![CDATA[19/11/2014 -> SELECT * FROM usuarios WHERE tx_login='frejolano' and clave='827ccb0eea8a706c4c34a16891f84e7b'; Wed Nov 19 10:38:55 VET 2014]]></LOG><LOG TP='BD'><![CDATA[19/11/2014 -> SELECT intentos FROM tbl_conf_clave WHERE activo='1'; Wed Nov 19 10:47:57 VET 2014]]></LOG><LOG TP='BD'><![CDATA[19/11/2014 -> SELECT * FROM usuarios WHERE tx_login='frejoalano' and clave='81dc9bdb52d04dc20036dbd8313ed055'; Wed Nov 19 10:47:57 VET 2014]]></LOG><LOG TP='BD'><![CDATA[19/11/2014 -> SELECT * FROM usuarios WHERE tx_login='frejoalano' and clave='81dc9bdb52d04dc20036dbd8313ed055'; Wed Nov 19 10:47:57 VET 2014]]></LOG><LOG TP='BD'><![CDATA[19/11/2014 -> SELECT * FROM usuarios WHERE tx_login='frejoalano' and clave='81dc9bdb52d04dc20036dbd8313ed055'; Wed Nov 19 10:47:57 VET 2014]]></LOG><LOG TP='BD'><![CDATA[19/11/2014 -> SELECT * FROM usuarios WHERE tx_login='frejoalano' and clave='81dc9bdb52d04dc20036dbd8313ed055'; Wed Nov 19 10:47:57 VET 2014]]></LOG><LOG TP='BD'><![CDATA[19/11/2014 -> SELECT * FROM usuarios WHERE tx_login='frejoalano' and clave='81dc9bdb52d04dc20036dbd8313ed055'; Wed Nov 19 10:47:57 VET 2014]]></LOG><LOG TP='BD'><![CDATA[19/11/2014 -> SELECT * FROM usuarios WHERE tx_login='frejoalano' and clave='81dc9bdb52d04dc20036dbd8313ed055'; Wed Nov 19 10:47:57 VET 2014]]></LOG><LOG TP='BD'><![CDATA[19/11/2014 -> SELECT intentos FROM tbl_conf_clave WHERE activo='1'; Wed Nov 19 10:50:39 VET 2014]]></LOG><LOG TP='BD'><![CDATA[19/11/2014 -> SELECT * FROM usuarios WHERE tx_login='frejolano' and clave='81dc9bdb52d04dc20036dbd8313ed055'; Wed Nov 19 10:50:39 VET 2014]]></LOG><LOG TP='BD'><![CDATA[19/11/2014 -> SELECT * FROM usuarios WHERE tx_login='frejolano' and clave='81dc9bdb52d04dc20036dbd8313ed055'; Wed Nov 19 10:50:39 VET 2014]]></LOG><LOG TP='BD'><![CDATA[19/11/2014 -> SELECT * FROM usuarios WHERE tx_login='frejolano' and clave='81dc9bdb52d04dc20036dbd8313ed055'; Wed Nov 19 10:50:39 VET 2014]]></LOG><LOG TP='BD'><![CDATA[19/11/2014 -> SELECT * FROM usuarios WHERE tx_login='frejolano' and clave='81dc9bdb52d04dc20036dbd8313ed055'; Wed Nov 19 10:50:39 VET 2014]]></LOG><LOG TP='BD'><![CDATA[19/11/2014 -> SELECT * FROM usuarios WHERE tx_login='frejolano' and clave='81dc9bdb52d04dc20036dbd8313ed055'; Wed Nov 19 10:50:39 VET 2014]]></LOG><LOG TP='BD'><![CDATA[19/11/2014 -> SELECT * FROM usuarios WHERE tx_login='frejolano' and clave='81dc9bdb52d04dc20036dbd8313ed055'; Wed Nov 19 10:50:39 VET 2014]]></LOG><LOG TP='BD'><![CDATA[19/11/2014 -> SELECT id_usuario FROM usuarios WHERE cedula = '11800120'; Wed Nov 19 10:50:39 VET 2014]]></LOG><LOG TP='BD'><![CDATA[19/11/2014 -> SELECT long_min, long_max, cant_mayus, cant_minus FROM tbl_conf_clave WHERE activo = '1'; Wed Nov 19 10:50:39 VET 2014]]></LOG><LOG TP='BD'><![CDATA[19/11/2014 -> SELECT long_min, long_max, cant_mayus, cant_minus FROM tbl_conf_clave WHERE activo = '1'; Wed Nov 19 10:50:39 VET 2014]]></LOG><LOG TP='BD'><![CDATA[19/11/2014 -> SELECT long_min, long_max, cant_mayus, cant_minus FROM tbl_conf_clave WHERE activo = '1'; Wed Nov 19 10:50:39 VET 2014]]></LOG><LOG TP='BD'><![CDATA[19/11/2014 -> UPDATE usuarios SET clave = '8ad37526528dcb9f16ba7030cc4dc792' WHERE id_usuario = 1; Wed Nov 19 10:50:39 VET 2014]]></LOG><LOG TP='BD'><![CDATA[19/11/2014 -> SELECT * FROM usuarios WHERE tx_login='frejolano' and clave='b08af2ecdf82d097f9d6c71ca9fbdf94'; Wed Nov 19 10:50:39 VET 2014]]></LOG><LOG TP='BD'><![CDATA[19/11/2014 -> SELECT * FROM usuarios WHERE tx_login='frejolano' and clave='8ad37526528dcb9f16ba7030cc4dc792'; Wed Nov 19 10:50:39 VET 2014]]></LOG><LOG TP='BD'><![CDATA[19/11/2014 -> SELECT * FROM usuarios WHERE tx_login='frejolano' and clave='8ad37526528dcb9f16ba7030cc4dc792'; Wed Nov 19 10:50:39 VET 2014]]></LOG><LOG TP='BD'><![CDATA[19/11/2014 -> SELECT * FROM usuarios WHERE tx_login='frejolano' and clave='8ad37526528dcb9f16ba7030cc4dc792'; Wed Nov 19 10:50:39 VET 2014]]></LOG><LOG TP='BD'><![CDATA[19/11/2014 -> SELECT * FROM tbl_estatus WHERE id_estatus='1'; Wed Nov 19 10:50:39 VET 2014]]></LOG><LOG TP='BD'><![CDATA[19/11/2014 -> SELECT * FROM usuarios WHERE tx_login='frejolano' and clave='8ad37526528dcb9f16ba7030cc4dc792'; Wed Nov 19 10:50:39 VET 2014]]></LOG><LOG TP='BD'><![CDATA[19/11/2014 -> SELECT * FROM tbl_rol_usr WHERE nb_rol_usr='Administrador'; Wed Nov 19 10:50:39 VET 2014]]></LOG><LOG TP='BD'><![CDATA[19/11/2014 -> SELECT * FROM tbl_rol_usr WHERE nb_rol_usr='Estudiante'; Wed Nov 19 10:50:39 VET 2014]]></LOG><LOG TP='BD'><![CDATA[19/11/2014 -> SELECT * FROM tbl_rol_usr WHERE nb_rol_usr='Maestro'; Wed Nov 19 10:50:39 VET 2014]]></LOG><LOG TP='BD'><![CDATA[19/11/2014 -> SELECT * FROM tbl_rol_usr WHERE nb_rol_usr='Administrador'; Wed Nov 19 10:50:39 VET 2014]]></LOG><LOG TP='BD'><![CDATA[19/11/2014 -> SELECT * FROM tbl_rol_usr WHERE nb_rol_usr='Estudiante'; Wed Nov 19 10:50:39 VET 2014]]></LOG><LOG TP='BD'><![CDATA[19/11/2014 -> SELECT * FROM tbl_rol_usr WHERE nb_rol_usr='Maestro'; Wed Nov 19 10:50:39 VET 2014]]></LOG><LOG TP='BD'><![CDATA[19/11/2014 -> SELECT * FROM tbl_estatus WHERE id_estatus='3'; Wed Nov 19 10:50:39 VET 2014]]></LOG><LOG TP='BD'><![CDATA[19/11/2014 -> SELECT * FROM tbl_estatus WHERE id_estatus='3'; Wed Nov 19 10:50:39 VET 2014]]></LOG><LOG TP='BD'><![CDATA[19/11/2014 -> SELECT * FROM tbl_estatus WHERE id_estatus='3'; Wed Nov 19 10:50:39 VET 2014]]></LOG><LOG TP='BD'><![CDATA[19/11/2014 -> SELECT * FROM tbl_rol_usr WHERE id_rol_usr=1; Wed Nov 19 10:50:39 VET 2014]]></LOG><LOG TP='BD'><![CDATA[19/11/2014 -> SELECT * FROM tbl_estatus WHERE nb_estatus='activo'and tx_estatus='tbl_rol_usr'; Wed Nov 19 10:50:39 VET 2014]]></LOG><LOG TP='BD'><![CDATA[19/11/2014 -> SELECT * FROM usuarios WHERE cedula='15'; Wed Nov 19 10:50:39 VET 2014]]></LOG><LOG TP='BD'><![CDATA[19/11/2014 -> SELECT id_grado FROM tbl_grado WHERE nb_grado='3'; Wed Nov 19 10:50:39 VET 2014]]></LOG><LOG TP='BD'><![CDATA[19/11/2014 -> SELECT id_grado FROM tbl_grado WHERE nb_grado='3'; Wed Nov 19 10:50:39 VET 2014]]></LOG><LOG TP='BD'><![CDATA[19/11/2014 -> SELECT tx_login FROM usuarios WHERE tx_login='jugador'; Wed Nov 19 10:50:39 VET 2014]]></LOG><LOG TP='BD'><![CDATA[19/11/2014 -> SELECT long_min, long_max, cant_mayus, cant_minus FROM tbl_conf_clave WHERE activo = '1'; Wed Nov 19 10:50:39 VET 2014]]></LOG><LOG TP='BD'><![CDATA[19/11/2014 -> SELECT * FROM tbl_rol_usr WHERE nb_rol_usr='Estudiante'; Wed Nov 19 10:50:39 VET 2014]]></LOG><LOG TP='BD'><![CDATA[19/11/2014 -> SELECT * FROM tbl_estatus WHERE nb_estatus='activo' and tx_estatus='usuarios'; Wed Nov 19 10:50:39 VET 2014]]></LOG><LOG TP='BD'><![CDATA[19/11/2014 -> SELECT * FROM tbl_seccion WHERE nb_seccion='E'; Wed Nov 19 10:50:39 VET 2014]]></LOG><LOG TP='BD'><![CDATA[19/11/2014 -> INSERT INTO usuarios(clave,tx_login,id_rol_usr,id_estatus,id_seccion) VALUES('827ccb0eea8a706c4c34a16891f84e7b','jugador','3','1',5); Wed Nov 19 10:50:39 VET 2014]]></LOG><LOG TP='BD'><![CDATA[19/11/2014 -> SELECT id_grado FROM tbl_grado WHERE nb_grado='Seleccione un Grado Escolar'; Wed Nov 19 10:50:39 VET 2014]]></LOG><LOG TP='BD'><![CDATA[19/11/2014 -> SELECT intentos FROM tbl_conf_clave WHERE activo='1'; Wed Nov 19 10:57:12 VET 2014]]></LOG><LOG TP='BD'><![CDATA[19/11/2014 -> SELECT * FROM usuarios WHERE tx_login='jugador' and clave='827ccb0eea8a706c4c34a16891f84e7b'; Wed Nov 19 10:57:12 VET 2014]]></LOG><LOG TP='BD'><![CDATA[19/11/2014 -> SELECT * FROM usuarios WHERE tx_login='jugador' and clave='827ccb0eea8a706c4c34a16891f84e7b'; Wed Nov 19 10:57:12 VET 2014]]></LOG><LOG TP='BD'><![CDATA[19/11/2014 -> SELECT * FROM usuarios WHERE tx_login='jugador' and clave='827ccb0eea8a706c4c34a16891f84e7b'; Wed Nov 19 10:57:12 VET 2014]]></LOG><LOG TP='BD'><![CDATA[19/11/2014 -> SELECT * FROM tbl_estatus WHERE id_estatus='1'; Wed Nov 19 10:57:12 VET 2014]]></LOG><LOG TP='BD'><![CDATA[19/11/2014 -> SELECT * FROM usuarios WHERE tx_login='jugador' and clave='827ccb0eea8a706c4c34a16891f84e7b'; Wed Nov 19 10:57:12 VET 2014]]></LOG><LOG TP='BD'><![CDATA[19/11/2014 -> SELECT * FROM tbl_rol_usr WHERE nb_rol_usr='Administrador'; Wed Nov 19 10:57:12 VET 2014]]></LOG><LOG TP='BD'><![CDATA[19/11/2014 -> SELECT * FROM tbl_rol_usr WHERE nb_rol_usr='Estudiante'; Wed Nov 19 10:57:12 VET 2014]]></LOG><LOG TP='BD'><![CDATA[19/11/2014 -> SELECT * FROM tbl_rol_usr WHERE nb_rol_usr='Maestro'; Wed Nov 19 10:57:12 VET 2014]]></LOG><LOG TP='BD'><![CDATA[19/11/2014 -> SELECT * FROM tbl_rol_usr WHERE nb_rol_usr='Administrador'; Wed Nov 19 10:57:12 VET 2014]]></LOG><LOG TP='BD'><![CDATA[19/11/2014 -> SELECT * FROM tbl_rol_usr WHERE nb_rol_usr='Estudiante'; Wed Nov 19 10:57:12 VET 2014]]></LOG><LOG TP='BD'><![CDATA[19/11/2014 -> SELECT * FROM tbl_rol_usr WHERE nb_rol_usr='Maestro'; Wed Nov 19 10:57:12 VET 2014]]></LOG><LOG TP='BD'><![CDATA[19/11/2014 -> SELECT * FROM tbl_estatus WHERE id_estatus='3'; Wed Nov 19 10:57:12 VET 2014]]></LOG><LOG TP='BD'><![CDATA[19/11/2014 -> SELECT * FROM tbl_estatus WHERE id_estatus='3'; Wed Nov 19 10:57:12 VET 2014]]></LOG><LOG TP='BD'><![CDATA[19/11/2014 -> SELECT * FROM tbl_estatus WHERE id_estatus='3'; Wed Nov 19 10:57:12 VET 2014]]></LOG><LOG TP='BD'><![CDATA[19/11/2014 -> SELECT * FROM tbl_rol_usr WHERE id_rol_usr=3; Wed Nov 19 10:57:12 VET 2014]]></LOG><LOG TP='BD'><![CDATA[19/11/2014 -> SELECT intentos FROM tbl_conf_clave WHERE activo='1'; Wed Nov 19 11:04:30 VET 2014]]></LOG><LOG TP='BD'><![CDATA[19/11/2014 -> SELECT intentos FROM tbl_conf_clave WHERE activo='1'; Wed Nov 19 11:07:14 VET 2014]]></LOG><LOG TP='BD'><![CDATA[19/11/2014 -> SELECT * FROM usuarios WHERE tx_login='frejolano' and clave='8ad37526528dcb9f16ba7030cc4dc792'; Wed Nov 19 11:07:14 VET 2014]]></LOG><LOG TP='BD'><![CDATA[19/11/2014 -> SELECT * FROM usuarios WHERE tx_login='frejolano' and clave='8ad37526528dcb9f16ba7030cc4dc792'; Wed Nov 19 11:07:14 VET 2014]]></LOG><LOG TP='BD'><![CDATA[19/11/2014 -> SELECT * FROM usuarios WHERE tx_login='frejolano' and clave='8ad37526528dcb9f16ba7030cc4dc792'; Wed Nov 19 11:07:14 VET 2014]]></LOG><LOG TP='BD'><![CDATA[19/11/2014 -> SELECT * FROM tbl_estatus WHERE id_estatus='1'; Wed Nov 19 11:07:14 VET 2014]]></LOG><LOG TP='BD'><![CDATA[19/11/2014 -> SELECT * FROM usuarios WHERE tx_login='frejolano' and clave='8ad37526528dcb9f16ba7030cc4dc792'; Wed Nov 19 11:07:14 VET 2014]]></LOG><LOG TP='BD'><![CDATA[19/11/2014 -> SELECT * FROM tbl_rol_usr WHERE nb_rol_usr='Administrador'; Wed Nov 19 11:07:14 VET 2014]]></LOG><LOG TP='BD'><![CDATA[19/11/2014 -> SELECT * FROM tbl_rol_usr WHERE nb_rol_usr='Estudiante'; Wed Nov 19 11:07:14 VET 2014]]></LOG><LOG TP='BD'><![CDATA[19/11/2014 -> SELECT * FROM tbl_rol_usr WHERE nb_rol_usr='Maestro'; Wed Nov 19 11:07:14 VET 2014]]></LOG><LOG TP='BD'><![CDATA[19/11/2014 -> SELECT * FROM tbl_rol_usr WHERE nb_rol_usr='Administrador'; Wed Nov 19 11:07:14 VET 2014]]></LOG><LOG TP='BD'><![CDATA[19/11/2014 -> SELECT * FROM tbl_rol_usr WHERE nb_rol_usr='Estudiante'; Wed Nov 19 11:07:14 VET 2014]]></LOG><LOG TP='BD'><![CDATA[19/11/2014 -> SELECT * FROM tbl_rol_usr WHERE nb_rol_usr='Maestro'; Wed Nov 19 11:07:14 VET 2014]]></LOG><LOG TP='BD'><![CDATA[19/11/2014 -> SELECT * FROM tbl_estatus WHERE id_estatus='3'; Wed Nov 19 11:07:14 VET 2014]]></LOG><LOG TP='BD'><![CDATA[19/11/2014 -> SELECT * FROM tbl_estatus WHERE id_estatus='3'; Wed Nov 19 11:07:14 VET 2014]]></LOG><LOG TP='BD'><![CDATA[19/11/2014 -> SELECT * FROM tbl_estatus WHERE id_estatus='3'; Wed Nov 19 11:07:14 VET 2014]]></LOG><LOG TP='BD'><![CDATA[19/11/2014 -> SELECT * FROM tbl_rol_usr WHERE id_rol_usr=1; Wed Nov 19 11:07:14 VET 2014]]></LOG><LOG TP='BD'><![CDATA[19/11/2014 -> SELECT * FROM tbl_estatus WHERE nb_estatus='activo'and tx_estatus='tbl_rol_usr'; Wed Nov 19 11:07:14 VET 2014]]></LOG><LOG TP='BD'><![CDATA[19/11/2014 -> SELECT * FROM usuarios WHERE cedula='25'; Wed Nov 19 11:07:14 VET 2014]]></LOG><LOG TP='BD'><![CDATA[19/11/2014 -> SELECT intentos FROM tbl_conf_clave WHERE activo='1'; Wed Nov 19 12:29:22 VET 2014]]></LOG><LOG TP='BD'><![CDATA[19/11/2014 -> SELECT tx_preguntas FROM tbl_preguntas; Wed Nov 19 12:41:07 VET 2014]]></LOG><LOG TP='BD'><![CDATA[19/11/2014 -> SELECT * FROM tbl_preguntas WHERE tx_preguntas='¿Para cuántos príncipes hizo un gran banquete el rey Belsasar?'; Wed Nov 19 12:41:07 VET 2014]]></LOG><LOG TP='BD'><![CDATA[19/11/2014 -> SELECT * FROM tbl_resp_inc WHERE id_preguntas='147' AND opcion='a'; Wed Nov 19 12:41:07 VET 2014]]></LOG><LOG TP='BD'><![CDATA[19/11/2014 -> SELECT * FROM tbl_resp_inc WHERE id_preguntas='147' AND opcion='b'; Wed Nov 19 12:41:07 VET 2014]]></LOG><LOG TP='BD'><![CDATA[19/11/2014 -> SELECT * FROM tbl_resp_inc WHERE id_preguntas='147' AND opcion='c'; Wed Nov 19 12:41:07 VET 2014]]></LOG><LOG TP='BD'><![CDATA[19/11/2014 -> SELECT * FROM tbl_resp_inc WHERE id_preguntas='147' AND opcion='d'; Wed Nov 19 12:41:07 VET 2014]]></LOG>