<LOG TP='BD'><![CDATA[7/11/2014 -> SELECT * FROM usuarios WHERE tx_login='frejolano' and clave='12345'; Fri Nov 07 13:35:57 VET 2014]]></LOG><LOG TP='BD'><![CDATA[7/11/2014 -> SELECT * FROM usuarios WHERE tx_login='frejolano' and clave='1234'; Fri Nov 07 13:35:57 VET 2014]]></LOG><LOG TP='BD'><![CDATA[7/11/2014 -> SELECT * FROM usuarios WHERE tx_login='frejolano' and clave='1234'; Fri Nov 07 13:35:57 VET 2014]]></LOG><LOG TP='BD'><![CDATA[7/11/2014 -> SELECT * FROM usuarios WHERE tx_login='frejolano' and clave='1234'; Fri Nov 07 13:35:57 VET 2014]]></LOG><LOG TP='BD'><![CDATA[7/11/2014 -> SELECT * FROM tbl_rol_usr WHERE nb_rol_usr='Administrador'; Fri Nov 07 13:35:57 VET 2014]]></LOG><LOG TP='BD'><![CDATA[7/11/2014 -> SELECT * FROM tbl_rol_usr WHERE nb_rol_usr='Estudiante'; Fri Nov 07 13:35:57 VET 2014]]></LOG><LOG TP='BD'><![CDATA[7/11/2014 -> SELECT * FROM tbl_rol_usr WHERE nb_rol_usr='Maestro'; Fri Nov 07 13:35:57 VET 2014]]></LOG><LOG TP='BD'><![CDATA[7/11/2014 -> SELECT * FROM tbl_rol_usr WHERE id_rol_usr=1; Fri Nov 07 13:35:57 VET 2014]]></LOG><LOG TP='BD'><![CDATA[7/11/2014 -> SELECT * FROM usuarios WHERE tx_login='frejolano' and clave='1234'; Fri Nov 07 13:41:39 VET 2014]]></LOG><LOG TP='BD'><![CDATA[7/11/2014 -> SELECT * FROM usuarios WHERE tx_login='frejolano' and clave='1234'; Fri Nov 07 13:41:39 VET 2014]]></LOG><LOG TP='BD'><![CDATA[7/11/2014 -> SELECT * FROM usuarios WHERE tx_login='frejolano' and clave='1234'; Fri Nov 07 13:41:39 VET 2014]]></LOG><LOG TP='BD'><![CDATA[7/11/2014 -> SELECT * FROM tbl_rol_usr WHERE nb_rol_usr='Administrador'; Fri Nov 07 13:41:39 VET 2014]]></LOG><LOG TP='BD'><![CDATA[7/11/2014 -> SELECT * FROM tbl_rol_usr WHERE nb_rol_usr='Estudiante'; Fri Nov 07 13:41:39 VET 2014]]></LOG><LOG TP='BD'><![CDATA[7/11/2014 -> SELECT * FROM tbl_rol_usr WHERE nb_rol_usr='Maestro'; Fri Nov 07 13:41:39 VET 2014]]></LOG><LOG TP='BD'><![CDATA[7/11/2014 -> SELECT * FROM tbl_rol_usr WHERE id_rol_usr=1; Fri Nov 07 13:41:39 VET 2014]]></LOG><LOG TP='BD'><![CDATA[7/11/2014 -> SELECT * FROM usuarios WHERE tx_login='frejolano' and clave='1234'; Fri Nov 07 14:33:03 VET 2014]]></LOG><LOG TP='BD'><![CDATA[7/11/2014 -> SELECT * FROM usuarios WHERE tx_login='frejolano' and clave='1234'; Fri Nov 07 14:33:03 VET 2014]]></LOG><LOG TP='BD'><![CDATA[7/11/2014 -> SELECT * FROM usuarios WHERE tx_login='frejolano' and clave='1234'; Fri Nov 07 14:33:03 VET 2014]]></LOG><LOG TP='BD'><![CDATA[7/11/2014 -> SELECT * FROM tbl_rol_usr WHERE nb_rol_usr='Administrador'; Fri Nov 07 14:33:03 VET 2014]]></LOG><LOG TP='BD'><![CDATA[7/11/2014 -> SELECT * FROM tbl_rol_usr WHERE nb_rol_usr='Estudiante'; Fri Nov 07 14:33:03 VET 2014]]></LOG><LOG TP='BD'><![CDATA[7/11/2014 -> SELECT * FROM tbl_rol_usr WHERE nb_rol_usr='Maestro'; Fri Nov 07 14:33:03 VET 2014]]></LOG><LOG TP='BD'><![CDATA[7/11/2014 -> SELECT * FROM tbl_rol_usr WHERE id_rol_usr=1; Fri Nov 07 14:33:03 VET 2014]]></LOG><LOG TP='BD'><![CDATA[7/11/2014 -> SELECT * FROM usuarios WHERE tx_login='fejolano' and clave='12345'; Fri Nov 07 14:34:32 VET 2014]]></LOG><LOG TP='BD'><![CDATA[7/11/2014 -> SELECT * FROM usuarios WHERE tx_login='fejolano' and clave='1234'; Fri Nov 07 14:34:32 VET 2014]]></LOG><LOG TP='BD'><![CDATA[7/11/2014 -> SELECT * FROM usuarios WHERE tx_login='fejolano' and clave='1234'; Fri Nov 07 14:34:32 VET 2014]]></LOG><LOG TP='BD'><![CDATA[7/11/2014 -> SELECT * FROM usuarios WHERE tx_login='frejolano' and clave='1234'; Fri Nov 07 14:34:32 VET 2014]]></LOG><LOG TP='BD'><![CDATA[7/11/2014 -> SELECT * FROM usuarios WHERE tx_login='frejolano' and clave='1234'; Fri Nov 07 14:34:32 VET 2014]]></LOG><LOG TP='BD'><![CDATA[7/11/2014 -> SELECT * FROM usuarios WHERE tx_login='frejolano' and clave='1234'; Fri Nov 07 14:34:32 VET 2014]]></LOG><LOG TP='BD'><![CDATA[7/11/2014 -> SELECT * FROM tbl_rol_usr WHERE nb_rol_usr='Administrador'; Fri Nov 07 14:34:32 VET 2014]]></LOG><LOG TP='BD'><![CDATA[7/11/2014 -> SELECT * FROM tbl_rol_usr WHERE nb_rol_usr='Estudiante'; Fri Nov 07 14:34:32 VET 2014]]></LOG><LOG TP='BD'><![CDATA[7/11/2014 -> SELECT * FROM tbl_rol_usr WHERE nb_rol_usr='Maestro'; Fri Nov 07 14:34:32 VET 2014]]></LOG><LOG TP='BD'><![CDATA[7/11/2014 -> SELECT * FROM tbl_rol_usr WHERE id_rol_usr=1; Fri Nov 07 14:34:32 VET 2014]]></LOG><LOG TP='BD'><![CDATA[7/11/2014 -> INSERT INTO tbl_preguntas(tx_preguntas,id_etapa) VALUES('listo',1); Fri Nov 07 14:34:32 VET 2014]]></LOG><LOG TP='BD'><![CDATA[7/11/2014 -> SELECT * FROM usuarios WHERE tx_login='frejolano' and clave='1234'; Fri Nov 07 14:49:42 VET 2014]]></LOG><LOG TP='BD'><![CDATA[7/11/2014 -> SELECT * FROM usuarios WHERE tx_login='frejolano' and clave='1234'; Fri Nov 07 14:49:42 VET 2014]]></LOG><LOG TP='BD'><![CDATA[7/11/2014 -> SELECT * FROM usuarios WHERE tx_login='frejolano' and clave='1234'; Fri Nov 07 14:49:42 VET 2014]]></LOG><LOG TP='BD'><![CDATA[7/11/2014 -> SELECT * FROM tbl_rol_usr WHERE nb_rol_usr='Administrador'; Fri Nov 07 14:49:42 VET 2014]]></LOG><LOG TP='BD'><![CDATA[7/11/2014 -> SELECT * FROM tbl_rol_usr WHERE nb_rol_usr='Estudiante'; Fri Nov 07 14:49:42 VET 2014]]></LOG><LOG TP='BD'><![CDATA[7/11/2014 -> SELECT * FROM tbl_rol_usr WHERE nb_rol_usr='Maestro'; Fri Nov 07 14:49:42 VET 2014]]></LOG><LOG TP='BD'><![CDATA[7/11/2014 -> SELECT * FROM tbl_rol_usr WHERE id_rol_usr=1; Fri Nov 07 14:49:42 VET 2014]]></LOG><LOG TP='BD'><![CDATA[7/11/2014 -> SELECT * FROM usuarios WHERE tx_login='frejolano' and clave='1234'; Fri Nov 07 14:53:21 VET 2014]]></LOG><LOG TP='BD'><![CDATA[7/11/2014 -> SELECT * FROM usuarios WHERE tx_login='frejolano' and clave='1234'; Fri Nov 07 14:53:21 VET 2014]]></LOG><LOG TP='BD'><![CDATA[7/11/2014 -> SELECT * FROM usuarios WHERE tx_login='frejolano' and clave='1234'; Fri Nov 07 14:53:21 VET 2014]]></LOG><LOG TP='BD'><![CDATA[7/11/2014 -> SELECT * FROM tbl_rol_usr WHERE nb_rol_usr='Administrador'; Fri Nov 07 14:53:21 VET 2014]]></LOG><LOG TP='BD'><![CDATA[7/11/2014 -> SELECT * FROM tbl_rol_usr WHERE nb_rol_usr='Estudiante'; Fri Nov 07 14:53:21 VET 2014]]></LOG><LOG TP='BD'><![CDATA[7/11/2014 -> SELECT * FROM tbl_rol_usr WHERE nb_rol_usr='Maestro'; Fri Nov 07 14:53:21 VET 2014]]></LOG><LOG TP='BD'><![CDATA[7/11/2014 -> SELECT * FROM tbl_rol_usr WHERE id_rol_usr=1; Fri Nov 07 14:53:21 VET 2014]]></LOG><LOG TP='BD'><![CDATA[7/11/2014 -> SELECT * FROM usuarios WHERE tx_login='frejolano' and clave='12345'; Fri Nov 07 14:57:29 VET 2014]]></LOG><LOG TP='BD'><![CDATA[7/11/2014 -> SELECT * FROM usuarios WHERE tx_login='frejolano' and clave='1234'; Fri Nov 07 14:57:29 VET 2014]]></LOG><LOG TP='BD'><![CDATA[7/11/2014 -> SELECT * FROM usuarios WHERE tx_login='frejolano' and clave='1234'; Fri Nov 07 14:57:29 VET 2014]]></LOG><LOG TP='BD'><![CDATA[7/11/2014 -> SELECT * FROM usuarios WHERE tx_login='frejolano' and clave='1234'; Fri Nov 07 14:57:29 VET 2014]]></LOG><LOG TP='BD'><![CDATA[7/11/2014 -> SELECT * FROM tbl_rol_usr WHERE nb_rol_usr='Administrador'; Fri Nov 07 14:57:29 VET 2014]]></LOG><LOG TP='BD'><![CDATA[7/11/2014 -> SELECT * FROM tbl_rol_usr WHERE nb_rol_usr='Estudiante'; Fri Nov 07 14:57:29 VET 2014]]></LOG><LOG TP='BD'><![CDATA[7/11/2014 -> SELECT * FROM tbl_rol_usr WHERE nb_rol_usr='Maestro'; Fri Nov 07 14:57:29 VET 2014]]></LOG><LOG TP='BD'><![CDATA[7/11/2014 -> SELECT * FROM tbl_rol_usr WHERE id_rol_usr=1; Fri Nov 07 14:57:29 VET 2014]]></LOG><LOG TP='BD'><![CDATA[7/11/2014 -> SELECT * FROM usuarios WHERE tx_login='frejolano' and clave='12345'; Fri Nov 07 15:03:11 VET 2014]]></LOG><LOG TP='BD'><![CDATA[7/11/2014 -> SELECT * FROM usuarios WHERE tx_login='frejolano' and clave='1234'; Fri Nov 07 15:03:11 VET 2014]]></LOG><LOG TP='BD'><![CDATA[7/11/2014 -> SELECT * FROM usuarios WHERE tx_login='frejolano' and clave='1234'; Fri Nov 07 15:03:11 VET 2014]]></LOG><LOG TP='BD'><![CDATA[7/11/2014 -> SELECT * FROM usuarios WHERE tx_login='frejolano' and clave='1234'; Fri Nov 07 15:03:11 VET 2014]]></LOG><LOG TP='BD'><![CDATA[7/11/2014 -> SELECT * FROM tbl_rol_usr WHERE nb_rol_usr='Administrador'; Fri Nov 07 15:03:11 VET 2014]]></LOG><LOG TP='BD'><![CDATA[7/11/2014 -> SELECT * FROM tbl_rol_usr WHERE nb_rol_usr='Estudiante'; Fri Nov 07 15:03:11 VET 2014]]></LOG><LOG TP='BD'><![CDATA[7/11/2014 -> SELECT * FROM tbl_rol_usr WHERE nb_rol_usr='Maestro'; Fri Nov 07 15:03:11 VET 2014]]></LOG><LOG TP='BD'><![CDATA[7/11/2014 -> SELECT * FROM tbl_rol_usr WHERE id_rol_usr=1; Fri Nov 07 15:03:11 VET 2014]]></LOG><LOG TP='BD'><![CDATA[7/11/2014 -> INSERT INTO tbl_preguntas(tx_preguntas,id_etapa) VALUES('gggdgg dhbhd',2); Fri Nov 07 15:03:11 VET 2014]]></LOG><LOG TP='BD'><![CDATA[7/11/2014 -> SELECT * FROM usuarios WHERE tx_login='frejolano' and clave='1234'; Fri Nov 07 15:37:06 VET 2014]]></LOG><LOG TP='BD'><![CDATA[7/11/2014 -> SELECT * FROM usuarios WHERE tx_login='frejolano' and clave='1234'; Fri Nov 07 15:37:06 VET 2014]]></LOG><LOG TP='BD'><![CDATA[7/11/2014 -> SELECT * FROM usuarios WHERE tx_login='frejolano' and clave='1234'; Fri Nov 07 15:37:06 VET 2014]]></LOG><LOG TP='BD'><![CDATA[7/11/2014 -> SELECT * FROM tbl_rol_usr WHERE nb_rol_usr='Administrador'; Fri Nov 07 15:37:06 VET 2014]]></LOG><LOG TP='BD'><![CDATA[7/11/2014 -> SELECT * FROM tbl_rol_usr WHERE nb_rol_usr='Estudiante'; Fri Nov 07 15:37:06 VET 2014]]></LOG><LOG TP='BD'><![CDATA[7/11/2014 -> SELECT * FROM tbl_rol_usr WHERE nb_rol_usr='Maestro'; Fri Nov 07 15:37:06 VET 2014]]></LOG><LOG TP='BD'><![CDATA[7/11/2014 -> SELECT * FROM tbl_rol_usr WHERE id_rol_usr=1; Fri Nov 07 15:37:06 VET 2014]]></LOG><LOG TP='BD'><![CDATA[7/11/2014 -> SELECT * FROM usuarios WHERE tx_login='frejolano' and clave='1234'; Fri Nov 07 15:42:28 VET 2014]]></LOG><LOG TP='BD'><![CDATA[7/11/2014 -> SELECT * FROM usuarios WHERE tx_login='frejolano' and clave='1234'; Fri Nov 07 15:42:28 VET 2014]]></LOG><LOG TP='BD'><![CDATA[7/11/2014 -> SELECT * FROM usuarios WHERE tx_login='frejolano' and clave='1234'; Fri Nov 07 15:42:28 VET 2014]]></LOG><LOG TP='BD'><![CDATA[7/11/2014 -> SELECT * FROM tbl_rol_usr WHERE nb_rol_usr='Administrador'; Fri Nov 07 15:42:28 VET 2014]]></LOG><LOG TP='BD'><![CDATA[7/11/2014 -> SELECT * FROM tbl_rol_usr WHERE nb_rol_usr='Estudiante'; Fri Nov 07 15:42:28 VET 2014]]></LOG><LOG TP='BD'><![CDATA[7/11/2014 -> SELECT * FROM tbl_rol_usr WHERE nb_rol_usr='Maestro'; Fri Nov 07 15:42:28 VET 2014]]></LOG><LOG TP='BD'><![CDATA[7/11/2014 -> SELECT * FROM tbl_rol_usr WHERE id_rol_usr=1; Fri Nov 07 15:42:28 VET 2014]]></LOG><LOG TP='BD'><![CDATA[7/11/2014 -> SELECT * FROM usuarios WHERE tx_login='frejolano' and clave='1234'; Fri Nov 07 15:49:52 VET 2014]]></LOG><LOG TP='BD'><![CDATA[7/11/2014 -> SELECT * FROM usuarios WHERE tx_login='frejolano' and clave='1234'; Fri Nov 07 15:49:52 VET 2014]]></LOG><LOG TP='BD'><![CDATA[7/11/2014 -> SELECT * FROM usuarios WHERE tx_login='frejolano' and clave='1234'; Fri Nov 07 15:49:52 VET 2014]]></LOG><LOG TP='BD'><![CDATA[7/11/2014 -> SELECT * FROM tbl_rol_usr WHERE nb_rol_usr='Administrador'; Fri Nov 07 15:49:52 VET 2014]]></LOG><LOG TP='BD'><![CDATA[7/11/2014 -> SELECT * FROM tbl_rol_usr WHERE nb_rol_usr='Estudiante'; Fri Nov 07 15:49:52 VET 2014]]></LOG><LOG TP='BD'><![CDATA[7/11/2014 -> SELECT * FROM tbl_rol_usr WHERE nb_rol_usr='Maestro'; Fri Nov 07 15:49:52 VET 2014]]></LOG><LOG TP='BD'><![CDATA[7/11/2014 -> SELECT * FROM tbl_rol_usr WHERE id_rol_usr=1; Fri Nov 07 15:49:52 VET 2014]]></LOG><LOG TP='BD'><![CDATA[7/11/2014 -> SELECT * FROM usuarios WHERE tx_login='frejolano' and clave='1234'; Fri Nov 07 15:56:08 VET 2014]]></LOG><LOG TP='BD'><![CDATA[7/11/2014 -> SELECT * FROM usuarios WHERE tx_login='frejolano' and clave='1234'; Fri Nov 07 15:56:08 VET 2014]]></LOG><LOG TP='BD'><![CDATA[7/11/2014 -> SELECT * FROM usuarios WHERE tx_login='frejolano' and clave='1234'; Fri Nov 07 15:56:08 VET 2014]]></LOG><LOG TP='BD'><![CDATA[7/11/2014 -> SELECT * FROM tbl_rol_usr WHERE nb_rol_usr='Administrador'; Fri Nov 07 15:56:08 VET 2014]]></LOG><LOG TP='BD'><![CDATA[7/11/2014 -> SELECT * FROM tbl_rol_usr WHERE nb_rol_usr='Estudiante'; Fri Nov 07 15:56:08 VET 2014]]></LOG><LOG TP='BD'><![CDATA[7/11/2014 -> SELECT * FROM tbl_rol_usr WHERE nb_rol_usr='Maestro'; Fri Nov 07 15:56:08 VET 2014]]></LOG><LOG TP='BD'><![CDATA[7/11/2014 -> SELECT * FROM tbl_rol_usr WHERE id_rol_usr=1; Fri Nov 07 15:56:08 VET 2014]]></LOG><LOG TP='BD'><![CDATA[7/11/2014 -> SELECT * FROM usuarios WHERE tx_login='frejolano' and clave='12345'; Fri Nov 07 16:00:14 VET 2014]]></LOG><LOG TP='BD'><![CDATA[7/11/2014 -> SELECT * FROM usuarios WHERE tx_login='frejolano' and clave='1234'; Fri Nov 07 16:00:14 VET 2014]]></LOG><LOG TP='BD'><![CDATA[7/11/2014 -> SELECT * FROM usuarios WHERE tx_login='frejolano' and clave='1234'; Fri Nov 07 16:00:14 VET 2014]]></LOG><LOG TP='BD'><![CDATA[7/11/2014 -> SELECT * FROM usuarios WHERE tx_login='frejolano' and clave='1234'; Fri Nov 07 16:00:14 VET 2014]]></LOG><LOG TP='BD'><![CDATA[7/11/2014 -> SELECT * FROM tbl_rol_usr WHERE nb_rol_usr='Administrador'; Fri Nov 07 16:00:14 VET 2014]]></LOG><LOG TP='BD'><![CDATA[7/11/2014 -> SELECT * FROM tbl_rol_usr WHERE nb_rol_usr='Estudiante'; Fri Nov 07 16:00:14 VET 2014]]></LOG><LOG TP='BD'><![CDATA[7/11/2014 -> SELECT * FROM tbl_rol_usr WHERE nb_rol_usr='Maestro'; Fri Nov 07 16:00:14 VET 2014]]></LOG><LOG TP='BD'><![CDATA[7/11/2014 -> SELECT * FROM tbl_rol_usr WHERE id_rol_usr=1; Fri Nov 07 16:00:14 VET 2014]]></LOG><LOG TP='BD'><![CDATA[7/11/2014 -> SELECT * FROM usuarios WHERE tx_login='frejolano' and clave='1234'; Fri Nov 07 16:01:37 VET 2014]]></LOG><LOG TP='BD'><![CDATA[7/11/2014 -> SELECT * FROM usuarios WHERE tx_login='frejolano' and clave='1234'; Fri Nov 07 16:01:37 VET 2014]]></LOG><LOG TP='BD'><![CDATA[7/11/2014 -> SELECT * FROM usuarios WHERE tx_login='frejolano' and clave='1234'; Fri Nov 07 16:01:37 VET 2014]]></LOG><LOG TP='BD'><![CDATA[7/11/2014 -> SELECT * FROM tbl_rol_usr WHERE nb_rol_usr='Administrador'; Fri Nov 07 16:01:37 VET 2014]]></LOG><LOG TP='BD'><![CDATA[7/11/2014 -> SELECT * FROM tbl_rol_usr WHERE nb_rol_usr='Estudiante'; Fri Nov 07 16:01:37 VET 2014]]></LOG><LOG TP='BD'><![CDATA[7/11/2014 -> SELECT * FROM tbl_rol_usr WHERE nb_rol_usr='Maestro'; Fri Nov 07 16:01:37 VET 2014]]></LOG><LOG TP='BD'><![CDATA[7/11/2014 -> SELECT * FROM tbl_rol_usr WHERE id_rol_usr=1; Fri Nov 07 16:01:37 VET 2014]]></LOG><LOG TP='BD'><![CDATA[7/11/2014 -> SELECT * FROM usuarios WHERE tx_login='frejolno' and clave='1234'; Fri Nov 07 16:02:56 VET 2014]]></LOG><LOG TP='BD'><![CDATA[7/11/2014 -> SELECT * FROM usuarios WHERE tx_login='frejolano' and clave='1234'; Fri Nov 07 16:02:56 VET 2014]]></LOG><LOG TP='BD'><![CDATA[7/11/2014 -> SELECT * FROM usuarios WHERE tx_login='frejolano' and clave='1234'; Fri Nov 07 16:02:56 VET 2014]]></LOG><LOG TP='BD'><![CDATA[7/11/2014 -> SELECT * FROM usuarios WHERE tx_login='frejolano' and clave='1234'; Fri Nov 07 16:02:56 VET 2014]]></LOG><LOG TP='BD'><![CDATA[7/11/2014 -> SELECT * FROM tbl_rol_usr WHERE nb_rol_usr='Administrador'; Fri Nov 07 16:02:56 VET 2014]]></LOG><LOG TP='BD'><![CDATA[7/11/2014 -> SELECT * FROM tbl_rol_usr WHERE nb_rol_usr='Estudiante'; Fri Nov 07 16:02:56 VET 2014]]></LOG><LOG TP='BD'><![CDATA[7/11/2014 -> SELECT * FROM tbl_rol_usr WHERE nb_rol_usr='Maestro'; Fri Nov 07 16:02:56 VET 2014]]></LOG><LOG TP='BD'><![CDATA[7/11/2014 -> SELECT * FROM tbl_rol_usr WHERE id_rol_usr=1; Fri Nov 07 16:02:56 VET 2014]]></LOG><LOG TP='BD'><![CDATA[7/11/2014 -> SELECT * FROM usuarios WHERE tx_login='frejolano' and clave='12345'; Fri Nov 07 16:04:25 VET 2014]]></LOG><LOG TP='BD'><![CDATA[7/11/2014 -> SELECT * FROM usuarios WHERE tx_login='frejolano' and clave='1234'; Fri Nov 07 16:04:25 VET 2014]]></LOG><LOG TP='BD'><![CDATA[7/11/2014 -> SELECT * FROM usuarios WHERE tx_login='frejolano' and clave='1234'; Fri Nov 07 16:04:25 VET 2014]]></LOG><LOG TP='BD'><![CDATA[7/11/2014 -> SELECT * FROM usuarios WHERE tx_login='frejolano' and clave='1234'; Fri Nov 07 16:04:25 VET 2014]]></LOG><LOG TP='BD'><![CDATA[7/11/2014 -> SELECT * FROM tbl_rol_usr WHERE nb_rol_usr='Administrador'; Fri Nov 07 16:04:25 VET 2014]]></LOG><LOG TP='BD'><![CDATA[7/11/2014 -> SELECT * FROM tbl_rol_usr WHERE nb_rol_usr='Estudiante'; Fri Nov 07 16:04:25 VET 2014]]></LOG><LOG TP='BD'><![CDATA[7/11/2014 -> SELECT * FROM tbl_rol_usr WHERE nb_rol_usr='Maestro'; Fri Nov 07 16:04:25 VET 2014]]></LOG><LOG TP='BD'><![CDATA[7/11/2014 -> SELECT * FROM tbl_rol_usr WHERE id_rol_usr=1; Fri Nov 07 16:04:25 VET 2014]]></LOG><LOG TP='BD'><![CDATA[7/11/2014 -> SELECT * FROM usuarios WHERE tx_login='jesus' and clave='12345'; Fri Nov 07 16:06:46 VET 2014]]></LOG><LOG TP='BD'><![CDATA[7/11/2014 -> SELECT * FROM usuarios WHERE tx_login='rrrggg' and clave='12345'; Fri Nov 07 16:06:46 VET 2014]]></LOG><LOG TP='BD'><![CDATA[7/11/2014 -> SELECT * FROM usuarios WHERE tx_login='rrrggg' and clave='12345'; Fri Nov 07 16:06:46 VET 2014]]></LOG><LOG TP='BD'><![CDATA[7/11/2014 -> SELECT * FROM usuarios WHERE tx_login='rrrggg' and clave='12345'; Fri Nov 07 16:06:46 VET 2014]]></LOG><LOG TP='BD'><![CDATA[7/11/2014 -> SELECT * FROM tbl_rol_usr WHERE nb_rol_usr='Administrador'; Fri Nov 07 16:06:46 VET 2014]]></LOG><LOG TP='BD'><![CDATA[7/11/2014 -> SELECT * FROM tbl_rol_usr WHERE nb_rol_usr='Estudiante'; Fri Nov 07 16:06:46 VET 2014]]></LOG><LOG TP='BD'><![CDATA[7/11/2014 -> SELECT * FROM tbl_rol_usr WHERE nb_rol_usr='Maestro'; Fri Nov 07 16:06:46 VET 2014]]></LOG><LOG TP='BD'><![CDATA[7/11/2014 -> SELECT * FROM tbl_rol_usr WHERE id_rol_usr=1; Fri Nov 07 16:06:46 VET 2014]]></LOG><LOG TP='BD'><![CDATA[7/11/2014 -> SELECT * FROM usuarios WHERE tx_login='ddddd' and clave='12345'; Fri Nov 07 16:08:40 VET 2014]]></LOG><LOG TP='BD'><![CDATA[7/11/2014 -> SELECT * FROM usuarios WHERE tx_login='ddddd' and clave='12345'; Fri Nov 07 16:08:40 VET 2014]]></LOG><LOG TP='BD'><![CDATA[7/11/2014 -> SELECT * FROM usuarios WHERE tx_login='ddddd' and clave='12345'; Fri Nov 07 16:08:40 VET 2014]]></LOG><LOG TP='BD'><![CDATA[7/11/2014 -> SELECT * FROM tbl_rol_usr WHERE nb_rol_usr='Administrador'; Fri Nov 07 16:08:40 VET 2014]]></LOG><LOG TP='BD'><![CDATA[7/11/2014 -> SELECT * FROM tbl_rol_usr WHERE nb_rol_usr='Estudiante'; Fri Nov 07 16:08:40 VET 2014]]></LOG><LOG TP='BD'><![CDATA[7/11/2014 -> SELECT * FROM tbl_rol_usr WHERE nb_rol_usr='Maestro'; Fri Nov 07 16:08:40 VET 2014]]></LOG><LOG TP='BD'><![CDATA[7/11/2014 -> SELECT id_estado FROM tbl_estado WHERE nb_estado='Barinas'; Fri Nov 07 16:08:40 VET 2014]]></LOG><LOG TP='BD'><![CDATA[7/11/2014 -> SELECT id_estado FROM tbl_estado WHERE nb_estado='Barinas'; Fri Nov 07 16:08:40 VET 2014]]></LOG><LOG TP='BD'><![CDATA[7/11/2014 -> SELECT id_estado FROM tbl_estado WHERE nb_estado='Barinas'; Fri Nov 07 16:08:40 VET 2014]]></LOG><LOG TP='BD'><![CDATA[7/11/2014 -> SELECT id_estado FROM tbl_estado WHERE nb_estado='Barinas'; Fri Nov 07 16:08:40 VET 2014]]></LOG><LOG TP='BD'><![CDATA[7/11/2014 -> SELECT id_municipio FROM tbl_municipio WHERE nb_municipio='Ezequiel Zamora'; Fri Nov 07 16:08:40 VET 2014]]></LOG><LOG TP='BD'><![CDATA[7/11/2014 -> SELECT id_municipio FROM tbl_municipio WHERE nb_municipio='Ezequiel Zamora'; Fri Nov 07 16:08:40 VET 2014]]></LOG><LOG TP='BD'><![CDATA[7/11/2014 -> SELECT * FROM usuarios WHERE tx_login='frejolano' and clave='12345'; Fri Nov 07 16:14:26 VET 2014]]></LOG><LOG TP='BD'><![CDATA[7/11/2014 -> SELECT * FROM usuarios WHERE tx_login='frejolano' and clave='1234'; Fri Nov 07 16:14:26 VET 2014]]></LOG><LOG TP='BD'><![CDATA[7/11/2014 -> SELECT * FROM usuarios WHERE tx_login='frejolano' and clave='1234'; Fri Nov 07 16:14:26 VET 2014]]></LOG><LOG TP='BD'><![CDATA[7/11/2014 -> SELECT * FROM usuarios WHERE tx_login='frejolano' and clave='1234'; Fri Nov 07 16:14:26 VET 2014]]></LOG><LOG TP='BD'><![CDATA[7/11/2014 -> SELECT * FROM tbl_rol_usr WHERE nb_rol_usr='Administrador'; Fri Nov 07 16:14:26 VET 2014]]></LOG><LOG TP='BD'><![CDATA[7/11/2014 -> SELECT * FROM tbl_rol_usr WHERE nb_rol_usr='Estudiante'; Fri Nov 07 16:14:26 VET 2014]]></LOG><LOG TP='BD'><![CDATA[7/11/2014 -> SELECT * FROM tbl_rol_usr WHERE nb_rol_usr='Maestro'; Fri Nov 07 16:14:26 VET 2014]]></LOG><LOG TP='BD'><![CDATA[7/11/2014 -> SELECT * FROM tbl_rol_usr WHERE id_rol_usr=1; Fri Nov 07 16:14:26 VET 2014]]></LOG><LOG TP='BD'><![CDATA[7/11/2014 -> SELECT id_etapa FROM tbl_etapas WHERE nombre_etapa='primera etapa'; Fri Nov 07 16:14:26 VET 2014]]></LOG><LOG TP='BD'><![CDATA[7/11/2014 -> SELECT id_etapa FROM tbl_etapas WHERE nombre_etapa='primera etapa'; Fri Nov 07 16:14:26 VET 2014]]></LOG><LOG TP='BD'><![CDATA[7/11/2014 -> SELECT id_etapa FROM tbl_etapas WHERE nombre_etapa='tercera etapa'; Fri Nov 07 16:14:26 VET 2014]]></LOG><LOG TP='BD'><![CDATA[7/11/2014 -> SELECT id_etapa FROM tbl_etapas WHERE nombre_etapa='tercera etapa'; Fri Nov 07 16:14:26 VET 2014]]></LOG><LOG TP='BD'><![CDATA[7/11/2014 -> SELECT * FROM usuarios WHERE tx_login='frejolano' and clave='1234'; Fri Nov 07 16:17:06 VET 2014]]></LOG><LOG TP='BD'><![CDATA[7/11/2014 -> SELECT * FROM usuarios WHERE tx_login='frejolano' and clave='1234'; Fri Nov 07 16:17:06 VET 2014]]></LOG><LOG TP='BD'><![CDATA[7/11/2014 -> SELECT * FROM usuarios WHERE tx_login='frejolano' and clave='1234'; Fri Nov 07 16:17:06 VET 2014]]></LOG><LOG TP='BD'><![CDATA[7/11/2014 -> SELECT * FROM tbl_rol_usr WHERE nb_rol_usr='Administrador'; Fri Nov 07 16:17:06 VET 2014]]></LOG><LOG TP='BD'><![CDATA[7/11/2014 -> SELECT * FROM tbl_rol_usr WHERE nb_rol_usr='Estudiante'; Fri Nov 07 16:17:06 VET 2014]]></LOG><LOG TP='BD'><![CDATA[7/11/2014 -> SELECT * FROM tbl_rol_usr WHERE nb_rol_usr='Maestro'; Fri Nov 07 16:17:06 VET 2014]]></LOG><LOG TP='BD'><![CDATA[7/11/2014 -> SELECT * FROM tbl_rol_usr WHERE id_rol_usr=1; Fri Nov 07 16:17:06 VET 2014]]></LOG><LOG TP='BD'><![CDATA[7/11/2014 -> SELECT id_etapa FROM tbl_etapas WHERE nombre_etapa='primera etapa'; Fri Nov 07 16:17:06 VET 2014]]></LOG><LOG TP='BD'><![CDATA[7/11/2014 -> SELECT id_etapa FROM tbl_etapas WHERE nombre_etapa='primera etapa'; Fri Nov 07 16:17:06 VET 2014]]></LOG><LOG TP='BD'><![CDATA[7/11/2014 -> SELECT id_etapa FROM tbl_etapas WHERE nombre_etapa='tercera etapa'; Fri Nov 07 16:17:06 VET 2014]]></LOG><LOG TP='BD'><![CDATA[7/11/2014 -> SELECT id_etapa FROM tbl_etapas WHERE nombre_etapa='tercera etapa'; Fri Nov 07 16:17:06 VET 2014]]></LOG><LOG TP='BD'><![CDATA[7/11/2014 -> SELECT * FROM usuarios WHERE tx_login='frejolano' and clave='1234'; Fri Nov 07 16:36:49 VET 2014]]></LOG><LOG TP='BD'><![CDATA[7/11/2014 -> SELECT * FROM usuarios WHERE tx_login='frejolano' and clave='1234'; Fri Nov 07 16:36:49 VET 2014]]></LOG><LOG TP='BD'><![CDATA[7/11/2014 -> SELECT * FROM usuarios WHERE tx_login='frejolano' and clave='1234'; Fri Nov 07 16:36:49 VET 2014]]></LOG><LOG TP='BD'><![CDATA[7/11/2014 -> SELECT * FROM tbl_rol_usr WHERE nb_rol_usr='Administrador'; Fri Nov 07 16:36:49 VET 2014]]></LOG><LOG TP='BD'><![CDATA[7/11/2014 -> SELECT * FROM tbl_rol_usr WHERE nb_rol_usr='Estudiante'; Fri Nov 07 16:36:49 VET 2014]]></LOG><LOG TP='BD'><![CDATA[7/11/2014 -> SELECT * FROM tbl_rol_usr WHERE nb_rol_usr='Maestro'; Fri Nov 07 16:36:49 VET 2014]]></LOG><LOG TP='BD'><![CDATA[7/11/2014 -> SELECT * FROM tbl_rol_usr WHERE id_rol_usr=1; Fri Nov 07 16:36:49 VET 2014]]></LOG><LOG TP='BD'><![CDATA[7/11/2014 -> SELECT id_etapa FROM tbl_etapas WHERE nombre_etapa='tercera etapa'; Fri Nov 07 16:36:49 VET 2014]]></LOG><LOG TP='BD'><![CDATA[7/11/2014 -> SELECT id_etapa FROM tbl_etapas WHERE nombre_etapa='tercera etapa'; Fri Nov 07 16:36:49 VET 2014]]></LOG><LOG TP='BD'><![CDATA[7/11/2014 -> SELECT * FROM usuarios WHERE tx_login='frejolano' and clave='1234'; Fri Nov 07 17:08:23 VET 2014]]></LOG><LOG TP='BD'><![CDATA[7/11/2014 -> SELECT * FROM usuarios WHERE tx_login='frejolano' and clave='1234'; Fri Nov 07 17:08:23 VET 2014]]></LOG><LOG TP='BD'><![CDATA[7/11/2014 -> SELECT * FROM usuarios WHERE tx_login='frejolano' and clave='1234'; Fri Nov 07 17:08:23 VET 2014]]></LOG><LOG TP='BD'><![CDATA[7/11/2014 -> SELECT * FROM tbl_rol_usr WHERE nb_rol_usr='Administrador'; Fri Nov 07 17:08:23 VET 2014]]></LOG><LOG TP='BD'><![CDATA[7/11/2014 -> SELECT * FROM tbl_rol_usr WHERE nb_rol_usr='Estudiante'; Fri Nov 07 17:08:23 VET 2014]]></LOG><LOG TP='BD'><![CDATA[7/11/2014 -> SELECT * FROM tbl_rol_usr WHERE nb_rol_usr='Maestro'; Fri Nov 07 17:08:23 VET 2014]]></LOG><LOG TP='BD'><![CDATA[7/11/2014 -> SELECT * FROM tbl_rol_usr WHERE id_rol_usr=1; Fri Nov 07 17:08:23 VET 2014]]></LOG><LOG TP='BD'><![CDATA[7/11/2014 -> SELECT id_etapa FROM tbl_etapas WHERE nombre_etapa='tercera etapa'; Fri Nov 07 17:08:23 VET 2014]]></LOG><LOG TP='BD'><![CDATA[7/11/2014 -> SELECT * FROM usuarios WHERE tx_login='frejolano' and clave='1234'; Fri Nov 07 17:10:32 VET 2014]]></LOG><LOG TP='BD'><![CDATA[7/11/2014 -> SELECT * FROM usuarios WHERE tx_login='frejolano' and clave='1234'; Fri Nov 07 17:10:32 VET 2014]]></LOG><LOG TP='BD'><![CDATA[7/11/2014 -> SELECT * FROM usuarios WHERE tx_login='frejolano' and clave='1234'; Fri Nov 07 17:10:32 VET 2014]]></LOG><LOG TP='BD'><![CDATA[7/11/2014 -> SELECT * FROM tbl_rol_usr WHERE nb_rol_usr='Administrador'; Fri Nov 07 17:10:32 VET 2014]]></LOG><LOG TP='BD'><![CDATA[7/11/2014 -> SELECT * FROM tbl_rol_usr WHERE nb_rol_usr='Estudiante'; Fri Nov 07 17:10:32 VET 2014]]></LOG><LOG TP='BD'><![CDATA[7/11/2014 -> SELECT * FROM tbl_rol_usr WHERE nb_rol_usr='Maestro'; Fri Nov 07 17:10:32 VET 2014]]></LOG><LOG TP='BD'><![CDATA[7/11/2014 -> SELECT * FROM tbl_rol_usr WHERE id_rol_usr=1; Fri Nov 07 17:10:32 VET 2014]]></LOG><LOG TP='BD'><![CDATA[7/11/2014 -> SELECT id_etapa FROM tbl_etapas WHERE nombre_etapa='tercera etapa'; Fri Nov 07 17:10:32 VET 2014]]></LOG><LOG TP='BD'><![CDATA[7/11/2014 -> SELECT id_preguntas FROM tbl_preguntas WHERE tx_preguntas='¿Cuantos libros posee el nuevo testamento segun Reina Valera?'; Fri Nov 07 17:10:32 VET 2014]]></LOG><LOG TP='BD'><![CDATA[7/11/2014 -> SELECT id_preguntas FROM tbl_preguntas WHERE tx_preguntas='¿Cuantos libros posee el nuevo testamento segun Reina Valera?'; Fri Nov 07 17:10:32 VET 2014]]></LOG><LOG TP='BD'><![CDATA[7/11/2014 -> SELECT id_preguntas FROM tbl_preguntas WHERE tx_preguntas='¿Cuantos libros posee el nuevo testamento segun Reina Valera?'; Fri Nov 07 17:10:32 VET 2014]]></LOG><LOG TP='BD'><![CDATA[7/11/2014 -> SELECT id_preguntas FROM tbl_preguntas WHERE tx_preguntas='¿Cuantos libros posee el nuevo testamento segun Reina Valera?'; Fri Nov 07 17:10:32 VET 2014]]></LOG><LOG TP='BD'><![CDATA[7/11/2014 -> SELECT id_preguntas FROM tbl_preguntas WHERE tx_preguntas='¿Cuantos libros posee el nuevo testamento segun Reina Valera?'; Fri Nov 07 17:10:32 VET 2014]]></LOG><LOG TP='BD'><![CDATA[7/11/2014 -> SELECT id_preguntas FROM tbl_preguntas WHERE tx_preguntas='¿Cuantos libros posee el nuevo testamento segun Reina Valera?'; Fri Nov 07 17:10:32 VET 2014]]></LOG><LOG TP='BD'><![CDATA[7/11/2014 -> SELECT id_preguntas FROM tbl_preguntas WHERE tx_preguntas='¿Cuantos libros posee el nuevo testamento segun Reina Valera?'; Fri Nov 07 17:10:32 VET 2014]]></LOG><LOG TP='BD'><![CDATA[7/11/2014 -> SELECT id_preguntas FROM tbl_preguntas WHERE tx_preguntas='¿Cuantos libros posee el nuevo testamento segun Reina Valera?'; Fri Nov 07 17:10:32 VET 2014]]></LOG><LOG TP='BD'><![CDATA[7/11/2014 -> SELECT * FROM usuarios WHERE tx_login='frejolano' and clave='1234'; Fri Nov 07 17:17:19 VET 2014]]></LOG><LOG TP='BD'><![CDATA[7/11/2014 -> SELECT * FROM usuarios WHERE tx_login='frejolano' and clave='1234'; Fri Nov 07 17:17:19 VET 2014]]></LOG><LOG TP='BD'><![CDATA[7/11/2014 -> SELECT * FROM usuarios WHERE tx_login='frejolano' and clave='1234'; Fri Nov 07 17:17:19 VET 2014]]></LOG><LOG TP='BD'><![CDATA[7/11/2014 -> SELECT * FROM tbl_rol_usr WHERE nb_rol_usr='Administrador'; Fri Nov 07 17:17:19 VET 2014]]></LOG><LOG TP='BD'><![CDATA[7/11/2014 -> SELECT * FROM tbl_rol_usr WHERE nb_rol_usr='Estudiante'; Fri Nov 07 17:17:19 VET 2014]]></LOG><LOG TP='BD'><![CDATA[7/11/2014 -> SELECT * FROM tbl_rol_usr WHERE nb_rol_usr='Maestro'; Fri Nov 07 17:17:19 VET 2014]]></LOG><LOG TP='BD'><![CDATA[7/11/2014 -> SELECT * FROM tbl_rol_usr WHERE id_rol_usr=1; Fri Nov 07 17:17:19 VET 2014]]></LOG><LOG TP='BD'><![CDATA[7/11/2014 -> SELECT id_etapa FROM tbl_etapas WHERE nombre_etapa='tercera etapa'; Fri Nov 07 17:17:19 VET 2014]]></LOG><LOG TP='BD'><![CDATA[7/11/2014 -> SELECT id_preguntas FROM tbl_preguntas WHERE tx_preguntas='¿Cuantos libros posee el antiguo testamento segun Reina Valera?'; Fri Nov 07 17:17:19 VET 2014]]></LOG><LOG TP='BD'><![CDATA[7/11/2014 -> SELECT * FROM usuarios WHERE tx_login='frejolano' and clave='1234'; Fri Nov 07 17:26:55 VET 2014]]></LOG><LOG TP='BD'><![CDATA[7/11/2014 -> SELECT * FROM usuarios WHERE tx_login='frejolano' and clave='1234'; Fri Nov 07 17:26:55 VET 2014]]></LOG><LOG TP='BD'><![CDATA[7/11/2014 -> SELECT * FROM usuarios WHERE tx_login='frejolano' and clave='1234'; Fri Nov 07 17:26:55 VET 2014]]></LOG><LOG TP='BD'><![CDATA[7/11/2014 -> SELECT * FROM tbl_rol_usr WHERE nb_rol_usr='Administrador'; Fri Nov 07 17:26:55 VET 2014]]></LOG><LOG TP='BD'><![CDATA[7/11/2014 -> SELECT * FROM tbl_rol_usr WHERE nb_rol_usr='Estudiante'; Fri Nov 07 17:26:55 VET 2014]]></LOG><LOG TP='BD'><![CDATA[7/11/2014 -> SELECT * FROM tbl_rol_usr WHERE nb_rol_usr='Maestro'; Fri Nov 07 17:26:55 VET 2014]]></LOG><LOG TP='BD'><![CDATA[7/11/2014 -> SELECT * FROM tbl_rol_usr WHERE id_rol_usr=1; Fri Nov 07 17:26:55 VET 2014]]></LOG><LOG TP='BD'><![CDATA[7/11/2014 -> SELECT id_etapa FROM tbl_etapas WHERE nombre_etapa='tercera etapa'; Fri Nov 07 17:26:55 VET 2014]]></LOG><LOG TP='BD'><![CDATA[7/11/2014 -> SELECT id_preguntas FROM tbl_preguntas WHERE tx_preguntas='¿Que es la fe?'; Fri Nov 07 17:26:55 VET 2014]]></LOG><LOG TP='BD'><![CDATA[7/11/2014 -> SELECT * FROM usuarios WHERE tx_login='frejolano' and clave='1234'; Fri Nov 07 17:31:25 VET 2014]]></LOG><LOG TP='BD'><![CDATA[7/11/2014 -> SELECT * FROM usuarios WHERE tx_login='frejolano' and clave='1234'; Fri Nov 07 17:31:25 VET 2014]]></LOG><LOG TP='BD'><![CDATA[7/11/2014 -> SELECT * FROM usuarios WHERE tx_login='frejolano' and clave='1234'; Fri Nov 07 17:31:25 VET 2014]]></LOG><LOG TP='BD'><![CDATA[7/11/2014 -> SELECT * FROM tbl_rol_usr WHERE nb_rol_usr='Administrador'; Fri Nov 07 17:31:25 VET 2014]]></LOG><LOG TP='BD'><![CDATA[7/11/2014 -> SELECT * FROM tbl_rol_usr WHERE nb_rol_usr='Estudiante'; Fri Nov 07 17:31:25 VET 2014]]></LOG><LOG TP='BD'><![CDATA[7/11/2014 -> SELECT * FROM tbl_rol_usr WHERE nb_rol_usr='Maestro'; Fri Nov 07 17:31:25 VET 2014]]></LOG><LOG TP='BD'><![CDATA[7/11/2014 -> SELECT * FROM tbl_rol_usr WHERE id_rol_usr=1; Fri Nov 07 17:31:25 VET 2014]]></LOG><LOG TP='BD'><![CDATA[7/11/2014 -> SELECT id_etapa FROM tbl_etapas WHERE nombre_etapa='tercera etapa'; Fri Nov 07 17:31:25 VET 2014]]></LOG><LOG TP='BD'><![CDATA[7/11/2014 -> SELECT id_preguntas FROM tbl_preguntas WHERE tx_preguntas='¿Que es la fe?'; Fri Nov 07 17:31:25 VET 2014]]></LOG>