<LOG TP='BD'><![CDATA[17/11/2014 -> SELECT * FROM usuarios WHERE tx_login='frejolano' and clave='1234'; Mon Nov 17 12:30:40 VET 2014]]></LOG><LOG TP='BD'><![CDATA[17/11/2014 -> SELECT * FROM usuarios WHERE tx_login='frejolano' and clave='1234'; Mon Nov 17 12:30:40 VET 2014]]></LOG><LOG TP='BD'><![CDATA[17/11/2014 -> SELECT * FROM usuarios WHERE tx_login='frejolano' and clave='1234'; Mon Nov 17 12:30:40 VET 2014]]></LOG><LOG TP='BD'><![CDATA[17/11/2014 -> SELECT * FROM tbl_estatus WHERE id_estatus='1'; Mon Nov 17 12:30:40 VET 2014]]></LOG><LOG TP='BD'><![CDATA[17/11/2014 -> SELECT * FROM usuarios WHERE tx_login='frejolano' and clave='1234'; Mon Nov 17 12:30:40 VET 2014]]></LOG><LOG TP='BD'><![CDATA[17/11/2014 -> SELECT * FROM tbl_rol_usr WHERE nb_rol_usr='Administrador'; Mon Nov 17 12:30:40 VET 2014]]></LOG><LOG TP='BD'><![CDATA[17/11/2014 -> SELECT * FROM tbl_rol_usr WHERE nb_rol_usr='Estudiante'; Mon Nov 17 12:30:40 VET 2014]]></LOG><LOG TP='BD'><![CDATA[17/11/2014 -> SELECT * FROM tbl_rol_usr WHERE nb_rol_usr='Maestro'; Mon Nov 17 12:30:40 VET 2014]]></LOG><LOG TP='BD'><![CDATA[17/11/2014 -> SELECT * FROM tbl_rol_usr WHERE nb_rol_usr='Administrador'; Mon Nov 17 12:30:40 VET 2014]]></LOG><LOG TP='BD'><![CDATA[17/11/2014 -> SELECT * FROM tbl_rol_usr WHERE nb_rol_usr='Estudiante'; Mon Nov 17 12:30:40 VET 2014]]></LOG><LOG TP='BD'><![CDATA[17/11/2014 -> SELECT * FROM tbl_rol_usr WHERE nb_rol_usr='Maestro'; Mon Nov 17 12:30:40 VET 2014]]></LOG><LOG TP='BD'><![CDATA[17/11/2014 -> SELECT * FROM tbl_estatus WHERE id_estatus='3'; Mon Nov 17 12:30:40 VET 2014]]></LOG><LOG TP='BD'><![CDATA[17/11/2014 -> SELECT * FROM tbl_estatus WHERE id_estatus='3'; Mon Nov 17 12:30:40 VET 2014]]></LOG><LOG TP='BD'><![CDATA[17/11/2014 -> SELECT * FROM tbl_estatus WHERE id_estatus='3'; Mon Nov 17 12:30:40 VET 2014]]></LOG><LOG TP='BD'><![CDATA[17/11/2014 -> SELECT * FROM tbl_rol_usr WHERE id_rol_usr=1; Mon Nov 17 12:30:40 VET 2014]]></LOG><LOG TP='BD'><![CDATA[17/11/2014 -> SELECT * FROM tbl_estatus WHERE nb_estatus='activo'and tx_estatus='tbl_rol_usr'; Mon Nov 17 12:30:40 VET 2014]]></LOG><LOG TP='BD'><![CDATA[17/11/2014 -> SELECT * FROM usuarios WHERE cedula='11800120'; Mon Nov 17 12:30:40 VET 2014]]></LOG><LOG TP='BD'><![CDATA[17/11/2014 -> SELECT * FROM usuarios WHERE cedula='11800120'; Mon Nov 17 12:30:40 VET 2014]]></LOG><LOG TP='BD'><![CDATA[17/11/2014 -> SELECT * FROM usuarios WHERE cedula='11800120'; Mon Nov 17 12:30:40 VET 2014]]></LOG><LOG TP='BD'><![CDATA[17/11/2014 -> SELECT * FROM usuarios WHERE cedula='11800120'; Mon Nov 17 12:30:40 VET 2014]]></LOG><LOG TP='BD'><![CDATA[17/11/2014 -> SELECT * FROM usuarios WHERE cedula='11800120'; Mon Nov 17 12:30:40 VET 2014]]></LOG><LOG TP='BD'><![CDATA[17/11/2014 -> SELECT * FROM usuarios WHERE cedula='11800120'; Mon Nov 17 12:30:40 VET 2014]]></LOG><LOG TP='BD'><![CDATA[17/11/2014 -> SELECT * FROM usuarios WHERE cedula='11800120'; Mon Nov 17 12:30:40 VET 2014]]></LOG><LOG TP='BD'><![CDATA[17/11/2014 -> SELECT * FROM tbl_ciudad WHERE id_ciudad=1; Mon Nov 17 12:30:40 VET 2014]]></LOG><LOG TP='BD'><![CDATA[17/11/2014 -> SELECT * FROM tbl_municipio WHERE id_municipio=1; Mon Nov 17 12:30:40 VET 2014]]></LOG><LOG TP='BD'><![CDATA[17/11/2014 -> SELECT nb_estado FROM tbl_estado WHERE id_estado=1; Mon Nov 17 12:30:40 VET 2014]]></LOG><LOG TP='BD'><![CDATA[17/11/2014 -> SELECT id_estado FROM tbl_estado WHERE nb_estado='Amazonas'; Mon Nov 17 12:30:40 VET 2014]]></LOG><LOG TP='BD'><![CDATA[17/11/2014 -> SELECT id_estado FROM tbl_estado WHERE nb_estado='Amazonas'; Mon Nov 17 12:30:40 VET 2014]]></LOG><LOG TP='BD'><![CDATA[17/11/2014 -> SELECT * FROM tbl_municipio WHERE id_municipio=1; Mon Nov 17 12:30:40 VET 2014]]></LOG><LOG TP='BD'><![CDATA[17/11/2014 -> SELECT id_municipio FROM tbl_municipio WHERE nb_municipio='Atures'; Mon Nov 17 12:30:40 VET 2014]]></LOG><LOG TP='BD'><![CDATA[17/11/2014 -> SELECT id_municipio FROM tbl_municipio WHERE nb_municipio='Atures'; Mon Nov 17 12:30:40 VET 2014]]></LOG><LOG TP='BD'><![CDATA[17/11/2014 -> SELECT * FROM tbl_ciudad WHERE id_ciudad=1; Mon Nov 17 12:30:40 VET 2014]]></LOG><LOG TP='BD'><![CDATA[17/11/2014 -> SELECT * FROM usuarios WHERE cedula='11800120'; Mon Nov 17 12:30:40 VET 2014]]></LOG><LOG TP='BD'><![CDATA[17/11/2014 -> SELECT * FROM usuarios WHERE cedula='11800120'; Mon Nov 17 12:30:40 VET 2014]]></LOG><LOG TP='BD'><![CDATA[17/11/2014 -> SELECT * FROM tbl_estatus WHERE nb_estatus='activo'and tx_estatus='tbl_rol_usr'; Mon Nov 17 12:30:40 VET 2014]]></LOG><LOG TP='BD'><![CDATA[17/11/2014 -> SELECT * FROM usuarios WHERE cedula='11800120'; Mon Nov 17 12:30:40 VET 2014]]></LOG><LOG TP='BD'><![CDATA[17/11/2014 -> SELECT * FROM tbl_rol_usr WHERE id_rol_usr='1'; Mon Nov 17 12:30:40 VET 2014]]></LOG><LOG TP='BD'><![CDATA[17/11/2014 -> SELECT * FROM usuarios WHERE tx_login='frejolano' and clave='12345'; Mon Nov 17 12:38:51 VET 2014]]></LOG><LOG TP='BD'><![CDATA[17/11/2014 -> SELECT * FROM usuarios WHERE tx_login='frejolano' and clave='1234'; Mon Nov 17 12:38:51 VET 2014]]></LOG><LOG TP='BD'><![CDATA[17/11/2014 -> SELECT * FROM usuarios WHERE tx_login='frejolano' and clave='1234'; Mon Nov 17 12:38:51 VET 2014]]></LOG><LOG TP='BD'><![CDATA[17/11/2014 -> SELECT * FROM usuarios WHERE tx_login='frejolano' and clave='1234'; Mon Nov 17 12:38:51 VET 2014]]></LOG><LOG TP='BD'><![CDATA[17/11/2014 -> SELECT * FROM tbl_estatus WHERE id_estatus='1'; Mon Nov 17 12:38:51 VET 2014]]></LOG><LOG TP='BD'><![CDATA[17/11/2014 -> SELECT * FROM usuarios WHERE tx_login='frejolano' and clave='1234'; Mon Nov 17 12:38:51 VET 2014]]></LOG><LOG TP='BD'><![CDATA[17/11/2014 -> SELECT * FROM tbl_rol_usr WHERE nb_rol_usr='Administrador'; Mon Nov 17 12:38:51 VET 2014]]></LOG><LOG TP='BD'><![CDATA[17/11/2014 -> SELECT * FROM tbl_rol_usr WHERE nb_rol_usr='Estudiante'; Mon Nov 17 12:38:51 VET 2014]]></LOG><LOG TP='BD'><![CDATA[17/11/2014 -> SELECT * FROM tbl_rol_usr WHERE nb_rol_usr='Maestro'; Mon Nov 17 12:38:51 VET 2014]]></LOG><LOG TP='BD'><![CDATA[17/11/2014 -> SELECT * FROM tbl_rol_usr WHERE nb_rol_usr='Administrador'; Mon Nov 17 12:38:51 VET 2014]]></LOG><LOG TP='BD'><![CDATA[17/11/2014 -> SELECT * FROM tbl_rol_usr WHERE nb_rol_usr='Estudiante'; Mon Nov 17 12:38:51 VET 2014]]></LOG><LOG TP='BD'><![CDATA[17/11/2014 -> SELECT * FROM tbl_rol_usr WHERE nb_rol_usr='Maestro'; Mon Nov 17 12:38:51 VET 2014]]></LOG><LOG TP='BD'><![CDATA[17/11/2014 -> SELECT * FROM tbl_estatus WHERE id_estatus='3'; Mon Nov 17 12:38:51 VET 2014]]></LOG><LOG TP='BD'><![CDATA[17/11/2014 -> SELECT * FROM tbl_estatus WHERE id_estatus='3'; Mon Nov 17 12:38:51 VET 2014]]></LOG><LOG TP='BD'><![CDATA[17/11/2014 -> SELECT * FROM tbl_estatus WHERE id_estatus='3'; Mon Nov 17 12:38:51 VET 2014]]></LOG><LOG TP='BD'><![CDATA[17/11/2014 -> SELECT * FROM tbl_rol_usr WHERE id_rol_usr=1; Mon Nov 17 12:38:51 VET 2014]]></LOG><LOG TP='BD'><![CDATA[17/11/2014 -> SELECT * FROM tbl_estatus WHERE nb_estatus='activo'and tx_estatus='tbl_rol_usr'; Mon Nov 17 12:38:51 VET 2014]]></LOG><LOG TP='BD'><![CDATA[17/11/2014 -> SELECT * FROM usuarios WHERE cedula='12'; Mon Nov 17 12:38:51 VET 2014]]></LOG><LOG TP='BD'><![CDATA[17/11/2014 -> SELECT * FROM tbl_estatus WHERE nb_estatus='activo'and tx_estatus='tbl_rol_usr'; Mon Nov 17 12:38:51 VET 2014]]></LOG><LOG TP='BD'><![CDATA[17/11/2014 -> SELECT * FROM usuarios WHERE cedula='2'; Mon Nov 17 12:38:51 VET 2014]]></LOG><LOG TP='BD'><![CDATA[17/11/2014 -> SELECT * FROM preguntas_secretas WHERE nb_pregunta_secreta='¿nombre del padre?'; Mon Nov 17 12:52:04 VET 2014]]></LOG><LOG TP='BD'><![CDATA[17/11/2014 -> SELECT * FROM preguntas_secretas WHERE nb_pregunta_secreta='¿nombre del padre?'; Mon Nov 17 12:52:04 VET 2014]]></LOG><LOG TP='BD'><![CDATA[17/11/2014 -> SELECT * FROM preguntas_secretas WHERE nb_pregunta_secreta='¿nombre del padre?'; Mon Nov 17 12:52:04 VET 2014]]></LOG><LOG TP='BD'><![CDATA[17/11/2014 -> SELECT * FROM preguntas_secretas WHERE nb_pregunta_secreta='¿nombre del padre?'; Mon Nov 17 12:52:04 VET 2014]]></LOG><LOG TP='BD'><![CDATA[17/11/2014 -> SELECT * FROM preguntas_secretas WHERE nb_pregunta_secreta='¿nombre del padre?'; Mon Nov 17 12:52:04 VET 2014]]></LOG><LOG TP='BD'><![CDATA[17/11/2014 -> SELECT * FROM preguntas_secretas WHERE nb_pregunta_secreta='¿nombre del padre?'; Mon Nov 17 12:52:04 VET 2014]]></LOG><LOG TP='BD'><![CDATA[17/11/2014 -> SELECT * FROM preguntas_secretas WHERE nb_pregunta_secreta='¿nombre del padre?'; Mon Nov 17 12:56:28 VET 2014]]></LOG><LOG TP='BD'><![CDATA[17/11/2014 -> SELECT * FROM usuarios WHERE tx_login='jose1; Mon Nov 17 12:56:28 VET 2014ERROR= ERROR: una cadena de caracteres entre comillas está inconclusa en o cerca de «'jose1;»
  Position: 39]]></LOG><LOG TP='BD'><![CDATA[17/11/2014 -> SELECT * FROM preguntas_secretas WHERE nb_pregunta_secreta='¿nombre del padre?'; Mon Nov 17 12:56:28 VET 2014]]></LOG><LOG TP='BD'><![CDATA[17/11/2014 -> SELECT * FROM usuarios WHERE tx_login='jose1; Mon Nov 17 12:56:28 VET 2014ERROR= ERROR: una cadena de caracteres entre comillas está inconclusa en o cerca de «'jose1;»
  Position: 39]]></LOG><LOG TP='BD'><![CDATA[17/11/2014 -> SELECT * FROM preguntas_secretas WHERE nb_pregunta_secreta='¿nombre del padre?'; Mon Nov 17 12:57:23 VET 2014]]></LOG><LOG TP='BD'><![CDATA[17/11/2014 -> SELECT * FROM usuarios WHERE tx_login='josew; Mon Nov 17 12:57:23 VET 2014ERROR= ERROR: una cadena de caracteres entre comillas está inconclusa en o cerca de «'josew;»
  Position: 39]]></LOG><LOG TP='BD'><![CDATA[17/11/2014 -> SELECT * FROM preguntas_secretas WHERE nb_pregunta_secreta='¿mejor amigo?'; Mon Nov 17 12:58:19 VET 2014]]></LOG><LOG TP='BD'><![CDATA[17/11/2014 -> SELECT * FROM usuarios WHERE tx_login='josew; Mon Nov 17 12:58:19 VET 2014ERROR= ERROR: una cadena de caracteres entre comillas está inconclusa en o cerca de «'josew;»
  Position: 39]]></LOG><LOG TP='BD'><![CDATA[17/11/2014 -> SELECT * FROM preguntas_secretas WHERE nb_pregunta_secreta='¿mejor amigo?'; Mon Nov 17 12:59:10 VET 2014]]></LOG><LOG TP='BD'><![CDATA[17/11/2014 -> SELECT * FROM usuarios WHERE tx_login='josew; Mon Nov 17 12:59:10 VET 2014ERROR= ERROR: una cadena de caracteres entre comillas está inconclusa en o cerca de «'josew;»
  Position: 39]]></LOG><LOG TP='BD'><![CDATA[17/11/2014 -> SELECT * FROM usuarios WHERE tx_login='frejolano' and clave='1234'; Mon Nov 17 13:09:57 VET 2014]]></LOG><LOG TP='BD'><![CDATA[17/11/2014 -> SELECT * FROM usuarios WHERE tx_login='frejolano' and clave='1234'; Mon Nov 17 13:09:57 VET 2014]]></LOG><LOG TP='BD'><![CDATA[17/11/2014 -> SELECT * FROM usuarios WHERE tx_login='frejolano' and clave='1234'; Mon Nov 17 13:09:57 VET 2014]]></LOG><LOG TP='BD'><![CDATA[17/11/2014 -> SELECT * FROM tbl_estatus WHERE id_estatus='1'; Mon Nov 17 13:09:57 VET 2014]]></LOG><LOG TP='BD'><![CDATA[17/11/2014 -> SELECT * FROM usuarios WHERE tx_login='frejolano' and clave='1234'; Mon Nov 17 13:09:57 VET 2014]]></LOG><LOG TP='BD'><![CDATA[17/11/2014 -> SELECT * FROM tbl_rol_usr WHERE nb_rol_usr='Administrador'; Mon Nov 17 13:09:57 VET 2014]]></LOG><LOG TP='BD'><![CDATA[17/11/2014 -> SELECT * FROM tbl_rol_usr WHERE nb_rol_usr='Estudiante'; Mon Nov 17 13:09:57 VET 2014]]></LOG><LOG TP='BD'><![CDATA[17/11/2014 -> SELECT * FROM tbl_rol_usr WHERE nb_rol_usr='Maestro'; Mon Nov 17 13:09:57 VET 2014]]></LOG><LOG TP='BD'><![CDATA[17/11/2014 -> SELECT * FROM tbl_rol_usr WHERE nb_rol_usr='Administrador'; Mon Nov 17 13:09:57 VET 2014]]></LOG><LOG TP='BD'><![CDATA[17/11/2014 -> SELECT * FROM tbl_rol_usr WHERE nb_rol_usr='Estudiante'; Mon Nov 17 13:09:57 VET 2014]]></LOG><LOG TP='BD'><![CDATA[17/11/2014 -> SELECT * FROM tbl_rol_usr WHERE nb_rol_usr='Maestro'; Mon Nov 17 13:09:57 VET 2014]]></LOG><LOG TP='BD'><![CDATA[17/11/2014 -> SELECT * FROM tbl_estatus WHERE id_estatus='3'; Mon Nov 17 13:09:57 VET 2014]]></LOG><LOG TP='BD'><![CDATA[17/11/2014 -> SELECT * FROM tbl_estatus WHERE id_estatus='3'; Mon Nov 17 13:09:57 VET 2014]]></LOG><LOG TP='BD'><![CDATA[17/11/2014 -> SELECT * FROM tbl_estatus WHERE id_estatus='3'; Mon Nov 17 13:09:57 VET 2014]]></LOG><LOG TP='BD'><![CDATA[17/11/2014 -> SELECT * FROM tbl_rol_usr WHERE id_rol_usr=1; Mon Nov 17 13:09:57 VET 2014]]></LOG><LOG TP='BD'><![CDATA[17/11/2014 -> SELECT * FROM usuarios WHERE tx_login='frejolano' and clave='12345'; Mon Nov 17 13:11:05 VET 2014]]></LOG><LOG TP='BD'><![CDATA[17/11/2014 -> SELECT * FROM usuarios WHERE tx_login='frejolano' and clave='1234'; Mon Nov 17 13:11:05 VET 2014]]></LOG><LOG TP='BD'><![CDATA[17/11/2014 -> SELECT * FROM usuarios WHERE tx_login='frejolano' and clave='1234'; Mon Nov 17 13:11:05 VET 2014]]></LOG><LOG TP='BD'><![CDATA[17/11/2014 -> SELECT * FROM usuarios WHERE tx_login='frejolano' and clave='1234'; Mon Nov 17 13:11:05 VET 2014]]></LOG><LOG TP='BD'><![CDATA[17/11/2014 -> SELECT * FROM tbl_estatus WHERE id_estatus='1'; Mon Nov 17 13:11:05 VET 2014]]></LOG><LOG TP='BD'><![CDATA[17/11/2014 -> SELECT * FROM usuarios WHERE tx_login='frejolano' and clave='1234'; Mon Nov 17 13:11:05 VET 2014]]></LOG><LOG TP='BD'><![CDATA[17/11/2014 -> SELECT * FROM tbl_rol_usr WHERE nb_rol_usr='Administrador'; Mon Nov 17 13:11:05 VET 2014]]></LOG><LOG TP='BD'><![CDATA[17/11/2014 -> SELECT * FROM tbl_rol_usr WHERE nb_rol_usr='Estudiante'; Mon Nov 17 13:11:05 VET 2014]]></LOG><LOG TP='BD'><![CDATA[17/11/2014 -> SELECT * FROM tbl_rol_usr WHERE nb_rol_usr='Maestro'; Mon Nov 17 13:11:05 VET 2014]]></LOG><LOG TP='BD'><![CDATA[17/11/2014 -> SELECT * FROM tbl_rol_usr WHERE nb_rol_usr='Administrador'; Mon Nov 17 13:11:05 VET 2014]]></LOG><LOG TP='BD'><![CDATA[17/11/2014 -> SELECT * FROM tbl_rol_usr WHERE nb_rol_usr='Estudiante'; Mon Nov 17 13:11:05 VET 2014]]></LOG><LOG TP='BD'><![CDATA[17/11/2014 -> SELECT * FROM tbl_rol_usr WHERE nb_rol_usr='Maestro'; Mon Nov 17 13:11:05 VET 2014]]></LOG><LOG TP='BD'><![CDATA[17/11/2014 -> SELECT * FROM tbl_estatus WHERE id_estatus='3'; Mon Nov 17 13:11:05 VET 2014]]></LOG><LOG TP='BD'><![CDATA[17/11/2014 -> SELECT * FROM tbl_estatus WHERE id_estatus='3'; Mon Nov 17 13:11:05 VET 2014]]></LOG><LOG TP='BD'><![CDATA[17/11/2014 -> SELECT * FROM tbl_estatus WHERE id_estatus='3'; Mon Nov 17 13:11:05 VET 2014]]></LOG><LOG TP='BD'><![CDATA[17/11/2014 -> SELECT * FROM tbl_rol_usr WHERE id_rol_usr=1; Mon Nov 17 13:11:05 VET 2014]]></LOG><LOG TP='BD'><![CDATA[17/11/2014 -> SELECT * FROM tbl_estatus WHERE nb_estatus='activo'and tx_estatus='tbl_rol_usr'; Mon Nov 17 13:11:05 VET 2014]]></LOG><LOG TP='BD'><![CDATA[17/11/2014 -> SELECT * FROM usuarios WHERE tx_login='frejolano' and clave='123456'; Mon Nov 17 13:30:15 VET 2014]]></LOG><LOG TP='BD'><![CDATA[17/11/2014 -> SELECT * FROM usuarios WHERE tx_login='frejolano' and clave='123456'; Mon Nov 17 13:30:15 VET 2014]]></LOG><LOG TP='BD'><![CDATA[17/11/2014 -> SELECT * FROM usuarios WHERE tx_login='frejolano' and clave='123456'; Mon Nov 17 13:30:15 VET 2014]]></LOG><LOG TP='BD'><![CDATA[17/11/2014 -> SELECT * FROM tbl_estatus WHERE id_estatus='1'; Mon Nov 17 13:30:15 VET 2014]]></LOG><LOG TP='BD'><![CDATA[17/11/2014 -> SELECT * FROM usuarios WHERE tx_login='frejolano' and clave='123456'; Mon Nov 17 13:30:15 VET 2014]]></LOG><LOG TP='BD'><![CDATA[17/11/2014 -> SELECT * FROM tbl_rol_usr WHERE nb_rol_usr='Administrador'; Mon Nov 17 13:30:15 VET 2014]]></LOG><LOG TP='BD'><![CDATA[17/11/2014 -> SELECT * FROM tbl_rol_usr WHERE nb_rol_usr='Estudiante'; Mon Nov 17 13:30:15 VET 2014]]></LOG><LOG TP='BD'><![CDATA[17/11/2014 -> SELECT * FROM tbl_rol_usr WHERE nb_rol_usr='Maestro'; Mon Nov 17 13:30:15 VET 2014]]></LOG><LOG TP='BD'><![CDATA[17/11/2014 -> SELECT * FROM tbl_rol_usr WHERE nb_rol_usr='Administrador'; Mon Nov 17 13:30:15 VET 2014]]></LOG><LOG TP='BD'><![CDATA[17/11/2014 -> SELECT * FROM tbl_rol_usr WHERE nb_rol_usr='Estudiante'; Mon Nov 17 13:30:15 VET 2014]]></LOG><LOG TP='BD'><![CDATA[17/11/2014 -> SELECT * FROM tbl_rol_usr WHERE nb_rol_usr='Maestro'; Mon Nov 17 13:30:15 VET 2014]]></LOG><LOG TP='BD'><![CDATA[17/11/2014 -> SELECT * FROM tbl_estatus WHERE id_estatus='3'; Mon Nov 17 13:30:15 VET 2014]]></LOG><LOG TP='BD'><![CDATA[17/11/2014 -> SELECT * FROM tbl_estatus WHERE id_estatus='3'; Mon Nov 17 13:30:15 VET 2014]]></LOG><LOG TP='BD'><![CDATA[17/11/2014 -> SELECT * FROM tbl_estatus WHERE id_estatus='3'; Mon Nov 17 13:30:15 VET 2014]]></LOG><LOG TP='BD'><![CDATA[17/11/2014 -> SELECT * FROM tbl_rol_usr WHERE id_rol_usr=1; Mon Nov 17 13:30:15 VET 2014]]></LOG><LOG TP='BD'><![CDATA[17/11/2014 -> SELECT * FROM usuarios WHERE tx_login='josew' and clave='1234567'; Mon Nov 17 13:30:34 VET 2014]]></LOG><LOG TP='BD'><![CDATA[17/11/2014 -> SELECT * FROM usuarios WHERE tx_login='josew' and clave='12345678'; Mon Nov 17 13:30:34 VET 2014]]></LOG><LOG TP='BD'><![CDATA[17/11/2014 -> SELECT * FROM usuarios WHERE tx_login='josew' and clave='12345678'; Mon Nov 17 13:30:34 VET 2014]]></LOG><LOG TP='BD'><![CDATA[17/11/2014 -> SELECT * FROM usuarios WHERE tx_login='josew' and clave='12345678'; Mon Nov 17 13:30:34 VET 2014]]></LOG><LOG TP='BD'><![CDATA[17/11/2014 -> SELECT * FROM tbl_estatus WHERE id_estatus='1'; Mon Nov 17 13:30:34 VET 2014]]></LOG><LOG TP='BD'><![CDATA[17/11/2014 -> SELECT * FROM usuarios WHERE tx_login='josew' and clave='12345678'; Mon Nov 17 13:30:34 VET 2014]]></LOG><LOG TP='BD'><![CDATA[17/11/2014 -> SELECT * FROM tbl_rol_usr WHERE nb_rol_usr='Administrador'; Mon Nov 17 13:30:34 VET 2014]]></LOG><LOG TP='BD'><![CDATA[17/11/2014 -> SELECT * FROM tbl_rol_usr WHERE nb_rol_usr='Estudiante'; Mon Nov 17 13:30:34 VET 2014]]></LOG><LOG TP='BD'><![CDATA[17/11/2014 -> SELECT * FROM tbl_rol_usr WHERE nb_rol_usr='Maestro'; Mon Nov 17 13:30:34 VET 2014]]></LOG><LOG TP='BD'><![CDATA[17/11/2014 -> SELECT * FROM tbl_rol_usr WHERE nb_rol_usr='Administrador'; Mon Nov 17 13:30:34 VET 2014]]></LOG><LOG TP='BD'><![CDATA[17/11/2014 -> SELECT * FROM tbl_rol_usr WHERE nb_rol_usr='Estudiante'; Mon Nov 17 13:30:34 VET 2014]]></LOG><LOG TP='BD'><![CDATA[17/11/2014 -> SELECT * FROM tbl_rol_usr WHERE nb_rol_usr='Maestro'; Mon Nov 17 13:30:34 VET 2014]]></LOG><LOG TP='BD'><![CDATA[17/11/2014 -> SELECT * FROM tbl_estatus WHERE id_estatus='3'; Mon Nov 17 13:30:34 VET 2014]]></LOG><LOG TP='BD'><![CDATA[17/11/2014 -> SELECT * FROM tbl_estatus WHERE id_estatus='3'; Mon Nov 17 13:30:34 VET 2014]]></LOG><LOG TP='BD'><![CDATA[17/11/2014 -> SELECT * FROM tbl_estatus WHERE id_estatus='3'; Mon Nov 17 13:30:34 VET 2014]]></LOG><LOG TP='BD'><![CDATA[17/11/2014 -> SELECT tx_palabra, int_puntos FROM tbl_palabra WHERE int_dificultad = 2; Mon Nov 17 13:30:58 VET 2014]]></LOG><LOG TP='BD'><![CDATA[17/11/2014 -> SELECT tx_preguntas FROM tbl_preguntas; Mon Nov 17 13:32:05 VET 2014]]></LOG><LOG TP='BD'><![CDATA[17/11/2014 -> SELECT * FROM tbl_preguntas WHERE tx_preguntas='¿Qué son las epístolas?'; Mon Nov 17 13:32:05 VET 2014]]></LOG><LOG TP='BD'><![CDATA[17/11/2014 -> SELECT * FROM tbl_resp_inc WHERE id_preguntas='243' AND opcion='a'; Mon Nov 17 13:32:05 VET 2014]]></LOG><LOG TP='BD'><![CDATA[17/11/2014 -> SELECT * FROM tbl_resp_inc WHERE id_preguntas='243' AND opcion='b'; Mon Nov 17 13:32:05 VET 2014]]></LOG><LOG TP='BD'><![CDATA[17/11/2014 -> SELECT * FROM tbl_resp_inc WHERE id_preguntas='243' AND opcion='c'; Mon Nov 17 13:32:05 VET 2014]]></LOG><LOG TP='BD'><![CDATA[17/11/2014 -> SELECT * FROM tbl_resp_inc WHERE id_preguntas='243' AND opcion='d'; Mon Nov 17 13:32:05 VET 2014]]></LOG><LOG TP='BD'><![CDATA[17/11/2014 -> SELECT * FROM tbl_preguntas WHERE tx_preguntas='¿Qué son las epístolas?'; Mon Nov 17 13:32:05 VET 2014]]></LOG><LOG TP='BD'><![CDATA[17/11/2014 -> SELECT * FROM tbl_preguntas WHERE id_preguntas='243'; Mon Nov 17 13:32:05 VET 2014]]></LOG><LOG TP='BD'><![CDATA[17/11/2014 -> SELECT * FROM tbl_preguntas WHERE tx_preguntas='Cuántos capítulos tiene la Biblia?'; Mon Nov 17 13:32:05 VET 2014]]></LOG><LOG TP='BD'><![CDATA[17/11/2014 -> SELECT * FROM tbl_resp_inc WHERE id_preguntas='214' AND opcion='a'; Mon Nov 17 13:32:05 VET 2014]]></LOG><LOG TP='BD'><![CDATA[17/11/2014 -> SELECT * FROM tbl_resp_inc WHERE id_preguntas='214' AND opcion='b'; Mon Nov 17 13:32:05 VET 2014]]></LOG><LOG TP='BD'><![CDATA[17/11/2014 -> SELECT * FROM tbl_resp_inc WHERE id_preguntas='214' AND opcion='c'; Mon Nov 17 13:32:05 VET 2014]]></LOG><LOG TP='BD'><![CDATA[17/11/2014 -> SELECT * FROM tbl_resp_inc WHERE id_preguntas='214' AND opcion='d'; Mon Nov 17 13:32:05 VET 2014]]></LOG><LOG TP='BD'><![CDATA[17/11/2014 -> SELECT * FROM tbl_preguntas WHERE tx_preguntas='Cuántos capítulos tiene la Biblia?'; Mon Nov 17 13:32:05 VET 2014]]></LOG><LOG TP='BD'><![CDATA[17/11/2014 -> SELECT * FROM tbl_preguntas WHERE id_preguntas='214'; Mon Nov 17 13:32:05 VET 2014]]></LOG><LOG TP='BD'><![CDATA[17/11/2014 -> SELECT * FROM tbl_preguntas WHERE tx_preguntas='Cuántos capítulos tiene la Biblia?'; Mon Nov 17 13:32:05 VET 2014]]></LOG><LOG TP='BD'><![CDATA[17/11/2014 -> SELECT * FROM tbl_preguntas WHERE id_preguntas='214'; Mon Nov 17 13:32:05 VET 2014]]></LOG><LOG TP='BD'><![CDATA[17/11/2014 -> SELECT * FROM tbl_preguntas WHERE tx_preguntas='Cuántos capítulos tiene la Biblia?'; Mon Nov 17 13:32:05 VET 2014]]></LOG><LOG TP='BD'><![CDATA[17/11/2014 -> SELECT * FROM tbl_preguntas WHERE id_preguntas='214'; Mon Nov 17 13:32:05 VET 2014]]></LOG><LOG TP='BD'><![CDATA[17/11/2014 -> SELECT * FROM tbl_preguntas WHERE tx_preguntas='¿De qué madera debía estar construida el arca?'; Mon Nov 17 13:32:05 VET 2014]]></LOG><LOG TP='BD'><![CDATA[17/11/2014 -> SELECT * FROM tbl_resp_inc WHERE id_preguntas='169' AND opcion='a'; Mon Nov 17 13:32:05 VET 2014]]></LOG><LOG TP='BD'><![CDATA[17/11/2014 -> SELECT * FROM tbl_resp_inc WHERE id_preguntas='169' AND opcion='b'; Mon Nov 17 13:32:05 VET 2014]]></LOG><LOG TP='BD'><![CDATA[17/11/2014 -> SELECT * FROM tbl_resp_inc WHERE id_preguntas='169' AND opcion='c'; Mon Nov 17 13:32:05 VET 2014]]></LOG><LOG TP='BD'><![CDATA[17/11/2014 -> SELECT * FROM tbl_resp_inc WHERE id_preguntas='169' AND opcion='d'; Mon Nov 17 13:32:05 VET 2014]]></LOG><LOG TP='BD'><![CDATA[17/11/2014 -> SELECT * FROM tbl_preguntas WHERE tx_preguntas='¿De qué madera debía estar construida el arca?'; Mon Nov 17 13:32:05 VET 2014]]></LOG><LOG TP='BD'><![CDATA[17/11/2014 -> SELECT * FROM tbl_preguntas WHERE id_preguntas='169'; Mon Nov 17 13:32:05 VET 2014]]></LOG><LOG TP='BD'><![CDATA[17/11/2014 -> SELECT * FROM tbl_preguntas WHERE tx_preguntas='¿El tentador le pidio a jesus que convirtiera las piedras en?'; Mon Nov 17 13:32:05 VET 2014]]></LOG><LOG TP='BD'><![CDATA[17/11/2014 -> SELECT * FROM tbl_resp_inc WHERE id_preguntas='82' AND opcion='a'; Mon Nov 17 13:32:05 VET 2014]]></LOG><LOG TP='BD'><![CDATA[17/11/2014 -> SELECT * FROM tbl_resp_inc WHERE id_preguntas='82' AND opcion='b'; Mon Nov 17 13:32:05 VET 2014]]></LOG><LOG TP='BD'><![CDATA[17/11/2014 -> SELECT * FROM tbl_resp_inc WHERE id_preguntas='82' AND opcion='c'; Mon Nov 17 13:32:05 VET 2014]]></LOG><LOG TP='BD'><![CDATA[17/11/2014 -> SELECT * FROM tbl_resp_inc WHERE id_preguntas='82' AND opcion='d'; Mon Nov 17 13:32:05 VET 2014]]></LOG><LOG TP='BD'><![CDATA[17/11/2014 -> SELECT * FROM tbl_preguntas WHERE tx_preguntas='¿El tentador le pidio a jesus que convirtiera las piedras en?'; Mon Nov 17 13:32:05 VET 2014]]></LOG><LOG TP='BD'><![CDATA[17/11/2014 -> SELECT * FROM tbl_preguntas WHERE id_preguntas='82'; Mon Nov 17 13:32:05 VET 2014]]></LOG><LOG TP='BD'><![CDATA[17/11/2014 -> SELECT * FROM usuarios WHERE tx_login='frejolano' and clave='123456'; Mon Nov 17 13:34:51 VET 2014]]></LOG><LOG TP='BD'><![CDATA[17/11/2014 -> SELECT * FROM usuarios WHERE tx_login='frejolano' and clave='123456'; Mon Nov 17 13:34:51 VET 2014]]></LOG><LOG TP='BD'><![CDATA[17/11/2014 -> SELECT * FROM usuarios WHERE tx_login='frejolano' and clave='123456'; Mon Nov 17 13:34:51 VET 2014]]></LOG><LOG TP='BD'><![CDATA[17/11/2014 -> SELECT * FROM tbl_estatus WHERE id_estatus='1'; Mon Nov 17 13:34:51 VET 2014]]></LOG><LOG TP='BD'><![CDATA[17/11/2014 -> SELECT * FROM usuarios WHERE tx_login='frejolano' and clave='123456'; Mon Nov 17 13:34:51 VET 2014]]></LOG><LOG TP='BD'><![CDATA[17/11/2014 -> SELECT * FROM tbl_rol_usr WHERE nb_rol_usr='Administrador'; Mon Nov 17 13:34:51 VET 2014]]></LOG><LOG TP='BD'><![CDATA[17/11/2014 -> SELECT * FROM tbl_rol_usr WHERE nb_rol_usr='Estudiante'; Mon Nov 17 13:34:51 VET 2014]]></LOG><LOG TP='BD'><![CDATA[17/11/2014 -> SELECT * FROM tbl_rol_usr WHERE nb_rol_usr='Maestro'; Mon Nov 17 13:34:51 VET 2014]]></LOG><LOG TP='BD'><![CDATA[17/11/2014 -> SELECT * FROM tbl_rol_usr WHERE nb_rol_usr='Administrador'; Mon Nov 17 13:34:51 VET 2014]]></LOG><LOG TP='BD'><![CDATA[17/11/2014 -> SELECT * FROM tbl_rol_usr WHERE nb_rol_usr='Estudiante'; Mon Nov 17 13:34:51 VET 2014]]></LOG><LOG TP='BD'><![CDATA[17/11/2014 -> SELECT * FROM tbl_rol_usr WHERE nb_rol_usr='Maestro'; Mon Nov 17 13:34:51 VET 2014]]></LOG><LOG TP='BD'><![CDATA[17/11/2014 -> SELECT * FROM tbl_estatus WHERE id_estatus='3'; Mon Nov 17 13:34:51 VET 2014]]></LOG><LOG TP='BD'><![CDATA[17/11/2014 -> SELECT * FROM tbl_estatus WHERE id_estatus='3'; Mon Nov 17 13:34:51 VET 2014]]></LOG><LOG TP='BD'><![CDATA[17/11/2014 -> SELECT * FROM tbl_estatus WHERE id_estatus='3'; Mon Nov 17 13:34:51 VET 2014]]></LOG><LOG TP='BD'><![CDATA[17/11/2014 -> SELECT * FROM tbl_rol_usr WHERE id_rol_usr=1; Mon Nov 17 13:34:51 VET 2014]]></LOG><LOG TP='BD'><![CDATA[17/11/2014 -> SELECT id_msj, mensaje FROM tbl_msj_ganar; Mon Nov 17 13:35:10 VET 2014]]></LOG><LOG TP='BD'><![CDATA[17/11/2014 -> SELECT id_msj, mensaje FROM tbl_msj_ganar; Mon Nov 17 13:35:10 VET 2014]]></LOG><LOG TP='BD'><![CDATA[17/11/2014 -> SELECT msj_id, mensaje FROM tbl_msj_perder; Mon Nov 17 13:35:11 VET 2014]]></LOG><LOG TP='BD'><![CDATA[17/11/2014 -> SELECT msj_id, mensaje FROM tbl_msj_perder; Mon Nov 17 13:35:12 VET 2014]]></LOG><LOG TP='BD'><![CDATA[17/11/2014 -> SELECT * FROM usuarios WHERE tx_login='frejolano' and clave='123456'; Mon Nov 17 13:35:47 VET 2014]]></LOG><LOG TP='BD'><![CDATA[17/11/2014 -> SELECT * FROM usuarios WHERE tx_login='frejolano' and clave='123456'; Mon Nov 17 13:35:47 VET 2014]]></LOG><LOG TP='BD'><![CDATA[17/11/2014 -> SELECT * FROM usuarios WHERE tx_login='frejolano' and clave='123456'; Mon Nov 17 13:35:47 VET 2014]]></LOG><LOG TP='BD'><![CDATA[17/11/2014 -> SELECT * FROM tbl_estatus WHERE id_estatus='1'; Mon Nov 17 13:35:47 VET 2014]]></LOG><LOG TP='BD'><![CDATA[17/11/2014 -> SELECT * FROM usuarios WHERE tx_login='frejolano' and clave='123456'; Mon Nov 17 13:35:47 VET 2014]]></LOG><LOG TP='BD'><![CDATA[17/11/2014 -> SELECT * FROM tbl_rol_usr WHERE nb_rol_usr='Administrador'; Mon Nov 17 13:35:47 VET 2014]]></LOG><LOG TP='BD'><![CDATA[17/11/2014 -> SELECT * FROM tbl_rol_usr WHERE nb_rol_usr='Estudiante'; Mon Nov 17 13:35:47 VET 2014]]></LOG><LOG TP='BD'><![CDATA[17/11/2014 -> SELECT * FROM tbl_rol_usr WHERE nb_rol_usr='Maestro'; Mon Nov 17 13:35:47 VET 2014]]></LOG><LOG TP='BD'><![CDATA[17/11/2014 -> SELECT * FROM tbl_rol_usr WHERE nb_rol_usr='Administrador'; Mon Nov 17 13:35:47 VET 2014]]></LOG><LOG TP='BD'><![CDATA[17/11/2014 -> SELECT * FROM tbl_rol_usr WHERE nb_rol_usr='Estudiante'; Mon Nov 17 13:35:47 VET 2014]]></LOG><LOG TP='BD'><![CDATA[17/11/2014 -> SELECT * FROM tbl_rol_usr WHERE nb_rol_usr='Maestro'; Mon Nov 17 13:35:47 VET 2014]]></LOG><LOG TP='BD'><![CDATA[17/11/2014 -> SELECT * FROM tbl_estatus WHERE id_estatus='3'; Mon Nov 17 13:35:47 VET 2014]]></LOG><LOG TP='BD'><![CDATA[17/11/2014 -> SELECT * FROM tbl_estatus WHERE id_estatus='3'; Mon Nov 17 13:35:47 VET 2014]]></LOG><LOG TP='BD'><![CDATA[17/11/2014 -> SELECT * FROM tbl_estatus WHERE id_estatus='3'; Mon Nov 17 13:35:47 VET 2014]]></LOG><LOG TP='BD'><![CDATA[17/11/2014 -> SELECT * FROM tbl_rol_usr WHERE id_rol_usr=1; Mon Nov 17 13:35:47 VET 2014]]></LOG><LOG TP='BD'><![CDATA[17/11/2014 -> SELECT msj_id, mensaje FROM tbl_msj_perder; Mon Nov 17 13:36:14 VET 2014]]></LOG><LOG TP='BD'><![CDATA[17/11/2014 -> SELECT msj_id, mensaje FROM tbl_msj_perder; Mon Nov 17 13:36:17 VET 2014]]></LOG><LOG TP='BD'><![CDATA[17/11/2014 -> SELECT id_msj, mensaje FROM tbl_msj_ganar; Mon Nov 17 13:36:30 VET 2014]]></LOG><LOG TP='BD'><![CDATA[17/11/2014 -> SELECT msj_id, mensaje FROM tbl_msj_perder; Mon Nov 17 13:36:36 VET 2014]]></LOG><LOG TP='BD'><![CDATA[17/11/2014 -> SELECT * FROM tbl_msj_perder WHERE mensaje='Lo semtimos vuelve a intentarlo'; Mon Nov 17 13:37:18 VET 2014]]></LOG><LOG TP='BD'><![CDATA[17/11/2014 -> INSERT INTO tbl_msj_perder(mensaje) VALUES('Lo semtimos vuelve a intentarlo'); Mon Nov 17 13:37:18 VET 2014]]></LOG><LOG TP='BD'><![CDATA[17/11/2014 -> SELECT id_msj, mensaje FROM tbl_msj_ganar; Mon Nov 17 13:37:25 VET 2014]]></LOG><LOG TP='BD'><![CDATA[17/11/2014 -> SELECT msj_id, mensaje FROM tbl_msj_perder; Mon Nov 17 13:37:27 VET 2014]]></LOG><LOG TP='BD'><![CDATA[17/11/2014 -> SELECT id_msj, mensaje FROM tbl_msj_ganar; Mon Nov 17 13:37:30 VET 2014]]></LOG><LOG TP='BD'><![CDATA[17/11/2014 -> SELECT msj_id, mensaje FROM tbl_msj_perder; Mon Nov 17 13:37:33 VET 2014]]></LOG><LOG TP='BD'><![CDATA[17/11/2014 -> SELECT * FROM usuarios WHERE tx_login='frejolano' and clave='123456'; Mon Nov 17 13:39:42 VET 2014]]></LOG><LOG TP='BD'><![CDATA[17/11/2014 -> SELECT * FROM usuarios WHERE tx_login='frejolano' and clave='123456'; Mon Nov 17 13:39:42 VET 2014]]></LOG><LOG TP='BD'><![CDATA[17/11/2014 -> SELECT * FROM usuarios WHERE tx_login='frejolano' and clave='123456'; Mon Nov 17 13:39:42 VET 2014]]></LOG><LOG TP='BD'><![CDATA[17/11/2014 -> SELECT * FROM tbl_estatus WHERE id_estatus='1'; Mon Nov 17 13:39:42 VET 2014]]></LOG><LOG TP='BD'><![CDATA[17/11/2014 -> SELECT * FROM usuarios WHERE tx_login='frejolano' and clave='123456'; Mon Nov 17 13:39:42 VET 2014]]></LOG><LOG TP='BD'><![CDATA[17/11/2014 -> SELECT * FROM tbl_rol_usr WHERE nb_rol_usr='Administrador'; Mon Nov 17 13:39:42 VET 2014]]></LOG><LOG TP='BD'><![CDATA[17/11/2014 -> SELECT * FROM tbl_rol_usr WHERE nb_rol_usr='Estudiante'; Mon Nov 17 13:39:42 VET 2014]]></LOG><LOG TP='BD'><![CDATA[17/11/2014 -> SELECT * FROM tbl_rol_usr WHERE nb_rol_usr='Maestro'; Mon Nov 17 13:39:42 VET 2014]]></LOG><LOG TP='BD'><![CDATA[17/11/2014 -> SELECT * FROM tbl_rol_usr WHERE nb_rol_usr='Administrador'; Mon Nov 17 13:39:42 VET 2014]]></LOG><LOG TP='BD'><![CDATA[17/11/2014 -> SELECT * FROM tbl_rol_usr WHERE nb_rol_usr='Estudiante'; Mon Nov 17 13:39:42 VET 2014]]></LOG><LOG TP='BD'><![CDATA[17/11/2014 -> SELECT * FROM tbl_rol_usr WHERE nb_rol_usr='Maestro'; Mon Nov 17 13:39:42 VET 2014]]></LOG><LOG TP='BD'><![CDATA[17/11/2014 -> SELECT * FROM tbl_estatus WHERE id_estatus='3'; Mon Nov 17 13:39:42 VET 2014]]></LOG><LOG TP='BD'><![CDATA[17/11/2014 -> SELECT * FROM tbl_estatus WHERE id_estatus='3'; Mon Nov 17 13:39:42 VET 2014]]></LOG><LOG TP='BD'><![CDATA[17/11/2014 -> SELECT * FROM tbl_estatus WHERE id_estatus='3'; Mon Nov 17 13:39:42 VET 2014]]></LOG><LOG TP='BD'><![CDATA[17/11/2014 -> SELECT * FROM tbl_rol_usr WHERE id_rol_usr=1; Mon Nov 17 13:39:42 VET 2014]]></LOG><LOG TP='BD'><![CDATA[17/11/2014 -> SELECT * FROM tbl_palabra WHERE tx_palabra='eden'; Mon Nov 17 13:39:42 VET 2014]]></LOG><LOG TP='BD'><![CDATA[17/11/2014 -> SELECT id_dificultad FROM tbl_dificultad WHERE tx_nombre = 'facil'; Mon Nov 17 13:39:42 VET 2014]]></LOG><LOG TP='BD'><![CDATA[17/11/2014 -> INSERT INTO tbl_palabra(tx_palabra,int_dificultad, int_puntos) VALUES('eden', 1, 5); Mon Nov 17 13:39:42 VET 2014]]></LOG><LOG TP='BD'><![CDATA[17/11/2014 -> SELECT * FROM usuarios WHERE tx_login='frejolano' and clave='123456'; Mon Nov 17 13:43:28 VET 2014]]></LOG><LOG TP='BD'><![CDATA[17/11/2014 -> SELECT * FROM usuarios WHERE tx_login='frejolano' and clave='123456'; Mon Nov 17 13:43:28 VET 2014]]></LOG><LOG TP='BD'><![CDATA[17/11/2014 -> SELECT * FROM usuarios WHERE tx_login='frejolano' and clave='123456'; Mon Nov 17 13:43:28 VET 2014]]></LOG><LOG TP='BD'><![CDATA[17/11/2014 -> SELECT * FROM tbl_estatus WHERE id_estatus='1'; Mon Nov 17 13:43:28 VET 2014]]></LOG><LOG TP='BD'><![CDATA[17/11/2014 -> SELECT * FROM usuarios WHERE tx_login='frejolano' and clave='123456'; Mon Nov 17 13:43:28 VET 2014]]></LOG><LOG TP='BD'><![CDATA[17/11/2014 -> SELECT * FROM tbl_rol_usr WHERE nb_rol_usr='Administrador'; Mon Nov 17 13:43:28 VET 2014]]></LOG><LOG TP='BD'><![CDATA[17/11/2014 -> SELECT * FROM tbl_rol_usr WHERE nb_rol_usr='Estudiante'; Mon Nov 17 13:43:28 VET 2014]]></LOG><LOG TP='BD'><![CDATA[17/11/2014 -> SELECT * FROM tbl_rol_usr WHERE nb_rol_usr='Maestro'; Mon Nov 17 13:43:28 VET 2014]]></LOG><LOG TP='BD'><![CDATA[17/11/2014 -> SELECT * FROM tbl_rol_usr WHERE nb_rol_usr='Administrador'; Mon Nov 17 13:43:28 VET 2014]]></LOG><LOG TP='BD'><![CDATA[17/11/2014 -> SELECT * FROM tbl_rol_usr WHERE nb_rol_usr='Estudiante'; Mon Nov 17 13:43:28 VET 2014]]></LOG><LOG TP='BD'><![CDATA[17/11/2014 -> SELECT * FROM tbl_rol_usr WHERE nb_rol_usr='Maestro'; Mon Nov 17 13:43:28 VET 2014]]></LOG><LOG TP='BD'><![CDATA[17/11/2014 -> SELECT * FROM tbl_estatus WHERE id_estatus='3'; Mon Nov 17 13:43:28 VET 2014]]></LOG><LOG TP='BD'><![CDATA[17/11/2014 -> SELECT * FROM tbl_estatus WHERE id_estatus='3'; Mon Nov 17 13:43:28 VET 2014]]></LOG><LOG TP='BD'><![CDATA[17/11/2014 -> SELECT * FROM tbl_estatus WHERE id_estatus='3'; Mon Nov 17 13:43:28 VET 2014]]></LOG><LOG TP='BD'><![CDATA[17/11/2014 -> SELECT * FROM tbl_rol_usr WHERE id_rol_usr=1; Mon Nov 17 13:43:28 VET 2014]]></LOG><LOG TP='BD'><![CDATA[17/11/2014 -> SELECT * FROM tbl_palabra WHERE tx_palabra='higuera'; Mon Nov 17 13:43:28 VET 2014]]></LOG><LOG TP='BD'><![CDATA[17/11/2014 -> SELECT id_dificultad FROM tbl_dificultad WHERE tx_nombre = 'facil'; Mon Nov 17 13:43:28 VET 2014]]></LOG><LOG TP='BD'><![CDATA[17/11/2014 -> INSERT INTO tbl_palabra(tx_palabra,int_dificultad, int_puntos) VALUES('higuera', 1, 5); Mon Nov 17 13:43:28 VET 2014]]></LOG><LOG TP='BD'><![CDATA[17/11/2014 -> SELECT * FROM usuarios WHERE tx_login='josew' and clave='1234567'; Mon Nov 17 14:14:31 VET 2014]]></LOG><LOG TP='BD'><![CDATA[17/11/2014 -> SELECT * FROM usuarios WHERE tx_login='josew' and clave='1234567'; Mon Nov 17 14:14:31 VET 2014]]></LOG><LOG TP='BD'><![CDATA[17/11/2014 -> SELECT * FROM usuarios WHERE tx_login='josew' and clave='12345677'; Mon Nov 17 14:14:31 VET 2014]]></LOG><LOG TP='BD'><![CDATA[17/11/2014 -> SELECT * FROM usuarios WHERE tx_login='josew' and clave='12345677'; Mon Nov 17 14:14:31 VET 2014]]></LOG><LOG TP='BD'><![CDATA[17/11/2014 -> SELECT * FROM usuarios WHERE tx_login='josew' and clave='12345677'; Mon Nov 17 14:14:31 VET 2014]]></LOG><LOG TP='BD'><![CDATA[17/11/2014 -> SELECT * FROM usuarios WHERE tx_login='josew' and clave='12345677'; Mon Nov 17 14:14:31 VET 2014]]></LOG><LOG TP='BD'><![CDATA[17/11/2014 -> SELECT * FROM usuarios WHERE tx_login='josew' and clave='123456'; Mon Nov 17 14:14:31 VET 2014]]></LOG><LOG TP='BD'><![CDATA[17/11/2014 -> SELECT * FROM usuarios WHERE tx_login='josew' and clave='123456'; Mon Nov 17 14:14:31 VET 2014]]></LOG><LOG TP='BD'><![CDATA[17/11/2014 -> SELECT * FROM usuarios WHERE tx_login='josew' and clave='123456'; Mon Nov 17 14:14:31 VET 2014]]></LOG><LOG TP='BD'><![CDATA[17/11/2014 -> SELECT * FROM usuarios WHERE tx_login='josew' and clave='123456'; Mon Nov 17 14:14:31 VET 2014]]></LOG><LOG TP='BD'><![CDATA[17/11/2014 -> SELECT * FROM usuarios WHERE tx_login='josew' and clave='123456'; Mon Nov 17 14:14:31 VET 2014]]></LOG><LOG TP='BD'><![CDATA[17/11/2014 -> SELECT * FROM usuarios WHERE tx_login='josew' and clave='123456'; Mon Nov 17 14:14:31 VET 2014]]></LOG><LOG TP='BD'><![CDATA[17/11/2014 -> SELECT * FROM usuarios WHERE tx_login='josew' and clave='123456'; Mon Nov 17 14:15:33 VET 2014]]></LOG><LOG TP='BD'><![CDATA[17/11/2014 -> SELECT * FROM usuarios WHERE tx_login='josew' and clave='1234567'; Mon Nov 17 14:15:33 VET 2014]]></LOG><LOG TP='BD'><![CDATA[17/11/2014 -> SELECT * FROM usuarios WHERE tx_login='josew' and clave='12345678'; Mon Nov 17 14:15:33 VET 2014]]></LOG><LOG TP='BD'><![CDATA[17/11/2014 -> SELECT * FROM usuarios WHERE tx_login='josew' and clave='12345678'; Mon Nov 17 14:15:33 VET 2014]]></LOG><LOG TP='BD'><![CDATA[17/11/2014 -> SELECT * FROM usuarios WHERE tx_login='josew' and clave='12345678'; Mon Nov 17 14:15:33 VET 2014]]></LOG><LOG TP='BD'><![CDATA[17/11/2014 -> SELECT * FROM tbl_estatus WHERE id_estatus='1'; Mon Nov 17 14:15:33 VET 2014]]></LOG><LOG TP='BD'><![CDATA[17/11/2014 -> SELECT * FROM usuarios WHERE tx_login='josew' and clave='12345678'; Mon Nov 17 14:15:33 VET 2014]]></LOG><LOG TP='BD'><![CDATA[17/11/2014 -> SELECT * FROM tbl_rol_usr WHERE nb_rol_usr='Administrador'; Mon Nov 17 14:15:33 VET 2014]]></LOG><LOG TP='BD'><![CDATA[17/11/2014 -> SELECT * FROM tbl_rol_usr WHERE nb_rol_usr='Estudiante'; Mon Nov 17 14:15:33 VET 2014]]></LOG><LOG TP='BD'><![CDATA[17/11/2014 -> SELECT * FROM tbl_rol_usr WHERE nb_rol_usr='Maestro'; Mon Nov 17 14:15:33 VET 2014]]></LOG><LOG TP='BD'><![CDATA[17/11/2014 -> SELECT * FROM tbl_rol_usr WHERE nb_rol_usr='Administrador'; Mon Nov 17 14:15:33 VET 2014]]></LOG><LOG TP='BD'><![CDATA[17/11/2014 -> SELECT * FROM tbl_rol_usr WHERE nb_rol_usr='Estudiante'; Mon Nov 17 14:15:33 VET 2014]]></LOG><LOG TP='BD'><![CDATA[17/11/2014 -> SELECT * FROM tbl_rol_usr WHERE nb_rol_usr='Maestro'; Mon Nov 17 14:15:33 VET 2014]]></LOG><LOG TP='BD'><![CDATA[17/11/2014 -> SELECT * FROM tbl_estatus WHERE id_estatus='3'; Mon Nov 17 14:15:33 VET 2014]]></LOG><LOG TP='BD'><![CDATA[17/11/2014 -> SELECT * FROM tbl_estatus WHERE id_estatus='3'; Mon Nov 17 14:15:33 VET 2014]]></LOG><LOG TP='BD'><![CDATA[17/11/2014 -> SELECT * FROM tbl_estatus WHERE id_estatus='3'; Mon Nov 17 14:15:33 VET 2014]]></LOG>