<LOG TP='BD'><![CDATA[12/11/2014 -> SELECT * FROM usuarios WHERE tx_login='rrr' and clave='12345'; Wed Nov 12 11:49:20 VET 2014]]></LOG><LOG TP='BD'><![CDATA[12/11/2014 -> SELECT * FROM usuarios WHERE tx_login='rrr' and clave='12345'; Wed Nov 12 11:49:20 VET 2014]]></LOG><LOG TP='BD'><![CDATA[12/11/2014 -> SELECT * FROM usuarios WHERE tx_login='rrr' and clave='12345'; Wed Nov 12 11:49:20 VET 2014]]></LOG><LOG TP='BD'><![CDATA[12/11/2014 -> SELECT * FROM tbl_estatus WHERE id_estatus='2'; Wed Nov 12 11:49:20 VET 2014]]></LOG><LOG TP='BD'><![CDATA[12/11/2014 -> SELECT * FROM usuarios WHERE tx_login='rrr' and clave='12345'; Wed Nov 12 11:49:20 VET 2014]]></LOG><LOG TP='BD'><![CDATA[12/11/2014 -> SELECT * FROM usuarios WHERE tx_login='rrr' and clave='12345'; Wed Nov 12 11:49:20 VET 2014]]></LOG><LOG TP='BD'><![CDATA[12/11/2014 -> SELECT * FROM usuarios WHERE tx_login='rrr' and clave='12345'; Wed Nov 12 11:49:20 VET 2014]]></LOG><LOG TP='BD'><![CDATA[12/11/2014 -> SELECT * FROM tbl_estatus WHERE id_estatus='2'; Wed Nov 12 11:49:20 VET 2014]]></LOG><LOG TP='BD'><![CDATA[12/11/2014 -> SELECT * FROM usuarios WHERE tx_login='frejolano' and clave='1234'; Wed Nov 12 13:19:09 VET 2014]]></LOG><LOG TP='BD'><![CDATA[12/11/2014 -> SELECT * FROM usuarios WHERE tx_login='frejolano' and clave='1234'; Wed Nov 12 13:19:09 VET 2014]]></LOG><LOG TP='BD'><![CDATA[12/11/2014 -> SELECT * FROM usuarios WHERE tx_login='frejolano' and clave='1234'; Wed Nov 12 13:19:09 VET 2014]]></LOG><LOG TP='BD'><![CDATA[12/11/2014 -> SELECT * FROM tbl_estatus WHERE id_estatus='1'; Wed Nov 12 13:19:09 VET 2014]]></LOG><LOG TP='BD'><![CDATA[12/11/2014 -> SELECT * FROM usuarios WHERE tx_login='frejolano' and clave='1234'; Wed Nov 12 13:19:09 VET 2014]]></LOG><LOG TP='BD'><![CDATA[12/11/2014 -> SELECT * FROM tbl_rol_usr WHERE nb_rol_usr='Administrador'; Wed Nov 12 13:19:09 VET 2014]]></LOG><LOG TP='BD'><![CDATA[12/11/2014 -> SELECT * FROM tbl_rol_usr WHERE nb_rol_usr='Estudiante'; Wed Nov 12 13:19:09 VET 2014]]></LOG><LOG TP='BD'><![CDATA[12/11/2014 -> SELECT * FROM tbl_rol_usr WHERE nb_rol_usr='Maestro'; Wed Nov 12 13:19:09 VET 2014]]></LOG><LOG TP='BD'><![CDATA[12/11/2014 -> SELECT * FROM tbl_rol_usr WHERE nb_rol_usr='Administrador'; Wed Nov 12 13:19:09 VET 2014]]></LOG><LOG TP='BD'><![CDATA[12/11/2014 -> SELECT * FROM tbl_rol_usr WHERE nb_rol_usr='Estudiante'; Wed Nov 12 13:19:09 VET 2014]]></LOG><LOG TP='BD'><![CDATA[12/11/2014 -> SELECT * FROM tbl_rol_usr WHERE nb_rol_usr='Maestro'; Wed Nov 12 13:19:09 VET 2014]]></LOG><LOG TP='BD'><![CDATA[12/11/2014 -> SELECT * FROM tbl_estatus WHERE id_estatus='4'; Wed Nov 12 13:19:09 VET 2014]]></LOG><LOG TP='BD'><![CDATA[12/11/2014 -> SELECT * FROM tbl_estatus WHERE id_estatus='3'; Wed Nov 12 13:19:09 VET 2014]]></LOG><LOG TP='BD'><![CDATA[12/11/2014 -> SELECT * FROM tbl_estatus WHERE id_estatus='3'; Wed Nov 12 13:19:09 VET 2014]]></LOG><LOG TP='BD'><![CDATA[12/11/2014 -> SELECT * FROM usuarios WHERE tx_login='frejolano' and clave='12345'; Wed Nov 12 13:20:26 VET 2014]]></LOG><LOG TP='BD'><![CDATA[12/11/2014 -> SELECT * FROM usuarios WHERE tx_login='frejolano' and clave='1234'; Wed Nov 12 13:20:26 VET 2014]]></LOG><LOG TP='BD'><![CDATA[12/11/2014 -> SELECT * FROM usuarios WHERE tx_login='frejolano' and clave='1234'; Wed Nov 12 13:20:26 VET 2014]]></LOG><LOG TP='BD'><![CDATA[12/11/2014 -> SELECT * FROM usuarios WHERE tx_login='frejolano' and clave='1234'; Wed Nov 12 13:20:26 VET 2014]]></LOG><LOG TP='BD'><![CDATA[12/11/2014 -> SELECT * FROM tbl_estatus WHERE id_estatus='1'; Wed Nov 12 13:20:26 VET 2014]]></LOG><LOG TP='BD'><![CDATA[12/11/2014 -> SELECT * FROM usuarios WHERE tx_login='frejolano' and clave='1234'; Wed Nov 12 13:20:26 VET 2014]]></LOG><LOG TP='BD'><![CDATA[12/11/2014 -> SELECT * FROM tbl_rol_usr WHERE nb_rol_usr='Administrador'; Wed Nov 12 13:20:26 VET 2014]]></LOG><LOG TP='BD'><![CDATA[12/11/2014 -> SELECT * FROM tbl_rol_usr WHERE nb_rol_usr='Estudiante'; Wed Nov 12 13:20:26 VET 2014]]></LOG><LOG TP='BD'><![CDATA[12/11/2014 -> SELECT * FROM tbl_rol_usr WHERE nb_rol_usr='Maestro'; Wed Nov 12 13:20:26 VET 2014]]></LOG><LOG TP='BD'><![CDATA[12/11/2014 -> SELECT * FROM tbl_rol_usr WHERE nb_rol_usr='Administrador'; Wed Nov 12 13:20:26 VET 2014]]></LOG><LOG TP='BD'><![CDATA[12/11/2014 -> SELECT * FROM tbl_rol_usr WHERE nb_rol_usr='Estudiante'; Wed Nov 12 13:20:26 VET 2014]]></LOG><LOG TP='BD'><![CDATA[12/11/2014 -> SELECT * FROM tbl_rol_usr WHERE nb_rol_usr='Maestro'; Wed Nov 12 13:20:26 VET 2014]]></LOG><LOG TP='BD'><![CDATA[12/11/2014 -> SELECT * FROM tbl_estatus WHERE id_estatus='3'; Wed Nov 12 13:20:26 VET 2014]]></LOG><LOG TP='BD'><![CDATA[12/11/2014 -> SELECT * FROM tbl_estatus WHERE id_estatus='3'; Wed Nov 12 13:20:26 VET 2014]]></LOG><LOG TP='BD'><![CDATA[12/11/2014 -> SELECT * FROM tbl_estatus WHERE id_estatus='3'; Wed Nov 12 13:20:26 VET 2014]]></LOG><LOG TP='BD'><![CDATA[12/11/2014 -> SELECT * FROM tbl_rol_usr WHERE id_rol_usr=1; Wed Nov 12 13:20:26 VET 2014]]></LOG><LOG TP='BD'><![CDATA[12/11/2014 -> SELECT * FROM usuarios WHERE tx_login='frejolano' and clave='12345'; Wed Nov 12 13:26:46 VET 2014]]></LOG><LOG TP='BD'><![CDATA[12/11/2014 -> SELECT * FROM usuarios WHERE tx_login='frejolano' and clave='1234'; Wed Nov 12 13:26:46 VET 2014]]></LOG><LOG TP='BD'><![CDATA[12/11/2014 -> SELECT * FROM usuarios WHERE tx_login='frejolano' and clave='1234'; Wed Nov 12 13:26:46 VET 2014]]></LOG><LOG TP='BD'><![CDATA[12/11/2014 -> SELECT * FROM usuarios WHERE tx_login='frejolano' and clave='1234'; Wed Nov 12 13:26:46 VET 2014]]></LOG><LOG TP='BD'><![CDATA[12/11/2014 -> SELECT * FROM tbl_estatus WHERE id_estatus='1'; Wed Nov 12 13:26:46 VET 2014]]></LOG><LOG TP='BD'><![CDATA[12/11/2014 -> SELECT * FROM usuarios WHERE tx_login='frejolano' and clave='1234'; Wed Nov 12 13:26:46 VET 2014]]></LOG><LOG TP='BD'><![CDATA[12/11/2014 -> SELECT * FROM tbl_rol_usr WHERE nb_rol_usr='Administrador'; Wed Nov 12 13:26:46 VET 2014]]></LOG><LOG TP='BD'><![CDATA[12/11/2014 -> SELECT * FROM tbl_rol_usr WHERE nb_rol_usr='Estudiante'; Wed Nov 12 13:26:46 VET 2014]]></LOG><LOG TP='BD'><![CDATA[12/11/2014 -> SELECT * FROM tbl_rol_usr WHERE nb_rol_usr='Maestro'; Wed Nov 12 13:26:46 VET 2014]]></LOG><LOG TP='BD'><![CDATA[12/11/2014 -> SELECT * FROM tbl_rol_usr WHERE nb_rol_usr='Administrador'; Wed Nov 12 13:26:46 VET 2014]]></LOG><LOG TP='BD'><![CDATA[12/11/2014 -> SELECT * FROM tbl_rol_usr WHERE nb_rol_usr='Estudiante'; Wed Nov 12 13:26:46 VET 2014]]></LOG><LOG TP='BD'><![CDATA[12/11/2014 -> SELECT * FROM tbl_rol_usr WHERE nb_rol_usr='Maestro'; Wed Nov 12 13:26:46 VET 2014]]></LOG><LOG TP='BD'><![CDATA[12/11/2014 -> SELECT * FROM tbl_estatus WHERE id_estatus='3'; Wed Nov 12 13:26:46 VET 2014]]></LOG><LOG TP='BD'><![CDATA[12/11/2014 -> SELECT * FROM tbl_estatus WHERE id_estatus='3'; Wed Nov 12 13:26:46 VET 2014]]></LOG><LOG TP='BD'><![CDATA[12/11/2014 -> SELECT * FROM tbl_estatus WHERE id_estatus='3'; Wed Nov 12 13:26:46 VET 2014]]></LOG><LOG TP='BD'><![CDATA[12/11/2014 -> SELECT * FROM tbl_rol_usr WHERE id_rol_usr=1; Wed Nov 12 13:26:46 VET 2014]]></LOG><LOG TP='BD'><![CDATA[12/11/2014 -> SELECT * FROM usuarios WHERE tx_login='frejolano' and clave='1234'; Wed Nov 12 14:06:46 VET 2014]]></LOG><LOG TP='BD'><![CDATA[12/11/2014 -> SELECT * FROM usuarios WHERE tx_login='frejolano' and clave='1234'; Wed Nov 12 14:06:46 VET 2014]]></LOG><LOG TP='BD'><![CDATA[12/11/2014 -> SELECT * FROM usuarios WHERE tx_login='frejolano' and clave='1234'; Wed Nov 12 14:06:46 VET 2014]]></LOG><LOG TP='BD'><![CDATA[12/11/2014 -> SELECT * FROM tbl_estatus WHERE id_estatus='1'; Wed Nov 12 14:06:46 VET 2014]]></LOG><LOG TP='BD'><![CDATA[12/11/2014 -> SELECT * FROM usuarios WHERE tx_login='frejolano' and clave='1234'; Wed Nov 12 14:06:46 VET 2014]]></LOG><LOG TP='BD'><![CDATA[12/11/2014 -> SELECT * FROM tbl_rol_usr WHERE nb_rol_usr='Administrador'; Wed Nov 12 14:06:46 VET 2014]]></LOG><LOG TP='BD'><![CDATA[12/11/2014 -> SELECT * FROM tbl_rol_usr WHERE nb_rol_usr='Estudiante'; Wed Nov 12 14:06:46 VET 2014]]></LOG><LOG TP='BD'><![CDATA[12/11/2014 -> SELECT * FROM tbl_rol_usr WHERE nb_rol_usr='Maestro'; Wed Nov 12 14:06:46 VET 2014]]></LOG><LOG TP='BD'><![CDATA[12/11/2014 -> SELECT * FROM tbl_rol_usr WHERE nb_rol_usr='Administrador'; Wed Nov 12 14:06:46 VET 2014]]></LOG><LOG TP='BD'><![CDATA[12/11/2014 -> SELECT * FROM tbl_rol_usr WHERE nb_rol_usr='Estudiante'; Wed Nov 12 14:06:46 VET 2014]]></LOG><LOG TP='BD'><![CDATA[12/11/2014 -> SELECT * FROM tbl_rol_usr WHERE nb_rol_usr='Maestro'; Wed Nov 12 14:06:46 VET 2014]]></LOG><LOG TP='BD'><![CDATA[12/11/2014 -> SELECT * FROM tbl_estatus WHERE id_estatus='3'; Wed Nov 12 14:06:46 VET 2014]]></LOG><LOG TP='BD'><![CDATA[12/11/2014 -> SELECT * FROM tbl_estatus WHERE id_estatus='3'; Wed Nov 12 14:06:46 VET 2014]]></LOG><LOG TP='BD'><![CDATA[12/11/2014 -> SELECT * FROM tbl_estatus WHERE id_estatus='3'; Wed Nov 12 14:06:46 VET 2014]]></LOG><LOG TP='BD'><![CDATA[12/11/2014 -> SELECT * FROM tbl_rol_usr WHERE id_rol_usr=1; Wed Nov 12 14:06:46 VET 2014]]></LOG><LOG TP='BD'><![CDATA[12/11/2014 -> SELECT * FROM usuarios WHERE tx_login='frejolano' and clave='1234'; Wed Nov 12 14:07:41 VET 2014]]></LOG><LOG TP='BD'><![CDATA[12/11/2014 -> SELECT * FROM usuarios WHERE tx_login='frejolano' and clave='1234'; Wed Nov 12 14:07:41 VET 2014]]></LOG><LOG TP='BD'><![CDATA[12/11/2014 -> SELECT * FROM usuarios WHERE tx_login='frejolano' and clave='1234'; Wed Nov 12 14:07:41 VET 2014]]></LOG><LOG TP='BD'><![CDATA[12/11/2014 -> SELECT * FROM tbl_estatus WHERE id_estatus='1'; Wed Nov 12 14:07:41 VET 2014]]></LOG><LOG TP='BD'><![CDATA[12/11/2014 -> SELECT * FROM usuarios WHERE tx_login='frejolano' and clave='1234'; Wed Nov 12 14:07:41 VET 2014]]></LOG><LOG TP='BD'><![CDATA[12/11/2014 -> SELECT * FROM tbl_rol_usr WHERE nb_rol_usr='Administrador'; Wed Nov 12 14:07:41 VET 2014]]></LOG><LOG TP='BD'><![CDATA[12/11/2014 -> SELECT * FROM tbl_rol_usr WHERE nb_rol_usr='Estudiante'; Wed Nov 12 14:07:41 VET 2014]]></LOG><LOG TP='BD'><![CDATA[12/11/2014 -> SELECT * FROM tbl_rol_usr WHERE nb_rol_usr='Maestro'; Wed Nov 12 14:07:41 VET 2014]]></LOG><LOG TP='BD'><![CDATA[12/11/2014 -> SELECT * FROM tbl_rol_usr WHERE nb_rol_usr='Administrador'; Wed Nov 12 14:07:41 VET 2014]]></LOG><LOG TP='BD'><![CDATA[12/11/2014 -> SELECT * FROM tbl_rol_usr WHERE nb_rol_usr='Estudiante'; Wed Nov 12 14:07:41 VET 2014]]></LOG><LOG TP='BD'><![CDATA[12/11/2014 -> SELECT * FROM tbl_rol_usr WHERE nb_rol_usr='Maestro'; Wed Nov 12 14:07:41 VET 2014]]></LOG><LOG TP='BD'><![CDATA[12/11/2014 -> SELECT * FROM tbl_estatus WHERE id_estatus='3'; Wed Nov 12 14:07:41 VET 2014]]></LOG><LOG TP='BD'><![CDATA[12/11/2014 -> SELECT * FROM tbl_estatus WHERE id_estatus='3'; Wed Nov 12 14:07:41 VET 2014]]></LOG><LOG TP='BD'><![CDATA[12/11/2014 -> SELECT * FROM tbl_estatus WHERE id_estatus='3'; Wed Nov 12 14:07:41 VET 2014]]></LOG><LOG TP='BD'><![CDATA[12/11/2014 -> SELECT * FROM tbl_rol_usr WHERE id_rol_usr=1; Wed Nov 12 14:07:41 VET 2014]]></LOG><LOG TP='BD'><![CDATA[12/11/2014 -> SELECT * FROM tbl_estatus WHERE nb_estatus=activo and tx_estatus=tbl_rol_usr; Wed Nov 12 14:07:41 VET 2014ERROR= ERROR: no existe la columna «activo»
  Position: 44]]></LOG><LOG TP='BD'><![CDATA[12/11/2014 -> SELECT * FROM tbl_estatus WHERE nb_estatus=activo and tx_estatus=tbl_rol_usr; Wed Nov 12 14:07:41 VET 2014ERROR= ERROR: no existe la columna «activo»
  Position: 44]]></LOG><LOG TP='BD'><![CDATA[12/11/2014 -> SELECT * FROM tbl_estatus WHERE nb_estatus=activo and tx_estatus=tbl_rol_usr; Wed Nov 12 14:07:41 VET 2014ERROR= ERROR: no existe la columna «activo»
  Position: 44]]></LOG><LOG TP='BD'><![CDATA[12/11/2014 -> SELECT * FROM usuarios WHERE tx_login='frejolano' and clave='1234'; Wed Nov 12 14:13:16 VET 2014]]></LOG><LOG TP='BD'><![CDATA[12/11/2014 -> SELECT * FROM usuarios WHERE tx_login='frejolano' and clave='1234'; Wed Nov 12 14:13:16 VET 2014]]></LOG><LOG TP='BD'><![CDATA[12/11/2014 -> SELECT * FROM usuarios WHERE tx_login='frejolano' and clave='1234'; Wed Nov 12 14:13:16 VET 2014]]></LOG><LOG TP='BD'><![CDATA[12/11/2014 -> SELECT * FROM tbl_estatus WHERE id_estatus='1'; Wed Nov 12 14:13:16 VET 2014]]></LOG><LOG TP='BD'><![CDATA[12/11/2014 -> SELECT * FROM usuarios WHERE tx_login='frejolano' and clave='1234'; Wed Nov 12 14:13:16 VET 2014]]></LOG><LOG TP='BD'><![CDATA[12/11/2014 -> SELECT * FROM tbl_rol_usr WHERE nb_rol_usr='Administrador'; Wed Nov 12 14:13:16 VET 2014]]></LOG><LOG TP='BD'><![CDATA[12/11/2014 -> SELECT * FROM tbl_rol_usr WHERE nb_rol_usr='Estudiante'; Wed Nov 12 14:13:16 VET 2014]]></LOG><LOG TP='BD'><![CDATA[12/11/2014 -> SELECT * FROM tbl_rol_usr WHERE nb_rol_usr='Maestro'; Wed Nov 12 14:13:16 VET 2014]]></LOG><LOG TP='BD'><![CDATA[12/11/2014 -> SELECT * FROM tbl_rol_usr WHERE nb_rol_usr='Administrador'; Wed Nov 12 14:13:16 VET 2014]]></LOG><LOG TP='BD'><![CDATA[12/11/2014 -> SELECT * FROM tbl_rol_usr WHERE nb_rol_usr='Estudiante'; Wed Nov 12 14:13:16 VET 2014]]></LOG><LOG TP='BD'><![CDATA[12/11/2014 -> SELECT * FROM tbl_rol_usr WHERE nb_rol_usr='Maestro'; Wed Nov 12 14:13:16 VET 2014]]></LOG><LOG TP='BD'><![CDATA[12/11/2014 -> SELECT * FROM tbl_estatus WHERE id_estatus='3'; Wed Nov 12 14:13:16 VET 2014]]></LOG><LOG TP='BD'><![CDATA[12/11/2014 -> SELECT * FROM tbl_estatus WHERE id_estatus='3'; Wed Nov 12 14:13:16 VET 2014]]></LOG><LOG TP='BD'><![CDATA[12/11/2014 -> SELECT * FROM tbl_estatus WHERE id_estatus='3'; Wed Nov 12 14:13:16 VET 2014]]></LOG><LOG TP='BD'><![CDATA[12/11/2014 -> SELECT * FROM tbl_rol_usr WHERE id_rol_usr=1; Wed Nov 12 14:13:16 VET 2014]]></LOG><LOG TP='BD'><![CDATA[12/11/2014 -> SELECT * FROM usuarios WHERE tx_login='frejollano' and clave='1234'; Wed Nov 12 14:15:03 VET 2014]]></LOG><LOG TP='BD'><![CDATA[12/11/2014 -> SELECT * FROM usuarios WHERE tx_login='frejolano' and clave='1234'; Wed Nov 12 14:15:03 VET 2014]]></LOG><LOG TP='BD'><![CDATA[12/11/2014 -> SELECT * FROM usuarios WHERE tx_login='frejolano' and clave='1234'; Wed Nov 12 14:15:03 VET 2014]]></LOG><LOG TP='BD'><![CDATA[12/11/2014 -> SELECT * FROM usuarios WHERE tx_login='frejolano' and clave='1234'; Wed Nov 12 14:15:03 VET 2014]]></LOG><LOG TP='BD'><![CDATA[12/11/2014 -> SELECT * FROM tbl_estatus WHERE id_estatus='1'; Wed Nov 12 14:15:03 VET 2014]]></LOG><LOG TP='BD'><![CDATA[12/11/2014 -> SELECT * FROM usuarios WHERE tx_login='frejolano' and clave='1234'; Wed Nov 12 14:15:03 VET 2014]]></LOG><LOG TP='BD'><![CDATA[12/11/2014 -> SELECT * FROM tbl_rol_usr WHERE nb_rol_usr='Administrador'; Wed Nov 12 14:15:03 VET 2014]]></LOG><LOG TP='BD'><![CDATA[12/11/2014 -> SELECT * FROM tbl_rol_usr WHERE nb_rol_usr='Estudiante'; Wed Nov 12 14:15:03 VET 2014]]></LOG><LOG TP='BD'><![CDATA[12/11/2014 -> SELECT * FROM tbl_rol_usr WHERE nb_rol_usr='Maestro'; Wed Nov 12 14:15:03 VET 2014]]></LOG><LOG TP='BD'><![CDATA[12/11/2014 -> SELECT * FROM tbl_rol_usr WHERE nb_rol_usr='Administrador'; Wed Nov 12 14:15:03 VET 2014]]></LOG><LOG TP='BD'><![CDATA[12/11/2014 -> SELECT * FROM tbl_rol_usr WHERE nb_rol_usr='Estudiante'; Wed Nov 12 14:15:03 VET 2014]]></LOG><LOG TP='BD'><![CDATA[12/11/2014 -> SELECT * FROM tbl_rol_usr WHERE nb_rol_usr='Maestro'; Wed Nov 12 14:15:03 VET 2014]]></LOG><LOG TP='BD'><![CDATA[12/11/2014 -> SELECT * FROM tbl_estatus WHERE id_estatus='3'; Wed Nov 12 14:15:03 VET 2014]]></LOG><LOG TP='BD'><![CDATA[12/11/2014 -> SELECT * FROM tbl_estatus WHERE id_estatus='3'; Wed Nov 12 14:15:03 VET 2014]]></LOG><LOG TP='BD'><![CDATA[12/11/2014 -> SELECT * FROM tbl_estatus WHERE id_estatus='3'; Wed Nov 12 14:15:03 VET 2014]]></LOG><LOG TP='BD'><![CDATA[12/11/2014 -> SELECT * FROM tbl_rol_usr WHERE id_rol_usr=1; Wed Nov 12 14:15:03 VET 2014]]></LOG><LOG TP='BD'><![CDATA[12/11/2014 -> SELECT * FROM tbl_estatus WHERE nb_estatus='activo'and tx_estatus='tbl_rol_usr'; Wed Nov 12 14:15:03 VET 2014]]></LOG><LOG TP='BD'><![CDATA[12/11/2014 -> SELECT * FROM usuarios WHERE cedula='888'; Wed Nov 12 14:15:03 VET 2014]]></LOG><LOG TP='BD'><![CDATA[12/11/2014 -> SELECT tx_login FROM usuarios WHERE tx_login='33'; Wed Nov 12 14:15:03 VET 2014]]></LOG><LOG TP='BD'><![CDATA[12/11/2014 -> SELECT * FROM usuarios WHERE tx_login='frejolano' and clave='12345'; Wed Nov 12 14:17:59 VET 2014]]></LOG><LOG TP='BD'><![CDATA[12/11/2014 -> SELECT * FROM usuarios WHERE tx_login='frejolano' and clave='1234'; Wed Nov 12 14:17:59 VET 2014]]></LOG><LOG TP='BD'><![CDATA[12/11/2014 -> SELECT * FROM usuarios WHERE tx_login='frejolano' and clave='1234'; Wed Nov 12 14:17:59 VET 2014]]></LOG><LOG TP='BD'><![CDATA[12/11/2014 -> SELECT * FROM usuarios WHERE tx_login='frejolano' and clave='1234'; Wed Nov 12 14:17:59 VET 2014]]></LOG><LOG TP='BD'><![CDATA[12/11/2014 -> SELECT * FROM tbl_estatus WHERE id_estatus='1'; Wed Nov 12 14:17:59 VET 2014]]></LOG><LOG TP='BD'><![CDATA[12/11/2014 -> SELECT * FROM usuarios WHERE tx_login='frejolano' and clave='1234'; Wed Nov 12 14:17:59 VET 2014]]></LOG><LOG TP='BD'><![CDATA[12/11/2014 -> SELECT * FROM tbl_rol_usr WHERE nb_rol_usr='Administrador'; Wed Nov 12 14:17:59 VET 2014]]></LOG><LOG TP='BD'><![CDATA[12/11/2014 -> SELECT * FROM tbl_rol_usr WHERE nb_rol_usr='Estudiante'; Wed Nov 12 14:17:59 VET 2014]]></LOG><LOG TP='BD'><![CDATA[12/11/2014 -> SELECT * FROM tbl_rol_usr WHERE nb_rol_usr='Maestro'; Wed Nov 12 14:17:59 VET 2014]]></LOG><LOG TP='BD'><![CDATA[12/11/2014 -> SELECT * FROM tbl_rol_usr WHERE nb_rol_usr='Administrador'; Wed Nov 12 14:17:59 VET 2014]]></LOG><LOG TP='BD'><![CDATA[12/11/2014 -> SELECT * FROM tbl_rol_usr WHERE nb_rol_usr='Estudiante'; Wed Nov 12 14:17:59 VET 2014]]></LOG><LOG TP='BD'><![CDATA[12/11/2014 -> SELECT * FROM tbl_rol_usr WHERE nb_rol_usr='Maestro'; Wed Nov 12 14:17:59 VET 2014]]></LOG><LOG TP='BD'><![CDATA[12/11/2014 -> SELECT * FROM tbl_estatus WHERE id_estatus='3'; Wed Nov 12 14:17:59 VET 2014]]></LOG><LOG TP='BD'><![CDATA[12/11/2014 -> SELECT * FROM tbl_estatus WHERE id_estatus='3'; Wed Nov 12 14:17:59 VET 2014]]></LOG><LOG TP='BD'><![CDATA[12/11/2014 -> SELECT * FROM tbl_estatus WHERE id_estatus='3'; Wed Nov 12 14:17:59 VET 2014]]></LOG><LOG TP='BD'><![CDATA[12/11/2014 -> SELECT * FROM tbl_rol_usr WHERE id_rol_usr=1; Wed Nov 12 14:17:59 VET 2014]]></LOG><LOG TP='BD'><![CDATA[12/11/2014 -> SELECT * FROM tbl_estatus WHERE nb_estatus='activo'and tx_estatus='tbl_rol_usr'; Wed Nov 12 14:17:59 VET 2014]]></LOG><LOG TP='BD'><![CDATA[12/11/2014 -> SELECT * FROM usuarios WHERE cedula='eerr'; Wed Nov 12 14:17:59 VET 2014]]></LOG><LOG TP='BD'><![CDATA[12/11/2014 -> SELECT * FROM usuarios WHERE tx_login='frejolano' and clave='1234'; Wed Nov 12 14:24:09 VET 2014]]></LOG><LOG TP='BD'><![CDATA[12/11/2014 -> SELECT * FROM usuarios WHERE tx_login='frejolano' and clave='1234'; Wed Nov 12 14:24:09 VET 2014]]></LOG><LOG TP='BD'><![CDATA[12/11/2014 -> SELECT * FROM usuarios WHERE tx_login='frejolano' and clave='1234'; Wed Nov 12 14:24:09 VET 2014]]></LOG><LOG TP='BD'><![CDATA[12/11/2014 -> SELECT * FROM tbl_estatus WHERE id_estatus='1'; Wed Nov 12 14:24:09 VET 2014]]></LOG><LOG TP='BD'><![CDATA[12/11/2014 -> SELECT * FROM usuarios WHERE tx_login='frejolano' and clave='1234'; Wed Nov 12 14:24:09 VET 2014]]></LOG><LOG TP='BD'><![CDATA[12/11/2014 -> SELECT * FROM tbl_rol_usr WHERE nb_rol_usr='Administrador'; Wed Nov 12 14:24:09 VET 2014]]></LOG><LOG TP='BD'><![CDATA[12/11/2014 -> SELECT * FROM tbl_rol_usr WHERE nb_rol_usr='Estudiante'; Wed Nov 12 14:24:09 VET 2014]]></LOG><LOG TP='BD'><![CDATA[12/11/2014 -> SELECT * FROM tbl_rol_usr WHERE nb_rol_usr='Maestro'; Wed Nov 12 14:24:09 VET 2014]]></LOG><LOG TP='BD'><![CDATA[12/11/2014 -> SELECT * FROM tbl_rol_usr WHERE nb_rol_usr='Administrador'; Wed Nov 12 14:24:09 VET 2014]]></LOG><LOG TP='BD'><![CDATA[12/11/2014 -> SELECT * FROM tbl_rol_usr WHERE nb_rol_usr='Estudiante'; Wed Nov 12 14:24:09 VET 2014]]></LOG><LOG TP='BD'><![CDATA[12/11/2014 -> SELECT * FROM tbl_rol_usr WHERE nb_rol_usr='Maestro'; Wed Nov 12 14:24:09 VET 2014]]></LOG><LOG TP='BD'><![CDATA[12/11/2014 -> SELECT * FROM tbl_estatus WHERE id_estatus='3'; Wed Nov 12 14:24:09 VET 2014]]></LOG><LOG TP='BD'><![CDATA[12/11/2014 -> SELECT * FROM tbl_estatus WHERE id_estatus='3'; Wed Nov 12 14:24:09 VET 2014]]></LOG><LOG TP='BD'><![CDATA[12/11/2014 -> SELECT * FROM tbl_estatus WHERE id_estatus='4'; Wed Nov 12 14:24:09 VET 2014]]></LOG><LOG TP='BD'><![CDATA[12/11/2014 -> SELECT * FROM usuarios WHERE tx_login='frejolano' and clave='1234'; Wed Nov 12 14:24:09 VET 2014]]></LOG><LOG TP='BD'><![CDATA[12/11/2014 -> SELECT * FROM usuarios WHERE tx_login='frejolano' and clave='1234'; Wed Nov 12 14:24:09 VET 2014]]></LOG><LOG TP='BD'><![CDATA[12/11/2014 -> SELECT * FROM usuarios WHERE tx_login='frejolano' and clave='1234'; Wed Nov 12 14:24:09 VET 2014]]></LOG><LOG TP='BD'><![CDATA[12/11/2014 -> SELECT * FROM tbl_estatus WHERE id_estatus='1'; Wed Nov 12 14:24:09 VET 2014]]></LOG><LOG TP='BD'><![CDATA[12/11/2014 -> SELECT * FROM usuarios WHERE tx_login='frejolano' and clave='1234'; Wed Nov 12 14:24:09 VET 2014]]></LOG><LOG TP='BD'><![CDATA[12/11/2014 -> SELECT * FROM tbl_rol_usr WHERE nb_rol_usr='Administrador'; Wed Nov 12 14:24:09 VET 2014]]></LOG><LOG TP='BD'><![CDATA[12/11/2014 -> SELECT * FROM tbl_rol_usr WHERE nb_rol_usr='Estudiante'; Wed Nov 12 14:24:09 VET 2014]]></LOG><LOG TP='BD'><![CDATA[12/11/2014 -> SELECT * FROM tbl_rol_usr WHERE nb_rol_usr='Maestro'; Wed Nov 12 14:24:09 VET 2014]]></LOG><LOG TP='BD'><![CDATA[12/11/2014 -> SELECT * FROM tbl_rol_usr WHERE nb_rol_usr='Administrador'; Wed Nov 12 14:24:09 VET 2014]]></LOG><LOG TP='BD'><![CDATA[12/11/2014 -> SELECT * FROM tbl_rol_usr WHERE nb_rol_usr='Estudiante'; Wed Nov 12 14:24:09 VET 2014]]></LOG><LOG TP='BD'><![CDATA[12/11/2014 -> SELECT * FROM tbl_rol_usr WHERE nb_rol_usr='Maestro'; Wed Nov 12 14:24:09 VET 2014]]></LOG><LOG TP='BD'><![CDATA[12/11/2014 -> SELECT * FROM tbl_estatus WHERE id_estatus='3'; Wed Nov 12 14:24:09 VET 2014]]></LOG><LOG TP='BD'><![CDATA[12/11/2014 -> SELECT * FROM tbl_estatus WHERE id_estatus='3'; Wed Nov 12 14:24:09 VET 2014]]></LOG><LOG TP='BD'><![CDATA[12/11/2014 -> SELECT * FROM tbl_estatus WHERE id_estatus='4'; Wed Nov 12 14:24:09 VET 2014]]></LOG><LOG TP='BD'><![CDATA[12/11/2014 -> SELECT * FROM usuarios WHERE tx_login='frejolano' and clave='1234'; Wed Nov 12 14:24:09 VET 2014]]></LOG><LOG TP='BD'><![CDATA[12/11/2014 -> SELECT * FROM usuarios WHERE tx_login='frejolano' and clave='1234'; Wed Nov 12 14:24:09 VET 2014]]></LOG><LOG TP='BD'><![CDATA[12/11/2014 -> SELECT * FROM usuarios WHERE tx_login='frejolano' and clave='1234'; Wed Nov 12 14:24:09 VET 2014]]></LOG><LOG TP='BD'><![CDATA[12/11/2014 -> SELECT * FROM tbl_estatus WHERE id_estatus='1'; Wed Nov 12 14:24:09 VET 2014]]></LOG><LOG TP='BD'><![CDATA[12/11/2014 -> SELECT * FROM usuarios WHERE tx_login='frejolano' and clave='1234'; Wed Nov 12 14:24:09 VET 2014]]></LOG><LOG TP='BD'><![CDATA[12/11/2014 -> SELECT * FROM tbl_rol_usr WHERE nb_rol_usr='Administrador'; Wed Nov 12 14:24:09 VET 2014]]></LOG><LOG TP='BD'><![CDATA[12/11/2014 -> SELECT * FROM tbl_rol_usr WHERE nb_rol_usr='Estudiante'; Wed Nov 12 14:24:09 VET 2014]]></LOG><LOG TP='BD'><![CDATA[12/11/2014 -> SELECT * FROM tbl_rol_usr WHERE nb_rol_usr='Maestro'; Wed Nov 12 14:24:09 VET 2014]]></LOG><LOG TP='BD'><![CDATA[12/11/2014 -> SELECT * FROM tbl_rol_usr WHERE nb_rol_usr='Administrador'; Wed Nov 12 14:24:09 VET 2014]]></LOG><LOG TP='BD'><![CDATA[12/11/2014 -> SELECT * FROM tbl_rol_usr WHERE nb_rol_usr='Estudiante'; Wed Nov 12 14:24:09 VET 2014]]></LOG><LOG TP='BD'><![CDATA[12/11/2014 -> SELECT * FROM tbl_rol_usr WHERE nb_rol_usr='Maestro'; Wed Nov 12 14:24:09 VET 2014]]></LOG><LOG TP='BD'><![CDATA[12/11/2014 -> SELECT * FROM tbl_estatus WHERE id_estatus='3'; Wed Nov 12 14:24:09 VET 2014]]></LOG><LOG TP='BD'><![CDATA[12/11/2014 -> SELECT * FROM tbl_estatus WHERE id_estatus='3'; Wed Nov 12 14:24:09 VET 2014]]></LOG><LOG TP='BD'><![CDATA[12/11/2014 -> SELECT * FROM tbl_estatus WHERE id_estatus='4'; Wed Nov 12 14:24:09 VET 2014]]></LOG><LOG TP='BD'><![CDATA[12/11/2014 -> SELECT * FROM usuarios WHERE tx_login='frejolano' and clave='12345'; Wed Nov 12 14:30:12 VET 2014]]></LOG><LOG TP='BD'><![CDATA[12/11/2014 -> SELECT * FROM usuarios WHERE tx_login='frejolano' and clave='1234'; Wed Nov 12 14:30:12 VET 2014]]></LOG><LOG TP='BD'><![CDATA[12/11/2014 -> SELECT * FROM usuarios WHERE tx_login='frejolano' and clave='1234'; Wed Nov 12 14:30:12 VET 2014]]></LOG><LOG TP='BD'><![CDATA[12/11/2014 -> SELECT * FROM usuarios WHERE tx_login='frejolano' and clave='1234'; Wed Nov 12 14:30:12 VET 2014]]></LOG><LOG TP='BD'><![CDATA[12/11/2014 -> SELECT * FROM tbl_estatus WHERE id_estatus='1'; Wed Nov 12 14:30:12 VET 2014]]></LOG><LOG TP='BD'><![CDATA[12/11/2014 -> SELECT * FROM usuarios WHERE tx_login='frejolano' and clave='1234'; Wed Nov 12 14:30:12 VET 2014]]></LOG><LOG TP='BD'><![CDATA[12/11/2014 -> SELECT * FROM tbl_rol_usr WHERE nb_rol_usr='Administrador'; Wed Nov 12 14:30:12 VET 2014]]></LOG><LOG TP='BD'><![CDATA[12/11/2014 -> SELECT * FROM tbl_rol_usr WHERE nb_rol_usr='Estudiante'; Wed Nov 12 14:30:12 VET 2014]]></LOG><LOG TP='BD'><![CDATA[12/11/2014 -> SELECT * FROM tbl_rol_usr WHERE nb_rol_usr='Maestro'; Wed Nov 12 14:30:12 VET 2014]]></LOG><LOG TP='BD'><![CDATA[12/11/2014 -> SELECT * FROM tbl_rol_usr WHERE nb_rol_usr='Administrador'; Wed Nov 12 14:30:12 VET 2014]]></LOG><LOG TP='BD'><![CDATA[12/11/2014 -> SELECT * FROM tbl_rol_usr WHERE nb_rol_usr='Estudiante'; Wed Nov 12 14:30:12 VET 2014]]></LOG><LOG TP='BD'><![CDATA[12/11/2014 -> SELECT * FROM tbl_rol_usr WHERE nb_rol_usr='Maestro'; Wed Nov 12 14:30:12 VET 2014]]></LOG><LOG TP='BD'><![CDATA[12/11/2014 -> SELECT * FROM tbl_estatus WHERE id_estatus='3'; Wed Nov 12 14:30:12 VET 2014]]></LOG><LOG TP='BD'><![CDATA[12/11/2014 -> SELECT * FROM tbl_estatus WHERE id_estatus='3'; Wed Nov 12 14:30:12 VET 2014]]></LOG><LOG TP='BD'><![CDATA[12/11/2014 -> SELECT * FROM tbl_estatus WHERE id_estatus='4'; Wed Nov 12 14:30:12 VET 2014]]></LOG><LOG TP='BD'><![CDATA[12/11/2014 -> SELECT * FROM tbl_rol_usr WHERE id_rol_usr=1; Wed Nov 12 14:30:12 VET 2014]]></LOG><LOG TP='BD'><![CDATA[12/11/2014 -> SELECT * FROM tbl_estatus WHERE nb_estatus='activo'and tx_estatus='tbl_rol_usr'; Wed Nov 12 14:30:12 VET 2014]]></LOG><LOG TP='BD'><![CDATA[12/11/2014 -> SELECT * FROM usuarios WHERE cedula='fhjk'; Wed Nov 12 14:30:12 VET 2014]]></LOG><LOG TP='BD'><![CDATA[12/11/2014 -> SELECT * FROM usuarios WHERE tx_login='frejolano' and clave='1234'; Wed Nov 12 14:52:34 VET 2014]]></LOG><LOG TP='BD'><![CDATA[12/11/2014 -> SELECT * FROM usuarios WHERE tx_login='frejolano' and clave='1234'; Wed Nov 12 14:52:34 VET 2014]]></LOG><LOG TP='BD'><![CDATA[12/11/2014 -> SELECT * FROM usuarios WHERE tx_login='frejolano' and clave='1234'; Wed Nov 12 14:52:34 VET 2014]]></LOG><LOG TP='BD'><![CDATA[12/11/2014 -> SELECT * FROM tbl_estatus WHERE id_estatus='1'; Wed Nov 12 14:52:34 VET 2014]]></LOG><LOG TP='BD'><![CDATA[12/11/2014 -> SELECT * FROM usuarios WHERE tx_login='frejolano' and clave='1234'; Wed Nov 12 14:52:34 VET 2014]]></LOG><LOG TP='BD'><![CDATA[12/11/2014 -> SELECT * FROM tbl_rol_usr WHERE nb_rol_usr='Administrador'; Wed Nov 12 14:52:34 VET 2014]]></LOG><LOG TP='BD'><![CDATA[12/11/2014 -> SELECT * FROM tbl_rol_usr WHERE nb_rol_usr='Estudiante'; Wed Nov 12 14:52:34 VET 2014]]></LOG><LOG TP='BD'><![CDATA[12/11/2014 -> SELECT * FROM tbl_rol_usr WHERE nb_rol_usr='Maestro'; Wed Nov 12 14:52:34 VET 2014]]></LOG><LOG TP='BD'><![CDATA[12/11/2014 -> SELECT * FROM tbl_rol_usr WHERE nb_rol_usr='Administrador'; Wed Nov 12 14:52:34 VET 2014]]></LOG><LOG TP='BD'><![CDATA[12/11/2014 -> SELECT * FROM tbl_rol_usr WHERE nb_rol_usr='Estudiante'; Wed Nov 12 14:52:34 VET 2014]]></LOG><LOG TP='BD'><![CDATA[12/11/2014 -> SELECT * FROM tbl_rol_usr WHERE nb_rol_usr='Maestro'; Wed Nov 12 14:52:34 VET 2014]]></LOG><LOG TP='BD'><![CDATA[12/11/2014 -> SELECT * FROM tbl_estatus WHERE id_estatus='3'; Wed Nov 12 14:52:34 VET 2014]]></LOG><LOG TP='BD'><![CDATA[12/11/2014 -> SELECT * FROM tbl_estatus WHERE id_estatus='3'; Wed Nov 12 14:52:34 VET 2014]]></LOG><LOG TP='BD'><![CDATA[12/11/2014 -> SELECT * FROM tbl_estatus WHERE id_estatus='4'; Wed Nov 12 14:52:34 VET 2014]]></LOG><LOG TP='BD'><![CDATA[12/11/2014 -> SELECT * FROM tbl_rol_usr WHERE id_rol_usr=1; Wed Nov 12 14:52:34 VET 2014]]></LOG><LOG TP='BD'><![CDATA[12/11/2014 -> SELECT * FROM tbl_estatus WHERE nb_estatus='activo'and tx_estatus='tbl_rol_usr'; Wed Nov 12 14:52:34 VET 2014]]></LOG><LOG TP='BD'><![CDATA[12/11/2014 -> SELECT * FROM usuarios WHERE cedula='24252028'; Wed Nov 12 14:52:34 VET 2014]]></LOG><LOG TP='BD'><![CDATA[12/11/2014 -> SELECT tx_login FROM usuarios WHERE tx_login='jose1'; Wed Nov 12 14:52:34 VET 2014]]></LOG><LOG TP='BD'><![CDATA[12/11/2014 -> SELECT id_grado FROM tbl_grado WHERE nb_grado='5'; Wed Nov 12 14:52:34 VET 2014]]></LOG><LOG TP='BD'><![CDATA[12/11/2014 -> SELECT id_grado FROM tbl_grado WHERE nb_grado='5'; Wed Nov 12 14:52:34 VET 2014]]></LOG><LOG TP='BD'><![CDATA[12/11/2014 -> SELECT * FROM tbl_rol_usr WHERE nb_rol_usr='Administrador'; Wed Nov 12 14:52:34 VET 2014]]></LOG><LOG TP='BD'><![CDATA[12/11/2014 -> SELECT * FROM usuarios WHERE id_rol_usr=1; Wed Nov 12 14:52:34 VET 2014]]></LOG><LOG TP='BD'><![CDATA[12/11/2014 -> SELECT * FROM tbl_seccion WHERE nb_seccion='C'; Wed Nov 12 14:52:34 VET 2014]]></LOG><LOG TP='BD'><![CDATA[12/11/2014 -> INSERT INTO usuarios(clave,tx_login,id_rol_usr,id_seccion) VALUES('12345','jose1',3,3); Wed Nov 12 14:52:34 VET 2014]]></LOG><LOG TP='BD'><![CDATA[12/11/2014 -> SELECT * FROM tbl_seccion WHERE nb_seccion='C'; Wed Nov 12 14:52:34 VET 2014]]></LOG><LOG TP='BD'><![CDATA[12/11/2014 -> INSERT INTO usuarios(clave,tx_login,id_rol_usr,id_seccion) VALUES('12345','jose1',3,3); Wed Nov 12 14:52:34 VET 2014]]></LOG><LOG TP='BD'><![CDATA[12/11/2014 -> SELECT * FROM usuarios WHERE tx_login='frejolano' and clave='12345'; Wed Nov 12 15:05:32 VET 2014]]></LOG><LOG TP='BD'><![CDATA[12/11/2014 -> SELECT * FROM usuarios WHERE tx_login='frejolano' and clave='1234'; Wed Nov 12 15:05:32 VET 2014]]></LOG><LOG TP='BD'><![CDATA[12/11/2014 -> SELECT * FROM usuarios WHERE tx_login='frejolano' and clave='1234'; Wed Nov 12 15:05:32 VET 2014]]></LOG><LOG TP='BD'><![CDATA[12/11/2014 -> SELECT * FROM usuarios WHERE tx_login='frejolano' and clave='1234'; Wed Nov 12 15:05:32 VET 2014]]></LOG><LOG TP='BD'><![CDATA[12/11/2014 -> SELECT * FROM tbl_estatus WHERE id_estatus='1'; Wed Nov 12 15:05:32 VET 2014]]></LOG><LOG TP='BD'><![CDATA[12/11/2014 -> SELECT * FROM usuarios WHERE tx_login='frejolano' and clave='1234'; Wed Nov 12 15:05:32 VET 2014]]></LOG><LOG TP='BD'><![CDATA[12/11/2014 -> SELECT * FROM tbl_rol_usr WHERE nb_rol_usr='Administrador'; Wed Nov 12 15:05:32 VET 2014]]></LOG><LOG TP='BD'><![CDATA[12/11/2014 -> SELECT * FROM tbl_rol_usr WHERE nb_rol_usr='Estudiante'; Wed Nov 12 15:05:32 VET 2014]]></LOG><LOG TP='BD'><![CDATA[12/11/2014 -> SELECT * FROM tbl_rol_usr WHERE nb_rol_usr='Maestro'; Wed Nov 12 15:05:32 VET 2014]]></LOG><LOG TP='BD'><![CDATA[12/11/2014 -> SELECT * FROM tbl_rol_usr WHERE nb_rol_usr='Administrador'; Wed Nov 12 15:05:32 VET 2014]]></LOG><LOG TP='BD'><![CDATA[12/11/2014 -> SELECT * FROM tbl_rol_usr WHERE nb_rol_usr='Estudiante'; Wed Nov 12 15:05:32 VET 2014]]></LOG><LOG TP='BD'><![CDATA[12/11/2014 -> SELECT * FROM tbl_rol_usr WHERE nb_rol_usr='Maestro'; Wed Nov 12 15:05:32 VET 2014]]></LOG><LOG TP='BD'><![CDATA[12/11/2014 -> SELECT * FROM tbl_estatus WHERE id_estatus='3'; Wed Nov 12 15:05:32 VET 2014]]></LOG><LOG TP='BD'><![CDATA[12/11/2014 -> SELECT * FROM tbl_estatus WHERE id_estatus='3'; Wed Nov 12 15:05:32 VET 2014]]></LOG><LOG TP='BD'><![CDATA[12/11/2014 -> SELECT * FROM tbl_estatus WHERE id_estatus='4'; Wed Nov 12 15:05:32 VET 2014]]></LOG><LOG TP='BD'><![CDATA[12/11/2014 -> SELECT * FROM tbl_rol_usr WHERE id_rol_usr=1; Wed Nov 12 15:05:32 VET 2014]]></LOG><LOG TP='BD'><![CDATA[12/11/2014 -> SELECT * FROM tbl_estatus WHERE nb_estatus='activo'and tx_estatus='tbl_rol_usr'; Wed Nov 12 15:05:32 VET 2014]]></LOG><LOG TP='BD'><![CDATA[12/11/2014 -> SELECT * FROM usuarios WHERE cedula='fgh'; Wed Nov 12 15:05:32 VET 2014]]></LOG><LOG TP='BD'><![CDATA[12/11/2014 -> SELECT tx_login FROM usuarios WHERE tx_login='jose2'; Wed Nov 12 15:05:32 VET 2014]]></LOG><LOG TP='BD'><![CDATA[12/11/2014 -> SELECT tx_login FROM usuarios WHERE tx_login='jose2'; Wed Nov 12 15:05:32 VET 2014]]></LOG><LOG TP='BD'><![CDATA[12/11/2014 -> SELECT id_grado FROM tbl_grado WHERE nb_grado='2'; Wed Nov 12 15:05:32 VET 2014]]></LOG><LOG TP='BD'><![CDATA[12/11/2014 -> SELECT id_grado FROM tbl_grado WHERE nb_grado='2'; Wed Nov 12 15:05:32 VET 2014]]></LOG><LOG TP='BD'><![CDATA[12/11/2014 -> SELECT * FROM tbl_seccion WHERE nb_seccion='B'; Wed Nov 12 15:05:32 VET 2014]]></LOG><LOG TP='BD'><![CDATA[12/11/2014 -> INSERT INTO usuarios(clave,tx_login,id_rol_usr,id_seccion) VALUES('12345','jose2',3,2); Wed Nov 12 15:05:32 VET 2014]]></LOG><LOG TP='BD'><![CDATA[12/11/2014 -> SELECT * FROM usuarios WHERE cedula='24525028'; Wed Nov 12 15:05:32 VET 2014]]></LOG><LOG TP='BD'><![CDATA[12/11/2014 -> SELECT * FROM tbl_estatus WHERE nb_estatus='activo'and tx_estatus='tbl_rol_usr'; Wed Nov 12 15:05:32 VET 2014]]></LOG><LOG TP='BD'><![CDATA[12/11/2014 -> SELECT * FROM usuarios WHERE cedula='24525028'; Wed Nov 12 15:05:32 VET 2014]]></LOG><LOG TP='BD'><![CDATA[12/11/2014 -> SELECT * FROM usuarios WHERE tx_login='jose1' and clave='1234'; Wed Nov 12 15:08:16 VET 2014]]></LOG><LOG TP='BD'><![CDATA[12/11/2014 -> SELECT * FROM usuarios WHERE tx_login='jose1' and clave='12345'; Wed Nov 12 15:08:16 VET 2014]]></LOG><LOG TP='BD'><![CDATA[12/11/2014 -> SELECT * FROM usuarios WHERE tx_login='jose1' and clave='12345'; Wed Nov 12 15:08:16 VET 2014]]></LOG><LOG TP='BD'><![CDATA[12/11/2014 -> SELECT * FROM usuarios WHERE tx_login='jose1' and clave='12345'; Wed Nov 12 15:08:16 VET 2014]]></LOG><LOG TP='BD'><![CDATA[12/11/2014 -> SELECT * FROM tbl_estatus WHERE id_estatus='null'; Wed Nov 12 15:08:16 VET 2014ERROR= ERROR: la sintaxis de entrada no es válida para integer: «null»
  Position: 44]]></LOG><LOG TP='BD'><![CDATA[12/11/2014 -> SELECT * FROM usuarios WHERE tx_login='jose1' and clave='12345'; Wed Nov 12 15:08:16 VET 2014]]></LOG><LOG TP='BD'><![CDATA[12/11/2014 -> SELECT * FROM usuarios WHERE tx_login='jose1' and clave='12345'; Wed Nov 12 15:08:16 VET 2014]]></LOG><LOG TP='BD'><![CDATA[12/11/2014 -> SELECT * FROM usuarios WHERE tx_login='jose1' and clave='12345'; Wed Nov 12 15:08:16 VET 2014]]></LOG><LOG TP='BD'><![CDATA[12/11/2014 -> SELECT * FROM tbl_estatus WHERE id_estatus='null'; Wed Nov 12 15:08:16 VET 2014ERROR= ERROR: la sintaxis de entrada no es válida para integer: «null»
  Position: 44]]></LOG><LOG TP='BD'><![CDATA[12/11/2014 -> SELECT * FROM usuarios WHERE tx_login='jose1' and clave='12345'; Wed Nov 12 15:08:16 VET 2014]]></LOG><LOG TP='BD'><![CDATA[12/11/2014 -> SELECT * FROM usuarios WHERE tx_login='jose1' and clave='12345'; Wed Nov 12 15:08:16 VET 2014]]></LOG><LOG TP='BD'><![CDATA[12/11/2014 -> SELECT * FROM usuarios WHERE tx_login='jose1' and clave='12345'; Wed Nov 12 15:08:16 VET 2014]]></LOG><LOG TP='BD'><![CDATA[12/11/2014 -> SELECT * FROM tbl_estatus WHERE id_estatus='null'; Wed Nov 12 15:08:16 VET 2014ERROR= ERROR: la sintaxis de entrada no es válida para integer: «null»
  Position: 44]]></LOG><LOG TP='BD'><![CDATA[12/11/2014 -> SELECT * FROM usuarios WHERE tx_login='jose2' and clave='12345'; Wed Nov 12 15:08:16 VET 2014]]></LOG><LOG TP='BD'><![CDATA[12/11/2014 -> SELECT * FROM usuarios WHERE tx_login='jose2' and clave='12345'; Wed Nov 12 15:08:16 VET 2014]]></LOG><LOG TP='BD'><![CDATA[12/11/2014 -> SELECT * FROM usuarios WHERE tx_login='jose2' and clave='12345'; Wed Nov 12 15:08:16 VET 2014]]></LOG><LOG TP='BD'><![CDATA[12/11/2014 -> SELECT * FROM tbl_estatus WHERE id_estatus='null'; Wed Nov 12 15:08:16 VET 2014ERROR= ERROR: la sintaxis de entrada no es válida para integer: «null»
  Position: 44]]></LOG><LOG TP='BD'><![CDATA[12/11/2014 -> SELECT * FROM usuarios WHERE tx_login='jose2' and clave='12345'; Wed Nov 12 15:08:16 VET 2014]]></LOG><LOG TP='BD'><![CDATA[12/11/2014 -> SELECT * FROM usuarios WHERE tx_login='jose2' and clave='12345'; Wed Nov 12 15:08:16 VET 2014]]></LOG><LOG TP='BD'><![CDATA[12/11/2014 -> SELECT * FROM usuarios WHERE tx_login='jose2' and clave='12345'; Wed Nov 12 15:08:16 VET 2014]]></LOG><LOG TP='BD'><![CDATA[12/11/2014 -> SELECT * FROM tbl_estatus WHERE id_estatus='null'; Wed Nov 12 15:08:16 VET 2014ERROR= ERROR: la sintaxis de entrada no es válida para integer: «null»
  Position: 44]]></LOG><LOG TP='BD'><![CDATA[12/11/2014 -> SELECT * FROM usuarios WHERE tx_login='jose2' and clave='12345'; Wed Nov 12 15:08:16 VET 2014]]></LOG><LOG TP='BD'><![CDATA[12/11/2014 -> SELECT * FROM usuarios WHERE tx_login='jose2' and clave='12345'; Wed Nov 12 15:08:16 VET 2014]]></LOG><LOG TP='BD'><![CDATA[12/11/2014 -> SELECT * FROM usuarios WHERE tx_login='jose2' and clave='12345'; Wed Nov 12 15:08:16 VET 2014]]></LOG><LOG TP='BD'><![CDATA[12/11/2014 -> SELECT * FROM tbl_estatus WHERE id_estatus='null'; Wed Nov 12 15:08:16 VET 2014ERROR= ERROR: la sintaxis de entrada no es válida para integer: «null»
  Position: 44]]></LOG><LOG TP='BD'><![CDATA[12/11/2014 -> SELECT * FROM usuarios WHERE tx_login='jose2' and clave='12345'; Wed Nov 12 15:08:16 VET 2014]]></LOG><LOG TP='BD'><![CDATA[12/11/2014 -> SELECT * FROM usuarios WHERE tx_login='jose2' and clave='12345'; Wed Nov 12 15:08:16 VET 2014]]></LOG><LOG TP='BD'><![CDATA[12/11/2014 -> SELECT * FROM usuarios WHERE tx_login='jose2' and clave='12345'; Wed Nov 12 15:08:16 VET 2014]]></LOG><LOG TP='BD'><![CDATA[12/11/2014 -> SELECT * FROM tbl_estatus WHERE id_estatus='null'; Wed Nov 12 15:08:16 VET 2014ERROR= ERROR: la sintaxis de entrada no es válida para integer: «null»
  Position: 44]]></LOG><LOG TP='BD'><![CDATA[12/11/2014 -> SELECT * FROM usuarios WHERE tx_login='jose2' and clave='12345'; Wed Nov 12 15:08:16 VET 2014]]></LOG><LOG TP='BD'><![CDATA[12/11/2014 -> SELECT * FROM usuarios WHERE tx_login='jose2' and clave='12345'; Wed Nov 12 15:08:16 VET 2014]]></LOG><LOG TP='BD'><![CDATA[12/11/2014 -> SELECT * FROM usuarios WHERE tx_login='jose2' and clave='12345'; Wed Nov 12 15:08:16 VET 2014]]></LOG><LOG TP='BD'><![CDATA[12/11/2014 -> SELECT * FROM tbl_estatus WHERE id_estatus='null'; Wed Nov 12 15:08:16 VET 2014ERROR= ERROR: la sintaxis de entrada no es válida para integer: «null»
  Position: 44]]></LOG><LOG TP='BD'><![CDATA[12/11/2014 -> SELECT * FROM usuarios WHERE tx_login='jose2' and clave='12345'; Wed Nov 12 15:08:16 VET 2014]]></LOG><LOG TP='BD'><![CDATA[12/11/2014 -> SELECT * FROM usuarios WHERE tx_login='jose2' and clave='12345'; Wed Nov 12 15:08:16 VET 2014]]></LOG><LOG TP='BD'><![CDATA[12/11/2014 -> SELECT * FROM usuarios WHERE tx_login='jose2' and clave='12345'; Wed Nov 12 15:08:16 VET 2014]]></LOG><LOG TP='BD'><![CDATA[12/11/2014 -> SELECT * FROM tbl_estatus WHERE id_estatus='null'; Wed Nov 12 15:08:16 VET 2014ERROR= ERROR: la sintaxis de entrada no es válida para integer: «null»
  Position: 44]]></LOG><LOG TP='BD'><![CDATA[12/11/2014 -> SELECT * FROM usuarios WHERE tx_login='jose2' and clave='12345'; Wed Nov 12 15:08:16 VET 2014]]></LOG><LOG TP='BD'><![CDATA[12/11/2014 -> SELECT * FROM usuarios WHERE tx_login='jose2' and clave='12345'; Wed Nov 12 15:08:16 VET 2014]]></LOG><LOG TP='BD'><![CDATA[12/11/2014 -> SELECT * FROM usuarios WHERE tx_login='jose2' and clave='12345'; Wed Nov 12 15:08:16 VET 2014]]></LOG><LOG TP='BD'><![CDATA[12/11/2014 -> SELECT * FROM tbl_estatus WHERE id_estatus='null'; Wed Nov 12 15:08:16 VET 2014ERROR= ERROR: la sintaxis de entrada no es válida para integer: «null»
  Position: 44]]></LOG><LOG TP='BD'><![CDATA[12/11/2014 -> SELECT * FROM usuarios WHERE tx_login='jose2' and clave='12345'; Wed Nov 12 15:08:16 VET 2014]]></LOG><LOG TP='BD'><![CDATA[12/11/2014 -> SELECT * FROM usuarios WHERE tx_login='jose2' and clave='12345'; Wed Nov 12 15:08:16 VET 2014]]></LOG><LOG TP='BD'><![CDATA[12/11/2014 -> SELECT * FROM usuarios WHERE tx_login='jose2' and clave='12345'; Wed Nov 12 15:08:16 VET 2014]]></LOG><LOG TP='BD'><![CDATA[12/11/2014 -> SELECT * FROM tbl_estatus WHERE id_estatus='null'; Wed Nov 12 15:08:16 VET 2014ERROR= ERROR: la sintaxis de entrada no es válida para integer: «null»
  Position: 44]]></LOG><LOG TP='BD'><![CDATA[12/11/2014 -> SELECT * FROM usuarios WHERE tx_login='jose2' and clave='12345'; Wed Nov 12 15:08:16 VET 2014]]></LOG><LOG TP='BD'><![CDATA[12/11/2014 -> SELECT * FROM usuarios WHERE tx_login='jose2' and clave='12345'; Wed Nov 12 15:08:16 VET 2014]]></LOG><LOG TP='BD'><![CDATA[12/11/2014 -> SELECT * FROM usuarios WHERE tx_login='jose2' and clave='12345'; Wed Nov 12 15:08:16 VET 2014]]></LOG><LOG TP='BD'><![CDATA[12/11/2014 -> SELECT * FROM tbl_estatus WHERE id_estatus='null'; Wed Nov 12 15:08:16 VET 2014ERROR= ERROR: la sintaxis de entrada no es válida para integer: «null»
  Position: 44]]></LOG><LOG TP='BD'><![CDATA[12/11/2014 -> SELECT * FROM usuarios WHERE tx_login='jose1' and clave='12345'; Wed Nov 12 15:08:16 VET 2014]]></LOG><LOG TP='BD'><![CDATA[12/11/2014 -> SELECT * FROM usuarios WHERE tx_login='jose1' and clave='12345'; Wed Nov 12 15:08:16 VET 2014]]></LOG><LOG TP='BD'><![CDATA[12/11/2014 -> SELECT * FROM usuarios WHERE tx_login='jose1' and clave='12345'; Wed Nov 12 15:08:16 VET 2014]]></LOG><LOG TP='BD'><![CDATA[12/11/2014 -> SELECT * FROM tbl_estatus WHERE id_estatus='null'; Wed Nov 12 15:08:16 VET 2014ERROR= ERROR: la sintaxis de entrada no es válida para integer: «null»
  Position: 44]]></LOG><LOG TP='BD'><![CDATA[12/11/2014 -> SELECT * FROM usuarios WHERE tx_login='jose1' and clave='12345'; Wed Nov 12 15:08:16 VET 2014]]></LOG><LOG TP='BD'><![CDATA[12/11/2014 -> SELECT * FROM usuarios WHERE tx_login='jose1' and clave='12345'; Wed Nov 12 15:08:16 VET 2014]]></LOG><LOG TP='BD'><![CDATA[12/11/2014 -> SELECT * FROM usuarios WHERE tx_login='jose1' and clave='12345'; Wed Nov 12 15:08:16 VET 2014]]></LOG><LOG TP='BD'><![CDATA[12/11/2014 -> SELECT * FROM tbl_estatus WHERE id_estatus='null'; Wed Nov 12 15:08:16 VET 2014ERROR= ERROR: la sintaxis de entrada no es válida para integer: «null»
  Position: 44]]></LOG><LOG TP='BD'><![CDATA[12/11/2014 -> SELECT * FROM usuarios WHERE tx_login='jose1' and clave='12345'; Wed Nov 12 15:12:11 VET 2014]]></LOG><LOG TP='BD'><![CDATA[12/11/2014 -> SELECT * FROM usuarios WHERE tx_login='jose1' and clave='12345'; Wed Nov 12 15:12:11 VET 2014]]></LOG><LOG TP='BD'><![CDATA[12/11/2014 -> SELECT * FROM usuarios WHERE tx_login='jose1' and clave='12345'; Wed Nov 12 15:12:11 VET 2014]]></LOG><LOG TP='BD'><![CDATA[12/11/2014 -> SELECT * FROM tbl_estatus WHERE id_estatus='null'; Wed Nov 12 15:12:11 VET 2014ERROR= ERROR: la sintaxis de entrada no es válida para integer: «null»
  Position: 44]]></LOG><LOG TP='BD'><![CDATA[12/11/2014 -> SELECT * FROM usuarios WHERE tx_login='jose1' and clave='12345'; Wed Nov 12 15:12:11 VET 2014]]></LOG><LOG TP='BD'><![CDATA[12/11/2014 -> SELECT * FROM usuarios WHERE tx_login='jose1' and clave='12345'; Wed Nov 12 15:12:11 VET 2014]]></LOG><LOG TP='BD'><![CDATA[12/11/2014 -> SELECT * FROM usuarios WHERE tx_login='jose1' and clave='12345'; Wed Nov 12 15:12:11 VET 2014]]></LOG><LOG TP='BD'><![CDATA[12/11/2014 -> SELECT * FROM tbl_estatus WHERE id_estatus='null'; Wed Nov 12 15:12:11 VET 2014ERROR= ERROR: la sintaxis de entrada no es válida para integer: «null»
  Position: 44]]></LOG><LOG TP='BD'><![CDATA[12/11/2014 -> SELECT * FROM usuarios WHERE tx_login='jose1' and clave='12345'; Wed Nov 12 15:12:11 VET 2014]]></LOG><LOG TP='BD'><![CDATA[12/11/2014 -> SELECT * FROM usuarios WHERE tx_login='jose1' and clave='12345'; Wed Nov 12 15:12:11 VET 2014]]></LOG><LOG TP='BD'><![CDATA[12/11/2014 -> SELECT * FROM usuarios WHERE tx_login='jose1' and clave='12345'; Wed Nov 12 15:12:11 VET 2014]]></LOG><LOG TP='BD'><![CDATA[12/11/2014 -> SELECT * FROM tbl_estatus WHERE id_estatus='null'; Wed Nov 12 15:12:11 VET 2014ERROR= ERROR: la sintaxis de entrada no es válida para integer: «null»
  Position: 44]]></LOG><LOG TP='BD'><![CDATA[12/11/2014 -> SELECT * FROM usuarios WHERE tx_login='jose1' and clave='12345'; Wed Nov 12 15:12:11 VET 2014]]></LOG><LOG TP='BD'><![CDATA[12/11/2014 -> SELECT * FROM usuarios WHERE tx_login='jose1' and clave='12345'; Wed Nov 12 15:12:11 VET 2014]]></LOG><LOG TP='BD'><![CDATA[12/11/2014 -> SELECT * FROM usuarios WHERE tx_login='jose1' and clave='12345'; Wed Nov 12 15:12:11 VET 2014]]></LOG><LOG TP='BD'><![CDATA[12/11/2014 -> SELECT * FROM tbl_estatus WHERE id_estatus='null'; Wed Nov 12 15:12:11 VET 2014ERROR= ERROR: la sintaxis de entrada no es válida para integer: «null»
  Position: 44]]></LOG><LOG TP='BD'><![CDATA[12/11/2014 -> SELECT * FROM usuarios WHERE tx_login='frejolano' and clave='1234'; Wed Nov 12 15:30:49 VET 2014]]></LOG><LOG TP='BD'><![CDATA[12/11/2014 -> SELECT * FROM usuarios WHERE tx_login='frejolano' and clave='1234'; Wed Nov 12 15:30:49 VET 2014]]></LOG><LOG TP='BD'><![CDATA[12/11/2014 -> SELECT * FROM usuarios WHERE tx_login='frejolano' and clave='1234'; Wed Nov 12 15:30:49 VET 2014]]></LOG><LOG TP='BD'><![CDATA[12/11/2014 -> SELECT * FROM tbl_estatus WHERE id_estatus='1'; Wed Nov 12 15:30:49 VET 2014]]></LOG><LOG TP='BD'><![CDATA[12/11/2014 -> SELECT * FROM usuarios WHERE tx_login='frejolano' and clave='1234'; Wed Nov 12 15:30:49 VET 2014]]></LOG><LOG TP='BD'><![CDATA[12/11/2014 -> SELECT * FROM tbl_rol_usr WHERE nb_rol_usr='Administrador'; Wed Nov 12 15:30:49 VET 2014]]></LOG><LOG TP='BD'><![CDATA[12/11/2014 -> SELECT * FROM tbl_rol_usr WHERE nb_rol_usr='Estudiante'; Wed Nov 12 15:30:49 VET 2014]]></LOG><LOG TP='BD'><![CDATA[12/11/2014 -> SELECT * FROM tbl_rol_usr WHERE nb_rol_usr='Maestro'; Wed Nov 12 15:30:49 VET 2014]]></LOG><LOG TP='BD'><![CDATA[12/11/2014 -> SELECT * FROM tbl_rol_usr WHERE nb_rol_usr='Administrador'; Wed Nov 12 15:30:49 VET 2014]]></LOG><LOG TP='BD'><![CDATA[12/11/2014 -> SELECT * FROM tbl_rol_usr WHERE nb_rol_usr='Estudiante'; Wed Nov 12 15:30:49 VET 2014]]></LOG><LOG TP='BD'><![CDATA[12/11/2014 -> SELECT * FROM tbl_rol_usr WHERE nb_rol_usr='Maestro'; Wed Nov 12 15:30:49 VET 2014]]></LOG><LOG TP='BD'><![CDATA[12/11/2014 -> SELECT * FROM tbl_estatus WHERE id_estatus='3'; Wed Nov 12 15:30:49 VET 2014]]></LOG><LOG TP='BD'><![CDATA[12/11/2014 -> SELECT * FROM tbl_estatus WHERE id_estatus='3'; Wed Nov 12 15:30:49 VET 2014]]></LOG><LOG TP='BD'><![CDATA[12/11/2014 -> SELECT * FROM tbl_estatus WHERE id_estatus='4'; Wed Nov 12 15:30:49 VET 2014]]></LOG><LOG TP='BD'><![CDATA[12/11/2014 -> SELECT * FROM tbl_rol_usr WHERE id_rol_usr=1; Wed Nov 12 15:30:49 VET 2014]]></LOG><LOG TP='BD'><![CDATA[12/11/2014 -> SELECT * FROM tbl_estatus WHERE nb_estatus='activo'and tx_estatus='tbl_rol_usr'; Wed Nov 12 15:30:49 VET 2014]]></LOG><LOG TP='BD'><![CDATA[12/11/2014 -> SELECT * FROM usuarios WHERE cedula='1111'; Wed Nov 12 15:30:49 VET 2014]]></LOG><LOG TP='BD'><![CDATA[12/11/2014 -> SELECT id_grado FROM tbl_grado WHERE nb_grado='3'; Wed Nov 12 15:30:49 VET 2014]]></LOG><LOG TP='BD'><![CDATA[12/11/2014 -> SELECT id_grado FROM tbl_grado WHERE nb_grado='3'; Wed Nov 12 15:30:49 VET 2014]]></LOG><LOG TP='BD'><![CDATA[12/11/2014 -> SELECT tx_login FROM usuarios WHERE tx_login='12'; Wed Nov 12 15:30:49 VET 2014]]></LOG><LOG TP='BD'><![CDATA[12/11/2014 -> SELECT * FROM tbl_rol_usr WHERE nb_rl_usr='Estudiante'; Wed Nov 12 15:30:49 VET 2014ERROR= ERROR: no existe la columna «nb_rl_usr»
  Position: 33]]></LOG><LOG TP='BD'><![CDATA[12/11/2014 -> SELECT * FROM tbl_rol_usr WHERE nb_rl_usr='Estudiante'; Wed Nov 12 15:30:49 VET 2014ERROR= ERROR: no existe la columna «nb_rl_usr»
  Position: 33]]></LOG><LOG TP='BD'><![CDATA[12/11/2014 -> SELECT * FROM usuarios WHERE tx_login='frejolano' and clave='1234'; Wed Nov 12 15:35:51 VET 2014]]></LOG><LOG TP='BD'><![CDATA[12/11/2014 -> SELECT * FROM usuarios WHERE tx_login='frejolano' and clave='1234'; Wed Nov 12 15:35:51 VET 2014]]></LOG><LOG TP='BD'><![CDATA[12/11/2014 -> SELECT * FROM usuarios WHERE tx_login='frejolano' and clave='1234'; Wed Nov 12 15:35:51 VET 2014]]></LOG><LOG TP='BD'><![CDATA[12/11/2014 -> SELECT * FROM tbl_estatus WHERE id_estatus='1'; Wed Nov 12 15:35:51 VET 2014]]></LOG><LOG TP='BD'><![CDATA[12/11/2014 -> SELECT * FROM usuarios WHERE tx_login='frejolano' and clave='1234'; Wed Nov 12 15:35:51 VET 2014]]></LOG><LOG TP='BD'><![CDATA[12/11/2014 -> SELECT * FROM tbl_rol_usr WHERE nb_rol_usr='Administrador'; Wed Nov 12 15:35:51 VET 2014]]></LOG><LOG TP='BD'><![CDATA[12/11/2014 -> SELECT * FROM tbl_rol_usr WHERE nb_rol_usr='Estudiante'; Wed Nov 12 15:35:51 VET 2014]]></LOG><LOG TP='BD'><![CDATA[12/11/2014 -> SELECT * FROM tbl_rol_usr WHERE nb_rol_usr='Maestro'; Wed Nov 12 15:35:51 VET 2014]]></LOG><LOG TP='BD'><![CDATA[12/11/2014 -> SELECT * FROM tbl_rol_usr WHERE nb_rol_usr='Administrador'; Wed Nov 12 15:35:51 VET 2014]]></LOG><LOG TP='BD'><![CDATA[12/11/2014 -> SELECT * FROM tbl_rol_usr WHERE nb_rol_usr='Estudiante'; Wed Nov 12 15:35:51 VET 2014]]></LOG><LOG TP='BD'><![CDATA[12/11/2014 -> SELECT * FROM tbl_rol_usr WHERE nb_rol_usr='Maestro'; Wed Nov 12 15:35:51 VET 2014]]></LOG><LOG TP='BD'><![CDATA[12/11/2014 -> SELECT * FROM tbl_estatus WHERE id_estatus='3'; Wed Nov 12 15:35:51 VET 2014]]></LOG><LOG TP='BD'><![CDATA[12/11/2014 -> SELECT * FROM tbl_estatus WHERE id_estatus='3'; Wed Nov 12 15:35:51 VET 2014]]></LOG><LOG TP='BD'><![CDATA[12/11/2014 -> SELECT * FROM tbl_estatus WHERE id_estatus='4'; Wed Nov 12 15:35:51 VET 2014]]></LOG><LOG TP='BD'><![CDATA[12/11/2014 -> SELECT * FROM tbl_rol_usr WHERE id_rol_usr=1; Wed Nov 12 15:35:51 VET 2014]]></LOG><LOG TP='BD'><![CDATA[12/11/2014 -> SELECT * FROM tbl_estatus WHERE nb_estatus='activo'and tx_estatus='tbl_rol_usr'; Wed Nov 12 15:35:51 VET 2014]]></LOG><LOG TP='BD'><![CDATA[12/11/2014 -> SELECT * FROM usuarios WHERE cedula='123'; Wed Nov 12 15:35:51 VET 2014]]></LOG><LOG TP='BD'><![CDATA[12/11/2014 -> SELECT id_grado FROM tbl_grado WHERE nb_grado='4'; Wed Nov 12 15:35:51 VET 2014]]></LOG><LOG TP='BD'><![CDATA[12/11/2014 -> SELECT id_grado FROM tbl_grado WHERE nb_grado='4'; Wed Nov 12 15:35:51 VET 2014]]></LOG><LOG TP='BD'><![CDATA[12/11/2014 -> SELECT tx_login FROM usuarios WHERE tx_login='jj'; Wed Nov 12 15:35:51 VET 2014]]></LOG><LOG TP='BD'><![CDATA[12/11/2014 -> SELECT * FROM tbl_rol_usr WHERE nb_rol_usr='Estudiante'; Wed Nov 12 15:35:51 VET 2014]]></LOG><LOG TP='BD'><![CDATA[12/11/2014 -> SELECT * FROM tbl_rol_usr WHERE nb_rol_usr='Estudiante'; Wed Nov 12 15:35:51 VET 2014]]></LOG><LOG TP='BD'><![CDATA[12/11/2014 -> SELECT * FROM tbl_rol_usr WHERE nb_rol_usr='Estudiante'; Wed Nov 12 15:35:51 VET 2014]]></LOG><LOG TP='BD'><![CDATA[12/11/2014 -> SELECT * FROM usuarios WHERE tx_login='frejolano' and clave='1234'; Wed Nov 12 15:38:53 VET 2014]]></LOG><LOG TP='BD'><![CDATA[12/11/2014 -> SELECT * FROM usuarios WHERE tx_login='frejolano' and clave='1234'; Wed Nov 12 15:38:53 VET 2014]]></LOG><LOG TP='BD'><![CDATA[12/11/2014 -> SELECT * FROM usuarios WHERE tx_login='frejolano' and clave='1234'; Wed Nov 12 15:38:53 VET 2014]]></LOG><LOG TP='BD'><![CDATA[12/11/2014 -> SELECT * FROM tbl_estatus WHERE id_estatus='1'; Wed Nov 12 15:38:53 VET 2014]]></LOG><LOG TP='BD'><![CDATA[12/11/2014 -> SELECT * FROM usuarios WHERE tx_login='frejolano' and clave='1234'; Wed Nov 12 15:38:53 VET 2014]]></LOG><LOG TP='BD'><![CDATA[12/11/2014 -> SELECT * FROM tbl_rol_usr WHERE nb_rol_usr='Administrador'; Wed Nov 12 15:38:53 VET 2014]]></LOG><LOG TP='BD'><![CDATA[12/11/2014 -> SELECT * FROM tbl_rol_usr WHERE nb_rol_usr='Estudiante'; Wed Nov 12 15:38:53 VET 2014]]></LOG><LOG TP='BD'><![CDATA[12/11/2014 -> SELECT * FROM tbl_rol_usr WHERE nb_rol_usr='Maestro'; Wed Nov 12 15:38:53 VET 2014]]></LOG><LOG TP='BD'><![CDATA[12/11/2014 -> SELECT * FROM tbl_rol_usr WHERE nb_rol_usr='Administrador'; Wed Nov 12 15:38:53 VET 2014]]></LOG><LOG TP='BD'><![CDATA[12/11/2014 -> SELECT * FROM tbl_rol_usr WHERE nb_rol_usr='Estudiante'; Wed Nov 12 15:38:53 VET 2014]]></LOG><LOG TP='BD'><![CDATA[12/11/2014 -> SELECT * FROM tbl_rol_usr WHERE nb_rol_usr='Maestro'; Wed Nov 12 15:38:53 VET 2014]]></LOG><LOG TP='BD'><![CDATA[12/11/2014 -> SELECT * FROM tbl_estatus WHERE id_estatus='3'; Wed Nov 12 15:38:53 VET 2014]]></LOG><LOG TP='BD'><![CDATA[12/11/2014 -> SELECT * FROM tbl_estatus WHERE id_estatus='3'; Wed Nov 12 15:38:53 VET 2014]]></LOG><LOG TP='BD'><![CDATA[12/11/2014 -> SELECT * FROM tbl_estatus WHERE id_estatus='4'; Wed Nov 12 15:38:53 VET 2014]]></LOG><LOG TP='BD'><![CDATA[12/11/2014 -> SELECT * FROM tbl_rol_usr WHERE id_rol_usr=1; Wed Nov 12 15:38:53 VET 2014]]></LOG><LOG TP='BD'><![CDATA[12/11/2014 -> SELECT * FROM tbl_estatus WHERE nb_estatus='activo'and tx_estatus='tbl_rol_usr'; Wed Nov 12 15:38:53 VET 2014]]></LOG><LOG TP='BD'><![CDATA[12/11/2014 -> SELECT * FROM usuarios WHERE cedula='1111'; Wed Nov 12 15:38:53 VET 2014]]></LOG><LOG TP='BD'><![CDATA[12/11/2014 -> SELECT id_grado FROM tbl_grado WHERE nb_grado='3'; Wed Nov 12 15:38:53 VET 2014]]></LOG><LOG TP='BD'><![CDATA[12/11/2014 -> SELECT id_grado FROM tbl_grado WHERE nb_grado='3'; Wed Nov 12 15:38:53 VET 2014]]></LOG><LOG TP='BD'><![CDATA[12/11/2014 -> SELECT tx_login FROM usuarios WHERE tx_login='jjj'; Wed Nov 12 15:38:53 VET 2014]]></LOG><LOG TP='BD'><![CDATA[12/11/2014 -> SELECT * FROM tbl_rol_usr WHERE nb_rol_usr='Estudiante'; Wed Nov 12 15:38:53 VET 2014]]></LOG><LOG TP='BD'><![CDATA[12/11/2014 -> SELECT * FROM tbl_estatus WHERE nb_estatus='activo' ant tx_estatus='usuarios; Wed Nov 12 15:38:53 VET 2014ERROR= ERROR: error de sintaxis en o cerca de «ant»
  Position: 53]]></LOG><LOG TP='BD'><![CDATA[12/11/2014 -> SELECT * FROM tbl_rol_usr WHERE nb_rol_usr='Estudiante'; Wed Nov 12 15:38:53 VET 2014]]></LOG><LOG TP='BD'><![CDATA[12/11/2014 -> SELECT * FROM tbl_estatus WHERE nb_estatus='activo' ant tx_estatus='usuarios; Wed Nov 12 15:38:53 VET 2014ERROR= ERROR: error de sintaxis en o cerca de «ant»
  Position: 53]]></LOG><LOG TP='BD'><![CDATA[12/11/2014 -> SELECT * FROM tbl_rol_usr WHERE nb_rol_usr='Estudiante'; Wed Nov 12 15:38:53 VET 2014]]></LOG><LOG TP='BD'><![CDATA[12/11/2014 -> SELECT * FROM tbl_estatus WHERE nb_estatus='activo' ant tx_estatus='usuarios; Wed Nov 12 15:38:53 VET 2014ERROR= ERROR: error de sintaxis en o cerca de «ant»
  Position: 53]]></LOG><LOG TP='BD'><![CDATA[12/11/2014 -> SELECT * FROM usuarios WHERE tx_login='frejolano' and clave='1234'; Wed Nov 12 15:41:46 VET 2014]]></LOG><LOG TP='BD'><![CDATA[12/11/2014 -> SELECT * FROM usuarios WHERE tx_login='frejolano' and clave='1234'; Wed Nov 12 15:41:46 VET 2014]]></LOG><LOG TP='BD'><![CDATA[12/11/2014 -> SELECT * FROM usuarios WHERE tx_login='frejolano' and clave='1234'; Wed Nov 12 15:41:46 VET 2014]]></LOG><LOG TP='BD'><![CDATA[12/11/2014 -> SELECT * FROM tbl_estatus WHERE id_estatus='1'; Wed Nov 12 15:41:46 VET 2014]]></LOG><LOG TP='BD'><![CDATA[12/11/2014 -> SELECT * FROM usuarios WHERE tx_login='frejolano' and clave='1234'; Wed Nov 12 15:41:46 VET 2014]]></LOG><LOG TP='BD'><![CDATA[12/11/2014 -> SELECT * FROM tbl_rol_usr WHERE nb_rol_usr='Administrador'; Wed Nov 12 15:41:46 VET 2014]]></LOG><LOG TP='BD'><![CDATA[12/11/2014 -> SELECT * FROM tbl_rol_usr WHERE nb_rol_usr='Estudiante'; Wed Nov 12 15:41:46 VET 2014]]></LOG><LOG TP='BD'><![CDATA[12/11/2014 -> SELECT * FROM tbl_rol_usr WHERE nb_rol_usr='Maestro'; Wed Nov 12 15:41:46 VET 2014]]></LOG><LOG TP='BD'><![CDATA[12/11/2014 -> SELECT * FROM tbl_rol_usr WHERE nb_rol_usr='Administrador'; Wed Nov 12 15:41:46 VET 2014]]></LOG><LOG TP='BD'><![CDATA[12/11/2014 -> SELECT * FROM tbl_rol_usr WHERE nb_rol_usr='Estudiante'; Wed Nov 12 15:41:46 VET 2014]]></LOG><LOG TP='BD'><![CDATA[12/11/2014 -> SELECT * FROM tbl_rol_usr WHERE nb_rol_usr='Maestro'; Wed Nov 12 15:41:46 VET 2014]]></LOG><LOG TP='BD'><![CDATA[12/11/2014 -> SELECT * FROM tbl_estatus WHERE id_estatus='3'; Wed Nov 12 15:41:46 VET 2014]]></LOG><LOG TP='BD'><![CDATA[12/11/2014 -> SELECT * FROM tbl_estatus WHERE id_estatus='3'; Wed Nov 12 15:41:46 VET 2014]]></LOG><LOG TP='BD'><![CDATA[12/11/2014 -> SELECT * FROM tbl_estatus WHERE id_estatus='4'; Wed Nov 12 15:41:46 VET 2014]]></LOG><LOG TP='BD'><![CDATA[12/11/2014 -> SELECT * FROM tbl_rol_usr WHERE id_rol_usr=1; Wed Nov 12 15:41:46 VET 2014]]></LOG><LOG TP='BD'><![CDATA[12/11/2014 -> SELECT * FROM tbl_estatus WHERE nb_estatus='activo'and tx_estatus='tbl_rol_usr'; Wed Nov 12 15:41:46 VET 2014]]></LOG><LOG TP='BD'><![CDATA[12/11/2014 -> SELECT * FROM usuarios WHERE cedula='111'; Wed Nov 12 15:41:46 VET 2014]]></LOG><LOG TP='BD'><![CDATA[12/11/2014 -> SELECT tx_login FROM usuarios WHERE tx_login='jjjjjj'; Wed Nov 12 15:41:46 VET 2014]]></LOG><LOG TP='BD'><![CDATA[12/11/2014 -> SELECT id_grado FROM tbl_grado WHERE nb_grado='2'; Wed Nov 12 15:41:46 VET 2014]]></LOG><LOG TP='BD'><![CDATA[12/11/2014 -> SELECT id_grado FROM tbl_grado WHERE nb_grado='2'; Wed Nov 12 15:41:46 VET 2014]]></LOG><LOG TP='BD'><![CDATA[12/11/2014 -> SELECT id_grado FROM tbl_grado WHERE nb_grado='4'; Wed Nov 12 15:41:46 VET 2014]]></LOG><LOG TP='BD'><![CDATA[12/11/2014 -> SELECT id_grado FROM tbl_grado WHERE nb_grado='4'; Wed Nov 12 15:41:46 VET 2014]]></LOG><LOG TP='BD'><![CDATA[12/11/2014 -> SELECT * FROM tbl_rol_usr WHERE nb_rol_usr='Estudiante'; Wed Nov 12 15:41:46 VET 2014]]></LOG><LOG TP='BD'><![CDATA[12/11/2014 -> SELECT * FROM tbl_estatus WHERE nb_estatus='activo' ant tx_estatus='usuarios'; Wed Nov 12 15:41:46 VET 2014ERROR= ERROR: error de sintaxis en o cerca de «ant»
  Position: 53]]></LOG><LOG TP='BD'><![CDATA[12/11/2014 -> SELECT * FROM tbl_rol_usr WHERE nb_rol_usr='Estudiante'; Wed Nov 12 15:41:46 VET 2014]]></LOG><LOG TP='BD'><![CDATA[12/11/2014 -> SELECT * FROM tbl_estatus WHERE nb_estatus='activo' ant tx_estatus='usuarios'; Wed Nov 12 15:41:46 VET 2014ERROR= ERROR: error de sintaxis en o cerca de «ant»
  Position: 53]]></LOG><LOG TP='BD'><![CDATA[12/11/2014 -> SELECT * FROM usuarios WHERE tx_login='frejolano' and clave='1234'; Wed Nov 12 15:43:47 VET 2014]]></LOG><LOG TP='BD'><![CDATA[12/11/2014 -> SELECT * FROM usuarios WHERE tx_login='frejolano' and clave='1234'; Wed Nov 12 15:43:47 VET 2014]]></LOG><LOG TP='BD'><![CDATA[12/11/2014 -> SELECT * FROM usuarios WHERE tx_login='frejolano' and clave='1234'; Wed Nov 12 15:43:47 VET 2014]]></LOG><LOG TP='BD'><![CDATA[12/11/2014 -> SELECT * FROM tbl_estatus WHERE id_estatus='1'; Wed Nov 12 15:43:47 VET 2014]]></LOG><LOG TP='BD'><![CDATA[12/11/2014 -> SELECT * FROM usuarios WHERE tx_login='frejolano' and clave='1234'; Wed Nov 12 15:43:47 VET 2014]]></LOG><LOG TP='BD'><![CDATA[12/11/2014 -> SELECT * FROM tbl_rol_usr WHERE nb_rol_usr='Administrador'; Wed Nov 12 15:43:47 VET 2014]]></LOG><LOG TP='BD'><![CDATA[12/11/2014 -> SELECT * FROM tbl_rol_usr WHERE nb_rol_usr='Estudiante'; Wed Nov 12 15:43:47 VET 2014]]></LOG><LOG TP='BD'><![CDATA[12/11/2014 -> SELECT * FROM tbl_rol_usr WHERE nb_rol_usr='Maestro'; Wed Nov 12 15:43:47 VET 2014]]></LOG><LOG TP='BD'><![CDATA[12/11/2014 -> SELECT * FROM tbl_rol_usr WHERE nb_rol_usr='Administrador'; Wed Nov 12 15:43:47 VET 2014]]></LOG><LOG TP='BD'><![CDATA[12/11/2014 -> SELECT * FROM tbl_rol_usr WHERE nb_rol_usr='Estudiante'; Wed Nov 12 15:43:47 VET 2014]]></LOG><LOG TP='BD'><![CDATA[12/11/2014 -> SELECT * FROM tbl_rol_usr WHERE nb_rol_usr='Maestro'; Wed Nov 12 15:43:47 VET 2014]]></LOG><LOG TP='BD'><![CDATA[12/11/2014 -> SELECT * FROM tbl_estatus WHERE id_estatus='3'; Wed Nov 12 15:43:47 VET 2014]]></LOG><LOG TP='BD'><![CDATA[12/11/2014 -> SELECT * FROM tbl_estatus WHERE id_estatus='3'; Wed Nov 12 15:43:47 VET 2014]]></LOG><LOG TP='BD'><![CDATA[12/11/2014 -> SELECT * FROM tbl_estatus WHERE id_estatus='4'; Wed Nov 12 15:43:47 VET 2014]]></LOG><LOG TP='BD'><![CDATA[12/11/2014 -> SELECT * FROM tbl_rol_usr WHERE id_rol_usr=1; Wed Nov 12 15:43:47 VET 2014]]></LOG><LOG TP='BD'><![CDATA[12/11/2014 -> SELECT * FROM tbl_estatus WHERE nb_estatus='activo'and tx_estatus='tbl_rol_usr'; Wed Nov 12 15:43:47 VET 2014]]></LOG><LOG TP='BD'><![CDATA[12/11/2014 -> SELECT * FROM usuarios WHERE cedula='f'; Wed Nov 12 15:43:47 VET 2014]]></LOG><LOG TP='BD'><![CDATA[12/11/2014 -> SELECT id_grado FROM tbl_grado WHERE nb_grado='3'; Wed Nov 12 15:43:47 VET 2014]]></LOG><LOG TP='BD'><![CDATA[12/11/2014 -> SELECT id_grado FROM tbl_grado WHERE nb_grado='3'; Wed Nov 12 15:43:47 VET 2014]]></LOG><LOG TP='BD'><![CDATA[12/11/2014 -> SELECT tx_login FROM usuarios WHERE tx_login='frejolano'; Wed Nov 12 15:43:47 VET 2014]]></LOG><LOG TP='BD'><![CDATA[12/11/2014 -> SELECT tx_login FROM usuarios WHERE tx_login='frejolano'; Wed Nov 12 15:43:47 VET 2014]]></LOG><LOG TP='BD'><![CDATA[12/11/2014 -> SELECT tx_login FROM usuarios WHERE tx_login='frejolano'; Wed Nov 12 15:43:47 VET 2014]]></LOG><LOG TP='BD'><![CDATA[12/11/2014 -> SELECT tx_login FROM usuarios WHERE tx_login='frejolano'; Wed Nov 12 15:43:47 VET 2014]]></LOG><LOG TP='BD'><![CDATA[12/11/2014 -> SELECT tx_login FROM usuarios WHERE tx_login='frejolano'; Wed Nov 12 15:43:47 VET 2014]]></LOG><LOG TP='BD'><![CDATA[12/11/2014 -> SELECT tx_login FROM usuarios WHERE tx_login='frejolano'; Wed Nov 12 15:43:47 VET 2014]]></LOG><LOG TP='BD'><![CDATA[12/11/2014 -> SELECT tx_login FROM usuarios WHERE tx_login='frejolano'; Wed Nov 12 15:43:47 VET 2014]]></LOG><LOG TP='BD'><![CDATA[12/11/2014 -> SELECT tx_login FROM usuarios WHERE tx_login='frejolano'; Wed Nov 12 15:43:47 VET 2014]]></LOG><LOG TP='BD'><![CDATA[12/11/2014 -> SELECT tx_login FROM usuarios WHERE tx_login='frejolano'; Wed Nov 12 15:43:47 VET 2014]]></LOG><LOG TP='BD'><![CDATA[12/11/2014 -> SELECT tx_login FROM usuarios WHERE tx_login='frejolano'; Wed Nov 12 15:43:47 VET 2014]]></LOG><LOG TP='BD'><![CDATA[12/11/2014 -> SELECT tx_login FROM usuarios WHERE tx_login='jjj'; Wed Nov 12 15:43:47 VET 2014]]></LOG><LOG TP='BD'><![CDATA[12/11/2014 -> SELECT * FROM tbl_rol_usr WHERE nb_rol_usr='Estudiante'; Wed Nov 12 15:43:47 VET 2014]]></LOG><LOG TP='BD'><![CDATA[12/11/2014 -> SELECT * FROM tbl_estatus WHERE nb_estatus='activo' and tx_estatus='usuarios'; Wed Nov 12 15:43:47 VET 2014]]></LOG><LOG TP='BD'><![CDATA[12/11/2014 -> SELECT * FROM tbl_seccion WHERE nb_seccion='C'; Wed Nov 12 15:43:47 VET 2014]]></LOG><LOG TP='BD'><![CDATA[12/11/2014 -> INSERT INTO usuarios(clave,tx_login,id_rol_usr,id_estatus,id_seccion) VALUES('12345','jjj','3','1',3); Wed Nov 12 15:43:47 VET 2014]]></LOG><LOG TP='BD'><![CDATA[12/11/2014 -> SELECT * FROM usuarios WHERE tx_login='jjj' and clave='12345'; Wed Nov 12 15:46:24 VET 2014]]></LOG><LOG TP='BD'><![CDATA[12/11/2014 -> SELECT * FROM usuarios WHERE tx_login='jjj' and clave='12345'; Wed Nov 12 15:46:24 VET 2014]]></LOG><LOG TP='BD'><![CDATA[12/11/2014 -> SELECT * FROM usuarios WHERE tx_login='jjj' and clave='12345'; Wed Nov 12 15:46:24 VET 2014]]></LOG><LOG TP='BD'><![CDATA[12/11/2014 -> SELECT * FROM tbl_estatus WHERE id_estatus='1'; Wed Nov 12 15:46:24 VET 2014]]></LOG><LOG TP='BD'><![CDATA[12/11/2014 -> SELECT * FROM usuarios WHERE tx_login='jjj' and clave='12345'; Wed Nov 12 15:46:24 VET 2014]]></LOG><LOG TP='BD'><![CDATA[12/11/2014 -> SELECT * FROM tbl_rol_usr WHERE nb_rol_usr='Administrador'; Wed Nov 12 15:46:24 VET 2014]]></LOG><LOG TP='BD'><![CDATA[12/11/2014 -> SELECT * FROM tbl_rol_usr WHERE nb_rol_usr='Estudiante'; Wed Nov 12 15:46:24 VET 2014]]></LOG><LOG TP='BD'><![CDATA[12/11/2014 -> SELECT * FROM tbl_rol_usr WHERE nb_rol_usr='Maestro'; Wed Nov 12 15:46:24 VET 2014]]></LOG><LOG TP='BD'><![CDATA[12/11/2014 -> SELECT * FROM tbl_rol_usr WHERE nb_rol_usr='Administrador'; Wed Nov 12 15:46:24 VET 2014]]></LOG><LOG TP='BD'><![CDATA[12/11/2014 -> SELECT * FROM tbl_rol_usr WHERE nb_rol_usr='Estudiante'; Wed Nov 12 15:46:24 VET 2014]]></LOG><LOG TP='BD'><![CDATA[12/11/2014 -> SELECT * FROM tbl_rol_usr WHERE nb_rol_usr='Maestro'; Wed Nov 12 15:46:24 VET 2014]]></LOG><LOG TP='BD'><![CDATA[12/11/2014 -> SELECT * FROM tbl_estatus WHERE id_estatus='3'; Wed Nov 12 15:46:24 VET 2014]]></LOG><LOG TP='BD'><![CDATA[12/11/2014 -> SELECT * FROM tbl_estatus WHERE id_estatus='3'; Wed Nov 12 15:46:24 VET 2014]]></LOG><LOG TP='BD'><![CDATA[12/11/2014 -> SELECT * FROM tbl_estatus WHERE id_estatus='4'; Wed Nov 12 15:46:24 VET 2014]]></LOG><LOG TP='BD'><![CDATA[12/11/2014 -> SELECT * FROM usuarios WHERE tx_login='jjj' and clave='12345'; Wed Nov 12 15:46:24 VET 2014]]></LOG><LOG TP='BD'><![CDATA[12/11/2014 -> SELECT * FROM usuarios WHERE tx_login='jjj' and clave='12345'; Wed Nov 12 15:46:24 VET 2014]]></LOG><LOG TP='BD'><![CDATA[12/11/2014 -> SELECT * FROM usuarios WHERE tx_login='jjj' and clave='12345'; Wed Nov 12 15:46:24 VET 2014]]></LOG><LOG TP='BD'><![CDATA[12/11/2014 -> SELECT * FROM tbl_estatus WHERE id_estatus='1'; Wed Nov 12 15:46:24 VET 2014]]></LOG><LOG TP='BD'><![CDATA[12/11/2014 -> SELECT * FROM usuarios WHERE tx_login='jjj' and clave='12345'; Wed Nov 12 15:46:24 VET 2014]]></LOG><LOG TP='BD'><![CDATA[12/11/2014 -> SELECT * FROM tbl_rol_usr WHERE nb_rol_usr='Administrador'; Wed Nov 12 15:46:24 VET 2014]]></LOG><LOG TP='BD'><![CDATA[12/11/2014 -> SELECT * FROM tbl_rol_usr WHERE nb_rol_usr='Estudiante'; Wed Nov 12 15:46:24 VET 2014]]></LOG><LOG TP='BD'><![CDATA[12/11/2014 -> SELECT * FROM tbl_rol_usr WHERE nb_rol_usr='Maestro'; Wed Nov 12 15:46:24 VET 2014]]></LOG><LOG TP='BD'><![CDATA[12/11/2014 -> SELECT * FROM tbl_rol_usr WHERE nb_rol_usr='Administrador'; Wed Nov 12 15:46:24 VET 2014]]></LOG><LOG TP='BD'><![CDATA[12/11/2014 -> SELECT * FROM tbl_rol_usr WHERE nb_rol_usr='Estudiante'; Wed Nov 12 15:46:24 VET 2014]]></LOG><LOG TP='BD'><![CDATA[12/11/2014 -> SELECT * FROM tbl_rol_usr WHERE nb_rol_usr='Maestro'; Wed Nov 12 15:46:24 VET 2014]]></LOG><LOG TP='BD'><![CDATA[12/11/2014 -> SELECT * FROM tbl_estatus WHERE id_estatus='3'; Wed Nov 12 15:46:24 VET 2014]]></LOG><LOG TP='BD'><![CDATA[12/11/2014 -> SELECT * FROM tbl_estatus WHERE id_estatus='3'; Wed Nov 12 15:46:24 VET 2014]]></LOG><LOG TP='BD'><![CDATA[12/11/2014 -> SELECT * FROM tbl_estatus WHERE id_estatus='4'; Wed Nov 12 15:46:24 VET 2014]]></LOG><LOG TP='BD'><![CDATA[12/11/2014 -> SELECT * FROM usuarios WHERE tx_login='frejolano' and clave='12345'; Wed Nov 12 15:48:37 VET 2014]]></LOG><LOG TP='BD'><![CDATA[12/11/2014 -> SELECT * FROM usuarios WHERE tx_login='frejolano' and clave='1234'; Wed Nov 12 15:48:37 VET 2014]]></LOG><LOG TP='BD'><![CDATA[12/11/2014 -> SELECT * FROM usuarios WHERE tx_login='frejolano' and clave='1234'; Wed Nov 12 15:48:37 VET 2014]]></LOG><LOG TP='BD'><![CDATA[12/11/2014 -> SELECT * FROM usuarios WHERE tx_login='frejolano' and clave='1234'; Wed Nov 12 15:48:37 VET 2014]]></LOG><LOG TP='BD'><![CDATA[12/11/2014 -> SELECT * FROM tbl_estatus WHERE id_estatus='1'; Wed Nov 12 15:48:37 VET 2014]]></LOG><LOG TP='BD'><![CDATA[12/11/2014 -> SELECT * FROM usuarios WHERE tx_login='frejolano' and clave='1234'; Wed Nov 12 15:48:37 VET 2014]]></LOG><LOG TP='BD'><![CDATA[12/11/2014 -> SELECT * FROM tbl_rol_usr WHERE nb_rol_usr='Administrador'; Wed Nov 12 15:48:37 VET 2014]]></LOG><LOG TP='BD'><![CDATA[12/11/2014 -> SELECT * FROM tbl_rol_usr WHERE nb_rol_usr='Estudiante'; Wed Nov 12 15:48:37 VET 2014]]></LOG><LOG TP='BD'><![CDATA[12/11/2014 -> SELECT * FROM tbl_rol_usr WHERE nb_rol_usr='Maestro'; Wed Nov 12 15:48:37 VET 2014]]></LOG><LOG TP='BD'><![CDATA[12/11/2014 -> SELECT * FROM tbl_rol_usr WHERE nb_rol_usr='Administrador'; Wed Nov 12 15:48:37 VET 2014]]></LOG><LOG TP='BD'><![CDATA[12/11/2014 -> SELECT * FROM tbl_rol_usr WHERE nb_rol_usr='Estudiante'; Wed Nov 12 15:48:37 VET 2014]]></LOG><LOG TP='BD'><![CDATA[12/11/2014 -> SELECT * FROM tbl_rol_usr WHERE nb_rol_usr='Maestro'; Wed Nov 12 15:48:37 VET 2014]]></LOG><LOG TP='BD'><![CDATA[12/11/2014 -> SELECT * FROM tbl_estatus WHERE id_estatus='3'; Wed Nov 12 15:48:37 VET 2014]]></LOG><LOG TP='BD'><![CDATA[12/11/2014 -> SELECT * FROM tbl_estatus WHERE id_estatus='3'; Wed Nov 12 15:48:37 VET 2014]]></LOG><LOG TP='BD'><![CDATA[12/11/2014 -> SELECT * FROM tbl_estatus WHERE id_estatus='4'; Wed Nov 12 15:48:37 VET 2014]]></LOG><LOG TP='BD'><![CDATA[12/11/2014 -> SELECT * FROM tbl_rol_usr WHERE id_rol_usr=1; Wed Nov 12 15:48:37 VET 2014]]></LOG><LOG TP='BD'><![CDATA[12/11/2014 -> SELECT * FROM tbl_estatus WHERE nb_estatus='activo'and tx_estatus='tbl_rol_usr'; Wed Nov 12 15:48:37 VET 2014]]></LOG><LOG TP='BD'><![CDATA[12/11/2014 -> SELECT * FROM usuarios WHERE tx_login='jjj' and clave='12345'; Wed Nov 12 15:53:48 VET 2014]]></LOG><LOG TP='BD'><![CDATA[12/11/2014 -> SELECT * FROM usuarios WHERE tx_login='jjj' and clave='12345'; Wed Nov 12 15:53:48 VET 2014]]></LOG><LOG TP='BD'><![CDATA[12/11/2014 -> SELECT * FROM usuarios WHERE tx_login='jjj' and clave='12345'; Wed Nov 12 15:53:48 VET 2014]]></LOG><LOG TP='BD'><![CDATA[12/11/2014 -> SELECT * FROM tbl_estatus WHERE id_estatus='1'; Wed Nov 12 15:53:48 VET 2014]]></LOG><LOG TP='BD'><![CDATA[12/11/2014 -> SELECT * FROM usuarios WHERE tx_login='jjj' and clave='12345'; Wed Nov 12 15:53:48 VET 2014]]></LOG><LOG TP='BD'><![CDATA[12/11/2014 -> SELECT * FROM tbl_rol_usr WHERE nb_rol_usr='Administrador'; Wed Nov 12 15:53:48 VET 2014]]></LOG><LOG TP='BD'><![CDATA[12/11/2014 -> SELECT * FROM tbl_rol_usr WHERE nb_rol_usr='Estudiante'; Wed Nov 12 15:53:48 VET 2014]]></LOG><LOG TP='BD'><![CDATA[12/11/2014 -> SELECT * FROM tbl_rol_usr WHERE nb_rol_usr='Maestro'; Wed Nov 12 15:53:48 VET 2014]]></LOG><LOG TP='BD'><![CDATA[12/11/2014 -> SELECT * FROM tbl_rol_usr WHERE nb_rol_usr='Administrador'; Wed Nov 12 15:53:48 VET 2014]]></LOG><LOG TP='BD'><![CDATA[12/11/2014 -> SELECT * FROM tbl_rol_usr WHERE nb_rol_usr='Estudiante'; Wed Nov 12 15:53:48 VET 2014]]></LOG><LOG TP='BD'><![CDATA[12/11/2014 -> SELECT * FROM tbl_rol_usr WHERE nb_rol_usr='Maestro'; Wed Nov 12 15:53:48 VET 2014]]></LOG><LOG TP='BD'><![CDATA[12/11/2014 -> SELECT * FROM tbl_estatus WHERE id_estatus='3'; Wed Nov 12 15:53:48 VET 2014]]></LOG><LOG TP='BD'><![CDATA[12/11/2014 -> SELECT * FROM tbl_estatus WHERE id_estatus='3'; Wed Nov 12 15:53:48 VET 2014]]></LOG><LOG TP='BD'><![CDATA[12/11/2014 -> SELECT * FROM tbl_estatus WHERE id_estatus='4'; Wed Nov 12 15:53:48 VET 2014]]></LOG><LOG TP='BD'><![CDATA[12/11/2014 -> SELECT * FROM tbl_rol_usr WHERE id_rol_usr=3; Wed Nov 12 15:53:48 VET 2014]]></LOG>