<LOG TP='BD'><![CDATA[31/10/2014 -> SELECT * FROM usuarios WHERE tx_login='jesus' and clave='12345'; Fri Oct 31 13:27:19 VET 2014]]></LOG><LOG TP='BD'><![CDATA[31/10/2014 -> SELECT * FROM usuarios WHERE tx_login='jesus' and clave='12345'; Fri Oct 31 13:27:19 VET 2014]]></LOG><LOG TP='BD'><![CDATA[31/10/2014 -> SELECT * FROM tbl_rol_usr WHERE nb_rol_usr='Administrador'; Fri Oct 31 13:27:19 VET 2014]]></LOG><LOG TP='BD'><![CDATA[31/10/2014 -> SELECT * FROM tbl_rol_usr WHERE nb_rol_usr='Estudiante'; Fri Oct 31 13:27:19 VET 2014]]></LOG><LOG TP='BD'><![CDATA[31/10/2014 -> SELECT * FROM tbl_rol_usr WHERE nb_rol_usr='Maestro'; Fri Oct 31 13:27:19 VET 2014]]></LOG><LOG TP='BD'><![CDATA[31/10/2014 -> SELECT * FROM usuarios WHERE tx_login='jesus' and clave='12345'; Fri Oct 31 13:39:10 VET 2014]]></LOG><LOG TP='BD'><![CDATA[31/10/2014 -> SELECT * FROM usuarios WHERE tx_login='jesus' and clave='12345'; Fri Oct 31 13:39:10 VET 2014]]></LOG><LOG TP='BD'><![CDATA[31/10/2014 -> SELECT * FROM tbl_rol_usr WHERE nb_rol_usr='Administrador'; Fri Oct 31 13:39:10 VET 2014]]></LOG><LOG TP='BD'><![CDATA[31/10/2014 -> SELECT * FROM tbl_rol_usr WHERE nb_rol_usr='Estudiante'; Fri Oct 31 13:39:10 VET 2014]]></LOG><LOG TP='BD'><![CDATA[31/10/2014 -> SELECT * FROM tbl_rol_usr WHERE nb_rol_usr='Maestro'; Fri Oct 31 13:39:10 VET 2014]]></LOG><LOG TP='BD'><![CDATA[31/10/2014 -> SELECT * FROM usuarios WHERE tx_login='jesus' and clave='12345'; Fri Oct 31 13:42:49 VET 2014]]></LOG><LOG TP='BD'><![CDATA[31/10/2014 -> SELECT * FROM usuarios WHERE tx_login='jesus' and clave='12345'; Fri Oct 31 13:42:49 VET 2014]]></LOG><LOG TP='BD'><![CDATA[31/10/2014 -> SELECT * FROM tbl_rol_usr WHERE nb_rol_usr='Administrador'; Fri Oct 31 13:42:49 VET 2014]]></LOG><LOG TP='BD'><![CDATA[31/10/2014 -> SELECT * FROM tbl_rol_usr WHERE nb_rol_usr='Estudiante'; Fri Oct 31 13:42:49 VET 2014]]></LOG><LOG TP='BD'><![CDATA[31/10/2014 -> SELECT * FROM tbl_rol_usr WHERE nb_rol_usr='Maestro'; Fri Oct 31 13:42:49 VET 2014]]></LOG><LOG TP='BD'><![CDATA[31/10/2014 -> SELECT * FROM usuarios WHERE tx_login='jesus' and clave='12345'; Fri Oct 31 13:56:44 VET 2014]]></LOG><LOG TP='BD'><![CDATA[31/10/2014 -> SELECT * FROM usuarios WHERE tx_login='jesus' and clave='12345'; Fri Oct 31 13:56:44 VET 2014]]></LOG><LOG TP='BD'><![CDATA[31/10/2014 -> SELECT * FROM tbl_rol_usr WHERE nb_rol_usr='Administrador'; Fri Oct 31 13:56:44 VET 2014]]></LOG><LOG TP='BD'><![CDATA[31/10/2014 -> SELECT * FROM tbl_rol_usr WHERE nb_rol_usr='Estudiante'; Fri Oct 31 13:56:44 VET 2014]]></LOG><LOG TP='BD'><![CDATA[31/10/2014 -> SELECT * FROM tbl_rol_usr WHERE nb_rol_usr='Maestro'; Fri Oct 31 13:56:44 VET 2014]]></LOG><LOG TP='BD'><![CDATA[31/10/2014 -> SELECT * FROM usuarios WHERE tx_login='frejolano' and clave='12345'; Fri Oct 31 13:59:19 VET 2014]]></LOG><LOG TP='BD'><![CDATA[31/10/2014 -> SELECT * FROM usuarios WHERE tx_login='frejolano' and clave='12345'; Fri Oct 31 13:59:19 VET 2014]]></LOG><LOG TP='BD'><![CDATA[31/10/2014 -> SELECT * FROM usuarios WHERE tx_login='frejolano' and clave='1234'; Fri Oct 31 13:59:19 VET 2014]]></LOG><LOG TP='BD'><![CDATA[31/10/2014 -> SELECT * FROM usuarios WHERE tx_login='frejolano' and clave='1234'; Fri Oct 31 13:59:19 VET 2014]]></LOG><LOG TP='BD'><![CDATA[31/10/2014 -> SELECT * FROM tbl_rol_usr WHERE nb_rol_usr='Administrador'; Fri Oct 31 13:59:19 VET 2014]]></LOG><LOG TP='BD'><![CDATA[31/10/2014 -> SELECT * FROM tbl_rol_usr WHERE nb_rol_usr='Estudiante'; Fri Oct 31 13:59:19 VET 2014]]></LOG><LOG TP='BD'><![CDATA[31/10/2014 -> SELECT * FROM tbl_rol_usr WHERE nb_rol_usr='Maestro'; Fri Oct 31 13:59:19 VET 2014]]></LOG><LOG TP='BD'><![CDATA[31/10/2014 -> SELECT * FROM tbl_rol_usr WHERE id_rol_usr=1; Fri Oct 31 13:59:19 VET 2014]]></LOG><LOG TP='BD'><![CDATA[31/10/2014 -> SELECT * FROM usuarios WHERE cedula='445'; Fri Oct 31 13:59:19 VET 2014]]></LOG><LOG TP='BD'><![CDATA[31/10/2014 -> SELECT id_grado FROM tbl_grado WHERE nb_grado='3'; Fri Oct 31 13:59:19 VET 2014]]></LOG><LOG TP='BD'><![CDATA[31/10/2014 -> SELECT id_grado FROM tbl_grado WHERE nb_grado='3'; Fri Oct 31 13:59:19 VET 2014]]></LOG><LOG TP='BD'><![CDATA[31/10/2014 -> SELECT id_grado FROM tbl_grado WHERE nb_grado='2'; Fri Oct 31 13:59:19 VET 2014]]></LOG><LOG TP='BD'><![CDATA[31/10/2014 -> SELECT id_grado FROM tbl_grado WHERE nb_grado='2'; Fri Oct 31 13:59:19 VET 2014]]></LOG><LOG TP='BD'><![CDATA[31/10/2014 -> SELECT id_grado FROM tbl_grado WHERE nb_grado='3'; Fri Oct 31 13:59:19 VET 2014]]></LOG><LOG TP='BD'><![CDATA[31/10/2014 -> SELECT id_grado FROM tbl_grado WHERE nb_grado='3'; Fri Oct 31 13:59:19 VET 2014]]></LOG><LOG TP='BD'><![CDATA[31/10/2014 -> SELECT * FROM usuarios WHERE tx_login='jesus' and clave='1345'; Fri Oct 31 14:00:32 VET 2014]]></LOG><LOG TP='BD'><![CDATA[31/10/2014 -> SELECT * FROM usuarios WHERE tx_login='jesus' and clave='13455'; Fri Oct 31 14:00:32 VET 2014]]></LOG><LOG TP='BD'><![CDATA[31/10/2014 -> SELECT * FROM usuarios WHERE tx_login='jesus' and clave='12345'; Fri Oct 31 14:00:32 VET 2014]]></LOG><LOG TP='BD'><![CDATA[31/10/2014 -> SELECT * FROM usuarios WHERE tx_login='jesus' and clave='12345'; Fri Oct 31 14:00:32 VET 2014]]></LOG><LOG TP='BD'><![CDATA[31/10/2014 -> SELECT * FROM tbl_rol_usr WHERE nb_rol_usr='Administrador'; Fri Oct 31 14:00:32 VET 2014]]></LOG><LOG TP='BD'><![CDATA[31/10/2014 -> SELECT * FROM tbl_rol_usr WHERE nb_rol_usr='Estudiante'; Fri Oct 31 14:00:32 VET 2014]]></LOG><LOG TP='BD'><![CDATA[31/10/2014 -> SELECT * FROM tbl_rol_usr WHERE nb_rol_usr='Maestro'; Fri Oct 31 14:00:32 VET 2014]]></LOG><LOG TP='BD'><![CDATA[31/10/2014 -> SELECT tx_login FROM usuarios WHERE tx_login='jose'; Fri Oct 31 14:00:32 VET 2014]]></LOG><LOG TP='BD'><![CDATA[31/10/2014 -> SELECT * FROM usuarios WHERE tx_login='jesus' and clave='12345'; Fri Oct 31 14:31:45 VET 2014]]></LOG><LOG TP='BD'><![CDATA[31/10/2014 -> SELECT * FROM usuarios WHERE tx_login='jesus' and clave='12345'; Fri Oct 31 14:31:45 VET 2014]]></LOG><LOG TP='BD'><![CDATA[31/10/2014 -> SELECT * FROM tbl_rol_usr WHERE nb_rol_usr='Administrador'; Fri Oct 31 14:31:45 VET 2014]]></LOG><LOG TP='BD'><![CDATA[31/10/2014 -> SELECT * FROM tbl_rol_usr WHERE nb_rol_usr='Estudiante'; Fri Oct 31 14:31:45 VET 2014]]></LOG><LOG TP='BD'><![CDATA[31/10/2014 -> SELECT * FROM tbl_rol_usr WHERE nb_rol_usr='Maestro'; Fri Oct 31 14:31:45 VET 2014]]></LOG><LOG TP='BD'><![CDATA[31/10/2014 -> SELECT * FROM usuarios WHERE tx_login='jesus' and clave='12345'; Fri Oct 31 14:44:53 VET 2014]]></LOG><LOG TP='BD'><![CDATA[31/10/2014 -> SELECT * FROM usuarios WHERE tx_login='jesus' and clave='12345'; Fri Oct 31 14:44:53 VET 2014]]></LOG><LOG TP='BD'><![CDATA[31/10/2014 -> SELECT * FROM tbl_rol_usr WHERE nb_rol_usr='Administrador'; Fri Oct 31 14:44:53 VET 2014]]></LOG><LOG TP='BD'><![CDATA[31/10/2014 -> SELECT * FROM tbl_rol_usr WHERE nb_rol_usr='Estudiante'; Fri Oct 31 14:44:53 VET 2014]]></LOG><LOG TP='BD'><![CDATA[31/10/2014 -> SELECT * FROM tbl_rol_usr WHERE nb_rol_usr='Maestro'; Fri Oct 31 14:44:53 VET 2014]]></LOG><LOG TP='BD'><![CDATA[31/10/2014 -> SELECT * FROM usuarios WHERE tx_login='jesus' and clave='12345'; Fri Oct 31 14:53:19 VET 2014]]></LOG><LOG TP='BD'><![CDATA[31/10/2014 -> SELECT * FROM usuarios WHERE tx_login='jesus' and clave='12345'; Fri Oct 31 14:53:19 VET 2014]]></LOG><LOG TP='BD'><![CDATA[31/10/2014 -> SELECT * FROM tbl_rol_usr WHERE nb_rol_usr='Administrador'; Fri Oct 31 14:53:19 VET 2014]]></LOG><LOG TP='BD'><![CDATA[31/10/2014 -> SELECT * FROM tbl_rol_usr WHERE nb_rol_usr='Estudiante'; Fri Oct 31 14:53:19 VET 2014]]></LOG><LOG TP='BD'><![CDATA[31/10/2014 -> SELECT * FROM tbl_rol_usr WHERE nb_rol_usr='Maestro'; Fri Oct 31 14:53:19 VET 2014]]></LOG><LOG TP='BD'><![CDATA[31/10/2014 -> SELECT * FROM usuarios WHERE tx_login='jesus' and clave='12345'; Fri Oct 31 15:08:20 VET 2014]]></LOG><LOG TP='BD'><![CDATA[31/10/2014 -> SELECT * FROM usuarios WHERE tx_login='jesus' and clave='12345'; Fri Oct 31 15:08:20 VET 2014]]></LOG><LOG TP='BD'><![CDATA[31/10/2014 -> SELECT * FROM tbl_rol_usr WHERE nb_rol_usr='Administrador'; Fri Oct 31 15:08:20 VET 2014]]></LOG><LOG TP='BD'><![CDATA[31/10/2014 -> SELECT * FROM tbl_rol_usr WHERE nb_rol_usr='Estudiante'; Fri Oct 31 15:08:20 VET 2014]]></LOG><LOG TP='BD'><![CDATA[31/10/2014 -> SELECT * FROM tbl_rol_usr WHERE nb_rol_usr='Maestro'; Fri Oct 31 15:08:20 VET 2014]]></LOG><LOG TP='BD'><![CDATA[31/10/2014 -> SELECT * FROM usuarios WHERE tx_login='jesus' and clave='12345'; Fri Oct 31 15:08:20 VET 2014]]></LOG><LOG TP='BD'><![CDATA[31/10/2014 -> SELECT * FROM usuarios WHERE tx_login='jesus' and clave='12345'; Fri Oct 31 15:08:20 VET 2014]]></LOG><LOG TP='BD'><![CDATA[31/10/2014 -> SELECT * FROM tbl_rol_usr WHERE nb_rol_usr='Administrador'; Fri Oct 31 15:08:20 VET 2014]]></LOG><LOG TP='BD'><![CDATA[31/10/2014 -> SELECT * FROM tbl_rol_usr WHERE nb_rol_usr='Estudiante'; Fri Oct 31 15:08:20 VET 2014]]></LOG><LOG TP='BD'><![CDATA[31/10/2014 -> SELECT * FROM tbl_rol_usr WHERE nb_rol_usr='Maestro'; Fri Oct 31 15:08:20 VET 2014]]></LOG><LOG TP='BD'><![CDATA[31/10/2014 -> SELECT * FROM usuarios WHERE tx_login='jesus' and clave='12345'; Fri Oct 31 15:04:21 VET 2014]]></LOG><LOG TP='BD'><![CDATA[31/10/2014 -> SELECT * FROM usuarios WHERE tx_login='jesus' and clave='12345'; Fri Oct 31 15:04:21 VET 2014]]></LOG><LOG TP='BD'><![CDATA[31/10/2014 -> SELECT * FROM tbl_rol_usr WHERE nb_rol_usr='Administrador'; Fri Oct 31 15:04:21 VET 2014]]></LOG><LOG TP='BD'><![CDATA[31/10/2014 -> SELECT * FROM tbl_rol_usr WHERE nb_rol_usr='Estudiante'; Fri Oct 31 15:04:21 VET 2014]]></LOG><LOG TP='BD'><![CDATA[31/10/2014 -> SELECT * FROM tbl_rol_usr WHERE nb_rol_usr='Maestro'; Fri Oct 31 15:04:21 VET 2014]]></LOG><LOG TP='BD'><![CDATA[31/10/2014 -> SELECT * FROM usuarios WHERE tx_login='jesus' and clave='12345'; Fri Oct 31 15:09:21 VET 2014]]></LOG><LOG TP='BD'><![CDATA[31/10/2014 -> SELECT * FROM usuarios WHERE tx_login='jesus' and clave='12345'; Fri Oct 31 15:09:21 VET 2014]]></LOG><LOG TP='BD'><![CDATA[31/10/2014 -> SELECT * FROM tbl_rol_usr WHERE nb_rol_usr='Administrador'; Fri Oct 31 15:09:21 VET 2014]]></LOG><LOG TP='BD'><![CDATA[31/10/2014 -> SELECT * FROM tbl_rol_usr WHERE nb_rol_usr='Estudiante'; Fri Oct 31 15:09:21 VET 2014]]></LOG><LOG TP='BD'><![CDATA[31/10/2014 -> SELECT * FROM tbl_rol_usr WHERE nb_rol_usr='Maestro'; Fri Oct 31 15:09:21 VET 2014]]></LOG><LOG TP='BD'><![CDATA[31/10/2014 -> SELECT * FROM usuarios WHERE tx_login='jesus' and clave='12345'; Fri Oct 31 15:11:17 VET 2014]]></LOG><LOG TP='BD'><![CDATA[31/10/2014 -> SELECT * FROM usuarios WHERE tx_login='jesus' and clave='12345'; Fri Oct 31 15:11:17 VET 2014]]></LOG><LOG TP='BD'><![CDATA[31/10/2014 -> SELECT * FROM tbl_rol_usr WHERE nb_rol_usr='Administrador'; Fri Oct 31 15:11:17 VET 2014]]></LOG><LOG TP='BD'><![CDATA[31/10/2014 -> SELECT * FROM tbl_rol_usr WHERE nb_rol_usr='Estudiante'; Fri Oct 31 15:11:17 VET 2014]]></LOG><LOG TP='BD'><![CDATA[31/10/2014 -> SELECT * FROM tbl_rol_usr WHERE nb_rol_usr='Maestro'; Fri Oct 31 15:11:17 VET 2014]]></LOG><LOG TP='BD'><![CDATA[31/10/2014 -> SELECT * FROM usuarios WHERE tx_login='frejolano' and clave='1234'; Fri Oct 31 15:14:21 VET 2014]]></LOG><LOG TP='BD'><![CDATA[31/10/2014 -> SELECT * FROM usuarios WHERE tx_login='frejolano' and clave='1234'; Fri Oct 31 15:14:21 VET 2014]]></LOG><LOG TP='BD'><![CDATA[31/10/2014 -> SELECT * FROM tbl_rol_usr WHERE nb_rol_usr='Administrador'; Fri Oct 31 15:14:21 VET 2014]]></LOG><LOG TP='BD'><![CDATA[31/10/2014 -> SELECT * FROM tbl_rol_usr WHERE nb_rol_usr='Estudiante'; Fri Oct 31 15:14:21 VET 2014]]></LOG><LOG TP='BD'><![CDATA[31/10/2014 -> SELECT * FROM tbl_rol_usr WHERE nb_rol_usr='Maestro'; Fri Oct 31 15:14:21 VET 2014]]></LOG><LOG TP='BD'><![CDATA[31/10/2014 -> SELECT * FROM tbl_rol_usr WHERE id_rol_usr=1; Fri Oct 31 15:14:21 VET 2014]]></LOG><LOG TP='BD'><![CDATA[31/10/2014 -> SELECT * FROM usuarios WHERE cedula='1233'; Fri Oct 31 15:14:21 VET 2014]]></LOG><LOG TP='BD'><![CDATA[31/10/2014 -> SELECT id_grado FROM tbl_grado WHERE nb_grado='3'; Fri Oct 31 15:14:21 VET 2014]]></LOG><LOG TP='BD'><![CDATA[31/10/2014 -> SELECT id_grado FROM tbl_grado WHERE nb_grado='3'; Fri Oct 31 15:14:21 VET 2014]]></LOG><LOG TP='BD'><![CDATA[31/10/2014 -> SELECT id_grado FROM tbl_grado WHERE nb_grado='Seleccione un Grado Escolar'; Fri Oct 31 15:14:21 VET 2014]]></LOG><LOG TP='BD'><![CDATA[31/10/2014 -> SELECT * FROM usuarios WHERE tx_login='jesus' and clave='12345'; Fri Oct 31 15:25:51 VET 2014]]></LOG><LOG TP='BD'><![CDATA[31/10/2014 -> SELECT * FROM usuarios WHERE tx_login='jesus' and clave='12345'; Fri Oct 31 15:25:51 VET 2014]]></LOG><LOG TP='BD'><![CDATA[31/10/2014 -> SELECT * FROM tbl_rol_usr WHERE nb_rol_usr='Administrador'; Fri Oct 31 15:25:51 VET 2014]]></LOG><LOG TP='BD'><![CDATA[31/10/2014 -> SELECT * FROM tbl_rol_usr WHERE nb_rol_usr='Estudiante'; Fri Oct 31 15:25:51 VET 2014]]></LOG><LOG TP='BD'><![CDATA[31/10/2014 -> SELECT * FROM tbl_rol_usr WHERE nb_rol_usr='Maestro'; Fri Oct 31 15:25:51 VET 2014]]></LOG><LOG TP='BD'><![CDATA[31/10/2014 -> SELECT * FROM usuarios WHERE tx_login='jesus' and clave='12345'; Fri Oct 31 15:25:51 VET 2014]]></LOG><LOG TP='BD'><![CDATA[31/10/2014 -> SELECT * FROM usuarios WHERE tx_login='jesus' and clave='12345'; Fri Oct 31 15:25:51 VET 2014]]></LOG><LOG TP='BD'><![CDATA[31/10/2014 -> SELECT * FROM tbl_rol_usr WHERE nb_rol_usr='Administrador'; Fri Oct 31 15:25:51 VET 2014]]></LOG><LOG TP='BD'><![CDATA[31/10/2014 -> SELECT * FROM tbl_rol_usr WHERE nb_rol_usr='Estudiante'; Fri Oct 31 15:25:51 VET 2014]]></LOG><LOG TP='BD'><![CDATA[31/10/2014 -> SELECT * FROM tbl_rol_usr WHERE nb_rol_usr='Maestro'; Fri Oct 31 15:25:51 VET 2014]]></LOG><LOG TP='BD'><![CDATA[31/10/2014 -> SELECT * FROM usuarios WHERE tx_login='jesus' and clave='12345'; Fri Oct 31 15:26:19 VET 2014]]></LOG><LOG TP='BD'><![CDATA[31/10/2014 -> SELECT * FROM usuarios WHERE tx_login='jesus' and clave='12345'; Fri Oct 31 15:26:19 VET 2014]]></LOG><LOG TP='BD'><![CDATA[31/10/2014 -> SELECT * FROM tbl_rol_usr WHERE nb_rol_usr='Administrador'; Fri Oct 31 15:26:19 VET 2014]]></LOG><LOG TP='BD'><![CDATA[31/10/2014 -> SELECT * FROM tbl_rol_usr WHERE nb_rol_usr='Estudiante'; Fri Oct 31 15:26:19 VET 2014]]></LOG><LOG TP='BD'><![CDATA[31/10/2014 -> SELECT * FROM tbl_rol_usr WHERE nb_rol_usr='Maestro'; Fri Oct 31 15:26:19 VET 2014]]></LOG><LOG TP='BD'><![CDATA[31/10/2014 -> SELECT * FROM usuarios WHERE tx_login='frejolano' and clave='12345'; Fri Oct 31 15:27:49 VET 2014]]></LOG><LOG TP='BD'><![CDATA[31/10/2014 -> SELECT * FROM usuarios WHERE tx_login='frejolano' and clave='1234'; Fri Oct 31 15:27:49 VET 2014]]></LOG><LOG TP='BD'><![CDATA[31/10/2014 -> SELECT * FROM usuarios WHERE tx_login='frejolano' and clave='1234'; Fri Oct 31 15:27:49 VET 2014]]></LOG><LOG TP='BD'><![CDATA[31/10/2014 -> SELECT * FROM tbl_rol_usr WHERE nb_rol_usr='Administrador'; Fri Oct 31 15:27:49 VET 2014]]></LOG><LOG TP='BD'><![CDATA[31/10/2014 -> SELECT * FROM tbl_rol_usr WHERE nb_rol_usr='Estudiante'; Fri Oct 31 15:27:49 VET 2014]]></LOG><LOG TP='BD'><![CDATA[31/10/2014 -> SELECT * FROM tbl_rol_usr WHERE nb_rol_usr='Maestro'; Fri Oct 31 15:27:49 VET 2014]]></LOG><LOG TP='BD'><![CDATA[31/10/2014 -> SELECT * FROM tbl_rol_usr WHERE id_rol_usr=1; Fri Oct 31 15:27:49 VET 2014]]></LOG><LOG TP='BD'><![CDATA[31/10/2014 -> SELECT * FROM usuarios WHERE tx_login='frejolano' and clave='1234'; Fri Oct 31 15:33:12 VET 2014]]></LOG><LOG TP='BD'><![CDATA[31/10/2014 -> SELECT * FROM usuarios WHERE tx_login='frejolano' and clave='1234'; Fri Oct 31 15:33:12 VET 2014]]></LOG><LOG TP='BD'><![CDATA[31/10/2014 -> SELECT * FROM tbl_rol_usr WHERE nb_rol_usr='Administrador'; Fri Oct 31 15:33:12 VET 2014]]></LOG><LOG TP='BD'><![CDATA[31/10/2014 -> SELECT * FROM tbl_rol_usr WHERE nb_rol_usr='Estudiante'; Fri Oct 31 15:33:12 VET 2014]]></LOG><LOG TP='BD'><![CDATA[31/10/2014 -> SELECT * FROM tbl_rol_usr WHERE nb_rol_usr='Maestro'; Fri Oct 31 15:33:12 VET 2014]]></LOG><LOG TP='BD'><![CDATA[31/10/2014 -> SELECT * FROM tbl_rol_usr WHERE id_rol_usr=1; Fri Oct 31 15:33:12 VET 2014]]></LOG><LOG TP='BD'><![CDATA[31/10/2014 -> SELECT * FROM usuarios WHERE tx_login='frejolano' and clave='1234'; Fri Oct 31 15:45:28 VET 2014]]></LOG><LOG TP='BD'><![CDATA[31/10/2014 -> SELECT * FROM usuarios WHERE tx_login='frejolano' and clave='1234'; Fri Oct 31 15:45:28 VET 2014]]></LOG><LOG TP='BD'><![CDATA[31/10/2014 -> SELECT * FROM tbl_rol_usr WHERE nb_rol_usr='Administrador'; Fri Oct 31 15:45:28 VET 2014]]></LOG><LOG TP='BD'><![CDATA[31/10/2014 -> SELECT * FROM tbl_rol_usr WHERE nb_rol_usr='Estudiante'; Fri Oct 31 15:45:28 VET 2014]]></LOG><LOG TP='BD'><![CDATA[31/10/2014 -> SELECT * FROM tbl_rol_usr WHERE nb_rol_usr='Maestro'; Fri Oct 31 15:45:28 VET 2014]]></LOG><LOG TP='BD'><![CDATA[31/10/2014 -> SELECT * FROM tbl_rol_usr WHERE id_rol_usr=1; Fri Oct 31 15:45:28 VET 2014]]></LOG><LOG TP='BD'><![CDATA[31/10/2014 -> SELECT * FROM usuarios WHERE tx_login='frejolano' and clave='1234'; Fri Oct 31 15:52:12 VET 2014]]></LOG><LOG TP='BD'><![CDATA[31/10/2014 -> SELECT * FROM usuarios WHERE tx_login='frejolano' and clave='1234'; Fri Oct 31 15:52:12 VET 2014]]></LOG><LOG TP='BD'><![CDATA[31/10/2014 -> SELECT * FROM tbl_rol_usr WHERE nb_rol_usr='Administrador'; Fri Oct 31 15:52:12 VET 2014]]></LOG><LOG TP='BD'><![CDATA[31/10/2014 -> SELECT * FROM tbl_rol_usr WHERE nb_rol_usr='Estudiante'; Fri Oct 31 15:52:12 VET 2014]]></LOG><LOG TP='BD'><![CDATA[31/10/2014 -> SELECT * FROM tbl_rol_usr WHERE nb_rol_usr='Maestro'; Fri Oct 31 15:52:12 VET 2014]]></LOG><LOG TP='BD'><![CDATA[31/10/2014 -> SELECT * FROM tbl_rol_usr WHERE id_rol_usr=1; Fri Oct 31 15:52:12 VET 2014]]></LOG><LOG TP='BD'><![CDATA[31/10/2014 -> SELECT * FROM usuarios WHERE tx_login='jesus' and clave='12345'; Fri Oct 31 15:52:41 VET 2014]]></LOG><LOG TP='BD'><![CDATA[31/10/2014 -> SELECT * FROM usuarios WHERE tx_login='jesus' and clave='12345'; Fri Oct 31 15:52:41 VET 2014]]></LOG><LOG TP='BD'><![CDATA[31/10/2014 -> SELECT * FROM tbl_rol_usr WHERE nb_rol_usr='Administrador'; Fri Oct 31 15:52:41 VET 2014]]></LOG><LOG TP='BD'><![CDATA[31/10/2014 -> SELECT * FROM tbl_rol_usr WHERE nb_rol_usr='Estudiante'; Fri Oct 31 15:52:41 VET 2014]]></LOG><LOG TP='BD'><![CDATA[31/10/2014 -> SELECT * FROM tbl_rol_usr WHERE nb_rol_usr='Maestro'; Fri Oct 31 15:52:41 VET 2014]]></LOG><LOG TP='BD'><![CDATA[31/10/2014 -> SELECT * FROM usuarios WHERE tx_login='frejolano' and clave='1234'; Fri Oct 31 15:56:47 VET 2014]]></LOG><LOG TP='BD'><![CDATA[31/10/2014 -> SELECT * FROM usuarios WHERE tx_login='frejolano' and clave='1234'; Fri Oct 31 15:56:47 VET 2014]]></LOG><LOG TP='BD'><![CDATA[31/10/2014 -> SELECT * FROM tbl_rol_usr WHERE nb_rol_usr='Administrador'; Fri Oct 31 15:56:47 VET 2014]]></LOG><LOG TP='BD'><![CDATA[31/10/2014 -> SELECT * FROM tbl_rol_usr WHERE nb_rol_usr='Estudiante'; Fri Oct 31 15:56:47 VET 2014]]></LOG><LOG TP='BD'><![CDATA[31/10/2014 -> SELECT * FROM tbl_rol_usr WHERE nb_rol_usr='Maestro'; Fri Oct 31 15:56:47 VET 2014]]></LOG><LOG TP='BD'><![CDATA[31/10/2014 -> SELECT * FROM tbl_rol_usr WHERE id_rol_usr=1; Fri Oct 31 15:56:47 VET 2014]]></LOG><LOG TP='BD'><![CDATA[31/10/2014 -> SELECT * FROM usuarios WHERE tx_login='frejilano' and clave='1234'; Fri Oct 31 15:58:38 VET 2014]]></LOG><LOG TP='BD'><![CDATA[31/10/2014 -> SELECT * FROM usuarios WHERE tx_login='frejolano' and clave='1234'; Fri Oct 31 15:58:38 VET 2014]]></LOG><LOG TP='BD'><![CDATA[31/10/2014 -> SELECT * FROM usuarios WHERE tx_login='frejolano' and clave='1234'; Fri Oct 31 15:58:38 VET 2014]]></LOG><LOG TP='BD'><![CDATA[31/10/2014 -> SELECT * FROM tbl_rol_usr WHERE nb_rol_usr='Administrador'; Fri Oct 31 15:58:38 VET 2014]]></LOG><LOG TP='BD'><![CDATA[31/10/2014 -> SELECT * FROM tbl_rol_usr WHERE nb_rol_usr='Estudiante'; Fri Oct 31 15:58:38 VET 2014]]></LOG><LOG TP='BD'><![CDATA[31/10/2014 -> SELECT * FROM tbl_rol_usr WHERE nb_rol_usr='Maestro'; Fri Oct 31 15:58:38 VET 2014]]></LOG><LOG TP='BD'><![CDATA[31/10/2014 -> SELECT * FROM tbl_rol_usr WHERE id_rol_usr=1; Fri Oct 31 15:58:38 VET 2014]]></LOG><LOG TP='BD'><![CDATA[31/10/2014 -> SELECT * FROM usuarios WHERE tx_login='frejolano' and clave='1234'; Fri Oct 31 16:00:27 VET 2014]]></LOG><LOG TP='BD'><![CDATA[31/10/2014 -> SELECT * FROM usuarios WHERE tx_login='frejolano' and clave='1234'; Fri Oct 31 16:00:27 VET 2014]]></LOG><LOG TP='BD'><![CDATA[31/10/2014 -> SELECT * FROM tbl_rol_usr WHERE nb_rol_usr='Administrador'; Fri Oct 31 16:00:27 VET 2014]]></LOG><LOG TP='BD'><![CDATA[31/10/2014 -> SELECT * FROM tbl_rol_usr WHERE nb_rol_usr='Estudiante'; Fri Oct 31 16:00:27 VET 2014]]></LOG><LOG TP='BD'><![CDATA[31/10/2014 -> SELECT * FROM tbl_rol_usr WHERE nb_rol_usr='Maestro'; Fri Oct 31 16:00:27 VET 2014]]></LOG><LOG TP='BD'><![CDATA[31/10/2014 -> SELECT * FROM tbl_rol_usr WHERE id_rol_usr=1; Fri Oct 31 16:00:27 VET 2014]]></LOG><LOG TP='BD'><![CDATA[31/10/2014 -> SELECT * FROM usuarios WHERE cedula='3434'; Fri Oct 31 16:00:27 VET 2014]]></LOG><LOG TP='BD'><![CDATA[31/10/2014 -> SELECT id_grado FROM tbl_grado WHERE nb_grado='2'; Fri Oct 31 16:00:27 VET 2014]]></LOG><LOG TP='BD'><![CDATA[31/10/2014 -> SELECT id_grado FROM tbl_grado WHERE nb_grado='2'; Fri Oct 31 16:00:27 VET 2014]]></LOG><LOG TP='BD'><![CDATA[31/10/2014 -> SELECT * FROM usuarios WHERE tx_login='jesus' and clave='12345'; Fri Oct 31 16:02:11 VET 2014]]></LOG><LOG TP='BD'><![CDATA[31/10/2014 -> SELECT * FROM usuarios WHERE tx_login='jesus' and clave='12345'; Fri Oct 31 16:02:11 VET 2014]]></LOG><LOG TP='BD'><![CDATA[31/10/2014 -> SELECT * FROM tbl_rol_usr WHERE nb_rol_usr='Administrador'; Fri Oct 31 16:02:11 VET 2014]]></LOG><LOG TP='BD'><![CDATA[31/10/2014 -> SELECT * FROM tbl_rol_usr WHERE nb_rol_usr='Estudiante'; Fri Oct 31 16:02:11 VET 2014]]></LOG><LOG TP='BD'><![CDATA[31/10/2014 -> SELECT * FROM tbl_rol_usr WHERE nb_rol_usr='Maestro'; Fri Oct 31 16:02:11 VET 2014]]></LOG><LOG TP='BD'><![CDATA[31/10/2014 -> SELECT * FROM usuarios WHERE tx_login='jesus' and clave='1234'; Fri Oct 31 16:04:21 VET 2014]]></LOG><LOG TP='BD'><![CDATA[31/10/2014 -> SELECT * FROM usuarios WHERE tx_login='jesus' and clave='12345'; Fri Oct 31 16:04:21 VET 2014]]></LOG><LOG TP='BD'><![CDATA[31/10/2014 -> SELECT * FROM usuarios WHERE tx_login='jesus' and clave='12345'; Fri Oct 31 16:04:21 VET 2014]]></LOG><LOG TP='BD'><![CDATA[31/10/2014 -> SELECT * FROM tbl_rol_usr WHERE nb_rol_usr='Administrador'; Fri Oct 31 16:04:21 VET 2014]]></LOG><LOG TP='BD'><![CDATA[31/10/2014 -> SELECT * FROM tbl_rol_usr WHERE nb_rol_usr='Estudiante'; Fri Oct 31 16:04:21 VET 2014]]></LOG><LOG TP='BD'><![CDATA[31/10/2014 -> SELECT * FROM tbl_rol_usr WHERE nb_rol_usr='Maestro'; Fri Oct 31 16:04:21 VET 2014]]></LOG><LOG TP='BD'><![CDATA[31/10/2014 -> SELECT * FROM usuarios WHERE tx_login='jesus' and clave='12345'; Fri Oct 31 16:09:05 VET 2014]]></LOG><LOG TP='BD'><![CDATA[31/10/2014 -> SELECT * FROM usuarios WHERE tx_login='jesus' and clave='12345'; Fri Oct 31 16:09:05 VET 2014]]></LOG><LOG TP='BD'><![CDATA[31/10/2014 -> SELECT * FROM tbl_rol_usr WHERE nb_rol_usr='Administrador'; Fri Oct 31 16:09:05 VET 2014]]></LOG><LOG TP='BD'><![CDATA[31/10/2014 -> SELECT * FROM tbl_rol_usr WHERE nb_rol_usr='Estudiante'; Fri Oct 31 16:09:05 VET 2014]]></LOG><LOG TP='BD'><![CDATA[31/10/2014 -> SELECT * FROM tbl_rol_usr WHERE nb_rol_usr='Maestro'; Fri Oct 31 16:09:05 VET 2014]]></LOG><LOG TP='BD'><![CDATA[31/10/2014 -> SELECT * FROM usuarios WHERE tx_login='jesus' and clave='12345'; Fri Oct 31 16:11:34 VET 2014]]></LOG><LOG TP='BD'><![CDATA[31/10/2014 -> SELECT * FROM usuarios WHERE tx_login='jesus' and clave='12345'; Fri Oct 31 16:11:34 VET 2014]]></LOG><LOG TP='BD'><![CDATA[31/10/2014 -> SELECT * FROM tbl_rol_usr WHERE nb_rol_usr='Administrador'; Fri Oct 31 16:11:34 VET 2014]]></LOG><LOG TP='BD'><![CDATA[31/10/2014 -> SELECT * FROM tbl_rol_usr WHERE nb_rol_usr='Estudiante'; Fri Oct 31 16:11:34 VET 2014]]></LOG><LOG TP='BD'><![CDATA[31/10/2014 -> SELECT * FROM tbl_rol_usr WHERE nb_rol_usr='Maestro'; Fri Oct 31 16:11:34 VET 2014]]></LOG><LOG TP='BD'><![CDATA[31/10/2014 -> SELECT * FROM usuarios WHERE tx_login='jesus' and clave='12345'; Fri Oct 31 16:12:21 VET 2014]]></LOG><LOG TP='BD'><![CDATA[31/10/2014 -> SELECT * FROM usuarios WHERE tx_login='jesus' and clave='12345'; Fri Oct 31 16:12:21 VET 2014]]></LOG><LOG TP='BD'><![CDATA[31/10/2014 -> SELECT * FROM tbl_rol_usr WHERE nb_rol_usr='Administrador'; Fri Oct 31 16:12:21 VET 2014]]></LOG><LOG TP='BD'><![CDATA[31/10/2014 -> SELECT * FROM tbl_rol_usr WHERE nb_rol_usr='Estudiante'; Fri Oct 31 16:12:21 VET 2014]]></LOG><LOG TP='BD'><![CDATA[31/10/2014 -> SELECT * FROM tbl_rol_usr WHERE nb_rol_usr='Maestro'; Fri Oct 31 16:12:21 VET 2014]]></LOG><LOG TP='BD'><![CDATA[31/10/2014 -> SELECT * FROM usuarios WHERE tx_login='jesus' and clave='12345'; Fri Oct 31 16:13:27 VET 2014]]></LOG><LOG TP='BD'><![CDATA[31/10/2014 -> SELECT * FROM usuarios WHERE tx_login='jesus' and clave='12345'; Fri Oct 31 16:13:27 VET 2014]]></LOG><LOG TP='BD'><![CDATA[31/10/2014 -> SELECT * FROM tbl_rol_usr WHERE nb_rol_usr='Administrador'; Fri Oct 31 16:13:27 VET 2014]]></LOG><LOG TP='BD'><![CDATA[31/10/2014 -> SELECT * FROM tbl_rol_usr WHERE nb_rol_usr='Estudiante'; Fri Oct 31 16:13:27 VET 2014]]></LOG><LOG TP='BD'><![CDATA[31/10/2014 -> SELECT * FROM tbl_rol_usr WHERE nb_rol_usr='Maestro'; Fri Oct 31 16:13:27 VET 2014]]></LOG><LOG TP='BD'><![CDATA[31/10/2014 -> SELECT * FROM usuarios WHERE tx_login='jesus' and clave='12345'; Fri Oct 31 16:13:27 VET 2014]]></LOG><LOG TP='BD'><![CDATA[31/10/2014 -> SELECT * FROM usuarios WHERE tx_login='jesus' and clave='12345'; Fri Oct 31 16:13:27 VET 2014]]></LOG><LOG TP='BD'><![CDATA[31/10/2014 -> SELECT * FROM tbl_rol_usr WHERE nb_rol_usr='Administrador'; Fri Oct 31 16:13:27 VET 2014]]></LOG><LOG TP='BD'><![CDATA[31/10/2014 -> SELECT * FROM tbl_rol_usr WHERE nb_rol_usr='Estudiante'; Fri Oct 31 16:13:27 VET 2014]]></LOG><LOG TP='BD'><![CDATA[31/10/2014 -> SELECT * FROM tbl_rol_usr WHERE nb_rol_usr='Maestro'; Fri Oct 31 16:13:27 VET 2014]]></LOG><LOG TP='BD'><![CDATA[31/10/2014 -> SELECT * FROM usuarios WHERE tx_login='jesus' and clave='12345'; Fri Oct 31 16:14:24 VET 2014]]></LOG><LOG TP='BD'><![CDATA[31/10/2014 -> SELECT * FROM usuarios WHERE tx_login='jesus' and clave='12345'; Fri Oct 31 16:14:24 VET 2014]]></LOG><LOG TP='BD'><![CDATA[31/10/2014 -> SELECT * FROM tbl_rol_usr WHERE nb_rol_usr='Administrador'; Fri Oct 31 16:14:24 VET 2014]]></LOG><LOG TP='BD'><![CDATA[31/10/2014 -> SELECT * FROM tbl_rol_usr WHERE nb_rol_usr='Estudiante'; Fri Oct 31 16:14:24 VET 2014]]></LOG><LOG TP='BD'><![CDATA[31/10/2014 -> SELECT * FROM tbl_rol_usr WHERE nb_rol_usr='Maestro'; Fri Oct 31 16:14:24 VET 2014]]></LOG><LOG TP='BD'><![CDATA[31/10/2014 -> SELECT * FROM usuarios WHERE tx_login='frejolano' and clave='12345'; Fri Oct 31 16:18:14 VET 2014]]></LOG><LOG TP='BD'><![CDATA[31/10/2014 -> SELECT * FROM usuarios WHERE tx_login='frejolano' and clave='12344'; Fri Oct 31 16:18:14 VET 2014]]></LOG><LOG TP='BD'><![CDATA[31/10/2014 -> SELECT * FROM usuarios WHERE tx_login='frejolano' and clave='1234'; Fri Oct 31 16:18:14 VET 2014]]></LOG><LOG TP='BD'><![CDATA[31/10/2014 -> SELECT * FROM usuarios WHERE tx_login='frejolano' and clave='1234'; Fri Oct 31 16:18:14 VET 2014]]></LOG><LOG TP='BD'><![CDATA[31/10/2014 -> SELECT * FROM tbl_rol_usr WHERE nb_rol_usr='Administrador'; Fri Oct 31 16:18:14 VET 2014]]></LOG><LOG TP='BD'><![CDATA[31/10/2014 -> SELECT * FROM tbl_rol_usr WHERE nb_rol_usr='Estudiante'; Fri Oct 31 16:18:14 VET 2014]]></LOG><LOG TP='BD'><![CDATA[31/10/2014 -> SELECT * FROM tbl_rol_usr WHERE nb_rol_usr='Maestro'; Fri Oct 31 16:18:14 VET 2014]]></LOG><LOG TP='BD'><![CDATA[31/10/2014 -> SELECT * FROM tbl_rol_usr WHERE id_rol_usr=1; Fri Oct 31 16:18:14 VET 2014]]></LOG><LOG TP='BD'><![CDATA[31/10/2014 -> SELECT * FROM usuarios WHERE tx_login='frejolano' and clave='12345'; Fri Oct 31 16:19:04 VET 2014]]></LOG><LOG TP='BD'><![CDATA[31/10/2014 -> SELECT * FROM usuarios WHERE tx_login='frejolano' and clave='1234'; Fri Oct 31 16:19:04 VET 2014]]></LOG><LOG TP='BD'><![CDATA[31/10/2014 -> SELECT * FROM usuarios WHERE tx_login='frejolano' and clave='1234'; Fri Oct 31 16:19:04 VET 2014]]></LOG><LOG TP='BD'><![CDATA[31/10/2014 -> SELECT * FROM tbl_rol_usr WHERE nb_rol_usr='Administrador'; Fri Oct 31 16:19:04 VET 2014]]></LOG><LOG TP='BD'><![CDATA[31/10/2014 -> SELECT * FROM tbl_rol_usr WHERE nb_rol_usr='Estudiante'; Fri Oct 31 16:19:04 VET 2014]]></LOG><LOG TP='BD'><![CDATA[31/10/2014 -> SELECT * FROM tbl_rol_usr WHERE nb_rol_usr='Maestro'; Fri Oct 31 16:19:04 VET 2014]]></LOG><LOG TP='BD'><![CDATA[31/10/2014 -> SELECT * FROM tbl_rol_usr WHERE id_rol_usr=1; Fri Oct 31 16:19:04 VET 2014]]></LOG><LOG TP='BD'><![CDATA[31/10/2014 -> SELECT * FROM usuarios WHERE tx_login='frejolano' and clave='1234'; Fri Oct 31 16:23:05 VET 2014]]></LOG><LOG TP='BD'><![CDATA[31/10/2014 -> SELECT * FROM usuarios WHERE tx_login='frejolano' and clave='1234'; Fri Oct 31 16:23:05 VET 2014]]></LOG><LOG TP='BD'><![CDATA[31/10/2014 -> SELECT * FROM tbl_rol_usr WHERE nb_rol_usr='Administrador'; Fri Oct 31 16:23:05 VET 2014]]></LOG><LOG TP='BD'><![CDATA[31/10/2014 -> SELECT * FROM tbl_rol_usr WHERE nb_rol_usr='Estudiante'; Fri Oct 31 16:23:05 VET 2014]]></LOG><LOG TP='BD'><![CDATA[31/10/2014 -> SELECT * FROM tbl_rol_usr WHERE nb_rol_usr='Maestro'; Fri Oct 31 16:23:05 VET 2014]]></LOG><LOG TP='BD'><![CDATA[31/10/2014 -> SELECT * FROM tbl_rol_usr WHERE id_rol_usr=1; Fri Oct 31 16:23:05 VET 2014]]></LOG><LOG TP='BD'><![CDATA[31/10/2014 -> SELECT * FROM usuarios WHERE tx_login='jesus' and clave='12345'; Fri Oct 31 16:23:29 VET 2014]]></LOG><LOG TP='BD'><![CDATA[31/10/2014 -> SELECT * FROM usuarios WHERE tx_login='jesus' and clave='12345'; Fri Oct 31 16:23:29 VET 2014]]></LOG><LOG TP='BD'><![CDATA[31/10/2014 -> SELECT * FROM tbl_rol_usr WHERE nb_rol_usr='Administrador'; Fri Oct 31 16:23:29 VET 2014]]></LOG><LOG TP='BD'><![CDATA[31/10/2014 -> SELECT * FROM tbl_rol_usr WHERE nb_rol_usr='Estudiante'; Fri Oct 31 16:23:29 VET 2014]]></LOG><LOG TP='BD'><![CDATA[31/10/2014 -> SELECT * FROM tbl_rol_usr WHERE nb_rol_usr='Maestro'; Fri Oct 31 16:23:29 VET 2014]]></LOG><LOG TP='BD'><![CDATA[31/10/2014 -> SELECT * FROM usuarios WHERE tx_login='jesus' and clave='12345'; Fri Oct 31 16:23:29 VET 2014]]></LOG><LOG TP='BD'><![CDATA[31/10/2014 -> SELECT * FROM usuarios WHERE tx_login='jesus' and clave='12345'; Fri Oct 31 16:23:29 VET 2014]]></LOG><LOG TP='BD'><![CDATA[31/10/2014 -> SELECT * FROM tbl_rol_usr WHERE nb_rol_usr='Administrador'; Fri Oct 31 16:23:29 VET 2014]]></LOG><LOG TP='BD'><![CDATA[31/10/2014 -> SELECT * FROM tbl_rol_usr WHERE nb_rol_usr='Estudiante'; Fri Oct 31 16:23:29 VET 2014]]></LOG><LOG TP='BD'><![CDATA[31/10/2014 -> SELECT * FROM tbl_rol_usr WHERE nb_rol_usr='Maestro'; Fri Oct 31 16:23:29 VET 2014]]></LOG><LOG TP='BD'><![CDATA[31/10/2014 -> SELECT * FROM usuarios WHERE tx_login='jesus' and clave='12345'; Fri Oct 31 16:28:03 VET 2014]]></LOG><LOG TP='BD'><![CDATA[31/10/2014 -> SELECT * FROM usuarios WHERE tx_login='jesus' and clave='12345'; Fri Oct 31 16:28:03 VET 2014]]></LOG><LOG TP='BD'><![CDATA[31/10/2014 -> SELECT * FROM tbl_rol_usr WHERE nb_rol_usr='Administrador'; Fri Oct 31 16:28:03 VET 2014]]></LOG><LOG TP='BD'><![CDATA[31/10/2014 -> SELECT * FROM tbl_rol_usr WHERE nb_rol_usr='Estudiante'; Fri Oct 31 16:28:03 VET 2014]]></LOG><LOG TP='BD'><![CDATA[31/10/2014 -> SELECT * FROM tbl_rol_usr WHERE nb_rol_usr='Maestro'; Fri Oct 31 16:28:03 VET 2014]]></LOG><LOG TP='BD'><![CDATA[31/10/2014 -> SELECT * FROM usuarios WHERE tx_login='jesus' and clave='12345'; Fri Oct 31 16:29:16 VET 2014]]></LOG><LOG TP='BD'><![CDATA[31/10/2014 -> SELECT * FROM usuarios WHERE tx_login='jesus' and clave='12345'; Fri Oct 31 16:29:16 VET 2014]]></LOG><LOG TP='BD'><![CDATA[31/10/2014 -> SELECT * FROM tbl_rol_usr WHERE nb_rol_usr='Administrador'; Fri Oct 31 16:29:16 VET 2014]]></LOG><LOG TP='BD'><![CDATA[31/10/2014 -> SELECT * FROM tbl_rol_usr WHERE nb_rol_usr='Estudiante'; Fri Oct 31 16:29:16 VET 2014]]></LOG><LOG TP='BD'><![CDATA[31/10/2014 -> SELECT * FROM tbl_rol_usr WHERE nb_rol_usr='Maestro'; Fri Oct 31 16:29:16 VET 2014]]></LOG><LOG TP='BD'><![CDATA[31/10/2014 -> SELECT * FROM usuarios WHERE tx_login='frejolano' and clave='12345'; Fri Oct 31 16:30:47 VET 2014]]></LOG><LOG TP='BD'><![CDATA[31/10/2014 -> SELECT * FROM usuarios WHERE tx_login='frejolano' and clave='1234'; Fri Oct 31 16:30:47 VET 2014]]></LOG><LOG TP='BD'><![CDATA[31/10/2014 -> SELECT * FROM usuarios WHERE tx_login='frejolano' and clave='1234'; Fri Oct 31 16:30:47 VET 2014]]></LOG><LOG TP='BD'><![CDATA[31/10/2014 -> SELECT * FROM tbl_rol_usr WHERE nb_rol_usr='Administrador'; Fri Oct 31 16:30:47 VET 2014]]></LOG><LOG TP='BD'><![CDATA[31/10/2014 -> SELECT * FROM tbl_rol_usr WHERE nb_rol_usr='Estudiante'; Fri Oct 31 16:30:47 VET 2014]]></LOG><LOG TP='BD'><![CDATA[31/10/2014 -> SELECT * FROM tbl_rol_usr WHERE nb_rol_usr='Maestro'; Fri Oct 31 16:30:47 VET 2014]]></LOG><LOG TP='BD'><![CDATA[31/10/2014 -> SELECT * FROM tbl_rol_usr WHERE id_rol_usr=1; Fri Oct 31 16:30:47 VET 2014]]></LOG><LOG TP='BD'><![CDATA[31/10/2014 -> SELECT * FROM usuarios WHERE tx_login='jesus' and clave='12345'; Fri Oct 31 16:31:30 VET 2014]]></LOG><LOG TP='BD'><![CDATA[31/10/2014 -> SELECT * FROM usuarios WHERE tx_login='jesus' and clave='12345'; Fri Oct 31 16:31:30 VET 2014]]></LOG><LOG TP='BD'><![CDATA[31/10/2014 -> SELECT * FROM tbl_rol_usr WHERE nb_rol_usr='Administrador'; Fri Oct 31 16:31:30 VET 2014]]></LOG><LOG TP='BD'><![CDATA[31/10/2014 -> SELECT * FROM tbl_rol_usr WHERE nb_rol_usr='Estudiante'; Fri Oct 31 16:31:30 VET 2014]]></LOG><LOG TP='BD'><![CDATA[31/10/2014 -> SELECT * FROM tbl_rol_usr WHERE nb_rol_usr='Maestro'; Fri Oct 31 16:31:30 VET 2014]]></LOG><LOG TP='BD'><![CDATA[31/10/2014 -> SELECT * FROM usuarios WHERE tx_login='frejolano' and clave='1234'; Fri Oct 31 16:42:50 VET 2014]]></LOG><LOG TP='BD'><![CDATA[31/10/2014 -> SELECT * FROM usuarios WHERE tx_login='frejolano' and clave='1234'; Fri Oct 31 16:42:50 VET 2014]]></LOG><LOG TP='BD'><![CDATA[31/10/2014 -> SELECT * FROM tbl_rol_usr WHERE nb_rol_usr='Administrador'; Fri Oct 31 16:42:50 VET 2014]]></LOG><LOG TP='BD'><![CDATA[31/10/2014 -> SELECT * FROM tbl_rol_usr WHERE nb_rol_usr='Estudiante'; Fri Oct 31 16:42:50 VET 2014]]></LOG><LOG TP='BD'><![CDATA[31/10/2014 -> SELECT * FROM tbl_rol_usr WHERE nb_rol_usr='Maestro'; Fri Oct 31 16:42:50 VET 2014]]></LOG><LOG TP='BD'><![CDATA[31/10/2014 -> SELECT * FROM tbl_rol_usr WHERE id_rol_usr=1; Fri Oct 31 16:42:50 VET 2014]]></LOG><LOG TP='BD'><![CDATA[31/10/2014 -> SELECT * FROM usuarios WHERE tx_login='jesus' and clave='12345'; Fri Oct 31 16:43:29 VET 2014]]></LOG><LOG TP='BD'><![CDATA[31/10/2014 -> SELECT * FROM usuarios WHERE tx_login='jesus' and clave='12345'; Fri Oct 31 16:43:29 VET 2014]]></LOG><LOG TP='BD'><![CDATA[31/10/2014 -> SELECT * FROM tbl_rol_usr WHERE nb_rol_usr='Administrador'; Fri Oct 31 16:43:29 VET 2014]]></LOG><LOG TP='BD'><![CDATA[31/10/2014 -> SELECT * FROM tbl_rol_usr WHERE nb_rol_usr='Estudiante'; Fri Oct 31 16:43:29 VET 2014]]></LOG><LOG TP='BD'><![CDATA[31/10/2014 -> SELECT * FROM tbl_rol_usr WHERE nb_rol_usr='Maestro'; Fri Oct 31 16:43:29 VET 2014]]></LOG><LOG TP='BD'><![CDATA[31/10/2014 -> SELECT * FROM usuarios WHERE tx_login='jesus' and clave='12345'; Fri Oct 31 16:44:22 VET 2014]]></LOG><LOG TP='BD'><![CDATA[31/10/2014 -> SELECT * FROM usuarios WHERE tx_login='jesus' and clave='12345'; Fri Oct 31 16:44:22 VET 2014]]></LOG><LOG TP='BD'><![CDATA[31/10/2014 -> SELECT * FROM tbl_rol_usr WHERE nb_rol_usr='Administrador'; Fri Oct 31 16:44:22 VET 2014]]></LOG><LOG TP='BD'><![CDATA[31/10/2014 -> SELECT * FROM tbl_rol_usr WHERE nb_rol_usr='Estudiante'; Fri Oct 31 16:44:22 VET 2014]]></LOG><LOG TP='BD'><![CDATA[31/10/2014 -> SELECT * FROM tbl_rol_usr WHERE nb_rol_usr='Maestro'; Fri Oct 31 16:44:22 VET 2014]]></LOG><LOG TP='BD'><![CDATA[31/10/2014 -> SELECT * FROM usuarios WHERE tx_login='jesus' and clave='12345'; Fri Oct 31 16:45:59 VET 2014]]></LOG><LOG TP='BD'><![CDATA[31/10/2014 -> SELECT * FROM usuarios WHERE tx_login='jesus' and clave='12345'; Fri Oct 31 16:45:59 VET 2014]]></LOG><LOG TP='BD'><![CDATA[31/10/2014 -> SELECT * FROM tbl_rol_usr WHERE nb_rol_usr='Administrador'; Fri Oct 31 16:45:59 VET 2014]]></LOG><LOG TP='BD'><![CDATA[31/10/2014 -> SELECT * FROM tbl_rol_usr WHERE nb_rol_usr='Estudiante'; Fri Oct 31 16:45:59 VET 2014]]></LOG><LOG TP='BD'><![CDATA[31/10/2014 -> SELECT * FROM tbl_rol_usr WHERE nb_rol_usr='Maestro'; Fri Oct 31 16:45:59 VET 2014]]></LOG><LOG TP='BD'><![CDATA[31/10/2014 -> SELECT * FROM usuarios WHERE tx_login='jesus' and clave='12345'; Fri Oct 31 16:47:09 VET 2014]]></LOG><LOG TP='BD'><![CDATA[31/10/2014 -> SELECT * FROM usuarios WHERE tx_login='jesus' and clave='12345'; Fri Oct 31 16:47:09 VET 2014]]></LOG><LOG TP='BD'><![CDATA[31/10/2014 -> SELECT * FROM tbl_rol_usr WHERE nb_rol_usr='Administrador'; Fri Oct 31 16:47:09 VET 2014]]></LOG><LOG TP='BD'><![CDATA[31/10/2014 -> SELECT * FROM tbl_rol_usr WHERE nb_rol_usr='Estudiante'; Fri Oct 31 16:47:09 VET 2014]]></LOG><LOG TP='BD'><![CDATA[31/10/2014 -> SELECT * FROM tbl_rol_usr WHERE nb_rol_usr='Maestro'; Fri Oct 31 16:47:09 VET 2014]]></LOG><LOG TP='BD'><![CDATA[31/10/2014 -> SELECT * FROM usuarios WHERE tx_login='jesus' and clave='12345'; Fri Oct 31 16:50:03 VET 2014]]></LOG><LOG TP='BD'><![CDATA[31/10/2014 -> SELECT * FROM usuarios WHERE tx_login='jesus' and clave='12345'; Fri Oct 31 16:50:03 VET 2014]]></LOG><LOG TP='BD'><![CDATA[31/10/2014 -> SELECT * FROM tbl_rol_usr WHERE nb_rol_usr='Administrador'; Fri Oct 31 16:50:03 VET 2014]]></LOG><LOG TP='BD'><![CDATA[31/10/2014 -> SELECT * FROM tbl_rol_usr WHERE nb_rol_usr='Estudiante'; Fri Oct 31 16:50:03 VET 2014]]></LOG><LOG TP='BD'><![CDATA[31/10/2014 -> SELECT * FROM tbl_rol_usr WHERE nb_rol_usr='Maestro'; Fri Oct 31 16:50:03 VET 2014]]></LOG><LOG TP='BD'><![CDATA[31/10/2014 -> SELECT * FROM usuarios WHERE tx_login='jesus' and clave='12345'; Fri Oct 31 16:55:20 VET 2014]]></LOG><LOG TP='BD'><![CDATA[31/10/2014 -> SELECT * FROM usuarios WHERE tx_login='jesus' and clave='12345'; Fri Oct 31 16:55:20 VET 2014]]></LOG><LOG TP='BD'><![CDATA[31/10/2014 -> SELECT * FROM tbl_rol_usr WHERE nb_rol_usr='Administrador'; Fri Oct 31 16:55:20 VET 2014]]></LOG><LOG TP='BD'><![CDATA[31/10/2014 -> SELECT * FROM tbl_rol_usr WHERE nb_rol_usr='Estudiante'; Fri Oct 31 16:55:20 VET 2014]]></LOG><LOG TP='BD'><![CDATA[31/10/2014 -> SELECT * FROM tbl_rol_usr WHERE nb_rol_usr='Maestro'; Fri Oct 31 16:55:20 VET 2014]]></LOG><LOG TP='BD'><![CDATA[31/10/2014 -> SELECT * FROM usuarios WHERE tx_login='jesus' and clave='12345'; Fri Oct 31 17:07:19 VET 2014]]></LOG><LOG TP='BD'><![CDATA[31/10/2014 -> SELECT * FROM usuarios WHERE tx_login='jesus' and clave='12345'; Fri Oct 31 17:07:19 VET 2014]]></LOG><LOG TP='BD'><![CDATA[31/10/2014 -> SELECT * FROM tbl_rol_usr WHERE nb_rol_usr='Administrador'; Fri Oct 31 17:07:19 VET 2014]]></LOG><LOG TP='BD'><![CDATA[31/10/2014 -> SELECT * FROM tbl_rol_usr WHERE nb_rol_usr='Estudiante'; Fri Oct 31 17:07:19 VET 2014]]></LOG><LOG TP='BD'><![CDATA[31/10/2014 -> SELECT * FROM tbl_rol_usr WHERE nb_rol_usr='Maestro'; Fri Oct 31 17:07:19 VET 2014]]></LOG><LOG TP='BD'><![CDATA[31/10/2014 -> SELECT * FROM usuarios WHERE tx_login='jesus' and clave='12345'; Fri Oct 31 17:10:38 VET 2014]]></LOG><LOG TP='BD'><![CDATA[31/10/2014 -> SELECT * FROM usuarios WHERE tx_login='jesus' and clave='12345'; Fri Oct 31 17:10:38 VET 2014]]></LOG><LOG TP='BD'><![CDATA[31/10/2014 -> SELECT * FROM tbl_rol_usr WHERE nb_rol_usr='Administrador'; Fri Oct 31 17:10:38 VET 2014]]></LOG><LOG TP='BD'><![CDATA[31/10/2014 -> SELECT * FROM tbl_rol_usr WHERE nb_rol_usr='Estudiante'; Fri Oct 31 17:10:38 VET 2014]]></LOG><LOG TP='BD'><![CDATA[31/10/2014 -> SELECT * FROM tbl_rol_usr WHERE nb_rol_usr='Maestro'; Fri Oct 31 17:10:38 VET 2014]]></LOG>