<LOG TP='BD'><![CDATA[9/11/2014 -> SELECT * FROM usuarios WHERE tx_login='frejolano' and clave='12345'; Sun Nov 09 08:41:17 VET 2014]]></LOG><LOG TP='BD'><![CDATA[9/11/2014 -> SELECT * FROM usuarios WHERE tx_login='frejolano' and clave='1234'; Sun Nov 09 08:41:17 VET 2014]]></LOG><LOG TP='BD'><![CDATA[9/11/2014 -> SELECT * FROM usuarios WHERE tx_login='frejolano' and clave='1234'; Sun Nov 09 08:41:17 VET 2014]]></LOG><LOG TP='BD'><![CDATA[9/11/2014 -> SELECT * FROM usuarios WHERE tx_login='frejolano' and clave='1234'; Sun Nov 09 08:41:17 VET 2014]]></LOG><LOG TP='BD'><![CDATA[9/11/2014 -> SELECT * FROM tbl_rol_usr WHERE nb_rol_usr='Administrador'; Sun Nov 09 08:41:17 VET 2014]]></LOG><LOG TP='BD'><![CDATA[9/11/2014 -> SELECT * FROM tbl_rol_usr WHERE nb_rol_usr='Estudiante'; Sun Nov 09 08:41:17 VET 2014]]></LOG><LOG TP='BD'><![CDATA[9/11/2014 -> SELECT * FROM tbl_rol_usr WHERE nb_rol_usr='Maestro'; Sun Nov 09 08:41:17 VET 2014]]></LOG><LOG TP='BD'><![CDATA[9/11/2014 -> SELECT * FROM tbl_rol_usr WHERE id_rol_usr=1; Sun Nov 09 08:41:17 VET 2014]]></LOG><LOG TP='BD'><![CDATA[9/11/2014 -> SELECT id_etapa FROM tbl_etapas WHERE nombre_etapa='tercera etapa'; Sun Nov 09 08:41:17 VET 2014]]></LOG><LOG TP='BD'><![CDATA[9/11/2014 -> SELECT id_preguntas FROM tbl_preguntas WHERE tx_preguntas='¿Que es la fe?'; Sun Nov 09 08:41:17 VET 2014]]></LOG><LOG TP='BD'><![CDATA[9/11/2014 -> SELECT * FROM usuarios WHERE tx_login='frejolano' and clave='1234'; Sun Nov 09 08:52:17 VET 2014]]></LOG><LOG TP='BD'><![CDATA[9/11/2014 -> SELECT * FROM usuarios WHERE tx_login='frejolano' and clave='1234'; Sun Nov 09 08:52:17 VET 2014]]></LOG><LOG TP='BD'><![CDATA[9/11/2014 -> SELECT * FROM usuarios WHERE tx_login='frejolano' and clave='1234'; Sun Nov 09 08:52:17 VET 2014]]></LOG><LOG TP='BD'><![CDATA[9/11/2014 -> SELECT * FROM tbl_rol_usr WHERE nb_rol_usr='Administrador'; Sun Nov 09 08:52:17 VET 2014]]></LOG><LOG TP='BD'><![CDATA[9/11/2014 -> SELECT * FROM tbl_rol_usr WHERE nb_rol_usr='Estudiante'; Sun Nov 09 08:52:17 VET 2014]]></LOG><LOG TP='BD'><![CDATA[9/11/2014 -> SELECT * FROM tbl_rol_usr WHERE nb_rol_usr='Maestro'; Sun Nov 09 08:52:17 VET 2014]]></LOG><LOG TP='BD'><![CDATA[9/11/2014 -> SELECT * FROM tbl_rol_usr WHERE id_rol_usr=1; Sun Nov 09 08:52:17 VET 2014]]></LOG><LOG TP='BD'><![CDATA[9/11/2014 -> SELECT id_etapa FROM tbl_etapas WHERE nombre_etapa='tercera etapa'; Sun Nov 09 08:52:17 VET 2014]]></LOG><LOG TP='BD'><![CDATA[9/11/2014 -> SELECT id_preguntas FROM tbl_preguntas WHERE tx_preguntas='¿Que es la fe?'; Sun Nov 09 08:52:17 VET 2014]]></LOG><LOG TP='BD'><![CDATA[9/11/2014 -> SELECT * FROM usuarios WHERE tx_login='frejolano' and clave='12345'; Sun Nov 09 10:05:26 VET 2014]]></LOG><LOG TP='BD'><![CDATA[9/11/2014 -> SELECT * FROM usuarios WHERE tx_login='frejolano' and clave='1234'; Sun Nov 09 10:05:26 VET 2014]]></LOG><LOG TP='BD'><![CDATA[9/11/2014 -> SELECT * FROM usuarios WHERE tx_login='frejolano' and clave='1234'; Sun Nov 09 10:05:26 VET 2014]]></LOG><LOG TP='BD'><![CDATA[9/11/2014 -> SELECT * FROM usuarios WHERE tx_login='frejolano' and clave='1234'; Sun Nov 09 10:05:26 VET 2014]]></LOG><LOG TP='BD'><![CDATA[9/11/2014 -> SELECT * FROM tbl_rol_usr WHERE nb_rol_usr='Administrador'; Sun Nov 09 10:05:26 VET 2014]]></LOG><LOG TP='BD'><![CDATA[9/11/2014 -> SELECT * FROM tbl_rol_usr WHERE nb_rol_usr='Estudiante'; Sun Nov 09 10:05:26 VET 2014]]></LOG><LOG TP='BD'><![CDATA[9/11/2014 -> SELECT * FROM tbl_rol_usr WHERE nb_rol_usr='Maestro'; Sun Nov 09 10:05:26 VET 2014]]></LOG><LOG TP='BD'><![CDATA[9/11/2014 -> SELECT * FROM tbl_rol_usr WHERE id_rol_usr=1; Sun Nov 09 10:05:26 VET 2014]]></LOG><LOG TP='BD'><![CDATA[9/11/2014 -> SELECT id_etapa FROM tbl_etapas WHERE nombre_etapa='tercera etapa'; Sun Nov 09 10:05:26 VET 2014]]></LOG><LOG TP='BD'><![CDATA[9/11/2014 -> SELECT id_preguntas FROM tbl_preguntas WHERE tx_preguntas='¿Que es la fe?'; Sun Nov 09 10:05:26 VET 2014]]></LOG><LOG TP='BD'><![CDATA[9/11/2014 -> SELECT * FROM usuarios WHERE tx_login='frejolano' and clave='1234'; Sun Nov 09 10:11:04 VET 2014]]></LOG><LOG TP='BD'><![CDATA[9/11/2014 -> SELECT * FROM usuarios WHERE tx_login='frejolano' and clave='1234'; Sun Nov 09 10:11:04 VET 2014]]></LOG><LOG TP='BD'><![CDATA[9/11/2014 -> SELECT * FROM usuarios WHERE tx_login='frejolano' and clave='1234'; Sun Nov 09 10:11:04 VET 2014]]></LOG><LOG TP='BD'><![CDATA[9/11/2014 -> SELECT * FROM tbl_rol_usr WHERE nb_rol_usr='Administrador'; Sun Nov 09 10:11:04 VET 2014]]></LOG><LOG TP='BD'><![CDATA[9/11/2014 -> SELECT * FROM tbl_rol_usr WHERE nb_rol_usr='Estudiante'; Sun Nov 09 10:11:04 VET 2014]]></LOG><LOG TP='BD'><![CDATA[9/11/2014 -> SELECT * FROM tbl_rol_usr WHERE nb_rol_usr='Maestro'; Sun Nov 09 10:11:04 VET 2014]]></LOG><LOG TP='BD'><![CDATA[9/11/2014 -> SELECT * FROM tbl_rol_usr WHERE id_rol_usr=1; Sun Nov 09 10:11:04 VET 2014]]></LOG><LOG TP='BD'><![CDATA[9/11/2014 -> SELECT id_etapa FROM tbl_etapas WHERE nombre_etapa='tercera etapa'; Sun Nov 09 10:11:04 VET 2014]]></LOG><LOG TP='BD'><![CDATA[9/11/2014 -> SELECT id_preguntas FROM tbl_preguntas WHERE tx_preguntas='¿Que es la fe?'; Sun Nov 09 10:11:04 VET 2014]]></LOG><LOG TP='BD'><![CDATA[9/11/2014 -> SELECT id_preguntas FROM tbl_preguntas WHERE tx_preguntas='¿Que es la fe?'; Sun Nov 09 10:11:04 VET 2014]]></LOG><LOG TP='BD'><![CDATA[9/11/2014 -> SELECT id_preguntas FROM tbl_preguntas WHERE tx_preguntas='¿Que es la fe?'; Sun Nov 09 10:11:04 VET 2014]]></LOG><LOG TP='BD'><![CDATA[9/11/2014 -> SELECT id_preguntas FROM tbl_preguntas WHERE tx_preguntas='¿Que es la fe?'; Sun Nov 09 10:11:04 VET 2014]]></LOG><LOG TP='BD'><![CDATA[9/11/2014 -> SELECT * FROM usuarios WHERE tx_login='frejolano' and clave='1234'; Sun Nov 09 10:16:25 VET 2014]]></LOG><LOG TP='BD'><![CDATA[9/11/2014 -> SELECT * FROM usuarios WHERE tx_login='frejolano' and clave='1234'; Sun Nov 09 10:16:25 VET 2014]]></LOG><LOG TP='BD'><![CDATA[9/11/2014 -> SELECT * FROM usuarios WHERE tx_login='frejolano' and clave='1234'; Sun Nov 09 10:16:25 VET 2014]]></LOG><LOG TP='BD'><![CDATA[9/11/2014 -> SELECT * FROM tbl_rol_usr WHERE nb_rol_usr='Administrador'; Sun Nov 09 10:16:25 VET 2014]]></LOG><LOG TP='BD'><![CDATA[9/11/2014 -> SELECT * FROM tbl_rol_usr WHERE nb_rol_usr='Estudiante'; Sun Nov 09 10:16:25 VET 2014]]></LOG><LOG TP='BD'><![CDATA[9/11/2014 -> SELECT * FROM tbl_rol_usr WHERE nb_rol_usr='Maestro'; Sun Nov 09 10:16:25 VET 2014]]></LOG><LOG TP='BD'><![CDATA[9/11/2014 -> SELECT * FROM tbl_rol_usr WHERE id_rol_usr=1; Sun Nov 09 10:16:25 VET 2014]]></LOG><LOG TP='BD'><![CDATA[9/11/2014 -> SELECT id_etapa FROM tbl_etapas WHERE nombre_etapa='tercera etapa'; Sun Nov 09 10:16:25 VET 2014]]></LOG><LOG TP='BD'><![CDATA[9/11/2014 -> SELECT id_preguntas FROM tbl_preguntas WHERE tx_preguntas='¿Que es la fe?'; Sun Nov 09 10:16:25 VET 2014]]></LOG><LOG TP='BD'><![CDATA[9/11/2014 -> SELECT id_preguntas FROM tbl_preguntas WHERE tx_preguntas='¿Que es la fe?'; Sun Nov 09 10:16:25 VET 2014]]></LOG><LOG TP='BD'><![CDATA[9/11/2014 -> SELECT * FROM usuarios WHERE tx_login='frejolano' and clave='1234'; Sun Nov 09 10:21:04 VET 2014]]></LOG><LOG TP='BD'><![CDATA[9/11/2014 -> SELECT * FROM usuarios WHERE tx_login='frejolano' and clave='1234'; Sun Nov 09 10:21:04 VET 2014]]></LOG><LOG TP='BD'><![CDATA[9/11/2014 -> SELECT * FROM usuarios WHERE tx_login='frejolano' and clave='1234'; Sun Nov 09 10:21:04 VET 2014]]></LOG><LOG TP='BD'><![CDATA[9/11/2014 -> SELECT * FROM tbl_rol_usr WHERE nb_rol_usr='Administrador'; Sun Nov 09 10:21:04 VET 2014]]></LOG><LOG TP='BD'><![CDATA[9/11/2014 -> SELECT * FROM tbl_rol_usr WHERE nb_rol_usr='Estudiante'; Sun Nov 09 10:21:04 VET 2014]]></LOG><LOG TP='BD'><![CDATA[9/11/2014 -> SELECT * FROM tbl_rol_usr WHERE nb_rol_usr='Maestro'; Sun Nov 09 10:21:04 VET 2014]]></LOG><LOG TP='BD'><![CDATA[9/11/2014 -> SELECT * FROM tbl_rol_usr WHERE id_rol_usr=1; Sun Nov 09 10:21:04 VET 2014]]></LOG><LOG TP='BD'><![CDATA[9/11/2014 -> SELECT id_etapa FROM tbl_etapas WHERE nombre_etapa='tercera etapa'; Sun Nov 09 10:21:04 VET 2014]]></LOG><LOG TP='BD'><![CDATA[9/11/2014 -> SELECT id_preguntas FROM tbl_preguntas WHERE tx_preguntas='¿Que es la fe?'; Sun Nov 09 10:21:04 VET 2014]]></LOG><LOG TP='BD'><![CDATA[9/11/2014 -> SELECT * FROM usuarios WHERE tx_login='frejolano' and clave='1234'; Sun Nov 09 10:28:26 VET 2014]]></LOG><LOG TP='BD'><![CDATA[9/11/2014 -> SELECT * FROM usuarios WHERE tx_login='frejolano' and clave='1234'; Sun Nov 09 10:28:26 VET 2014]]></LOG><LOG TP='BD'><![CDATA[9/11/2014 -> SELECT * FROM usuarios WHERE tx_login='frejolano' and clave='1234'; Sun Nov 09 10:28:26 VET 2014]]></LOG><LOG TP='BD'><![CDATA[9/11/2014 -> SELECT * FROM tbl_rol_usr WHERE nb_rol_usr='Administrador'; Sun Nov 09 10:28:26 VET 2014]]></LOG><LOG TP='BD'><![CDATA[9/11/2014 -> SELECT * FROM tbl_rol_usr WHERE nb_rol_usr='Estudiante'; Sun Nov 09 10:28:26 VET 2014]]></LOG><LOG TP='BD'><![CDATA[9/11/2014 -> SELECT * FROM tbl_rol_usr WHERE nb_rol_usr='Maestro'; Sun Nov 09 10:28:26 VET 2014]]></LOG><LOG TP='BD'><![CDATA[9/11/2014 -> SELECT * FROM tbl_rol_usr WHERE id_rol_usr=1; Sun Nov 09 10:28:26 VET 2014]]></LOG><LOG TP='BD'><![CDATA[9/11/2014 -> SELECT id_etapa FROM tbl_etapas WHERE nombre_etapa='tercera etapa'; Sun Nov 09 10:28:26 VET 2014]]></LOG><LOG TP='BD'><![CDATA[9/11/2014 -> SELECT id_preguntas FROM tbl_preguntas WHERE tx_preguntas='¿Que es la fe?'; Sun Nov 09 10:28:26 VET 2014]]></LOG><LOG TP='BD'><![CDATA[9/11/2014 -> SELECT * FROM usuarios WHERE tx_login='frejolano' and clave='1234'; Sun Nov 09 10:36:02 VET 2014]]></LOG><LOG TP='BD'><![CDATA[9/11/2014 -> SELECT * FROM usuarios WHERE tx_login='frejolano' and clave='1234'; Sun Nov 09 10:36:02 VET 2014]]></LOG><LOG TP='BD'><![CDATA[9/11/2014 -> SELECT * FROM usuarios WHERE tx_login='frejolano' and clave='1234'; Sun Nov 09 10:36:02 VET 2014]]></LOG><LOG TP='BD'><![CDATA[9/11/2014 -> SELECT * FROM tbl_rol_usr WHERE nb_rol_usr='Administrador'; Sun Nov 09 10:36:02 VET 2014]]></LOG><LOG TP='BD'><![CDATA[9/11/2014 -> SELECT * FROM tbl_rol_usr WHERE nb_rol_usr='Estudiante'; Sun Nov 09 10:36:02 VET 2014]]></LOG><LOG TP='BD'><![CDATA[9/11/2014 -> SELECT * FROM tbl_rol_usr WHERE nb_rol_usr='Maestro'; Sun Nov 09 10:36:02 VET 2014]]></LOG><LOG TP='BD'><![CDATA[9/11/2014 -> SELECT * FROM tbl_rol_usr WHERE id_rol_usr=1; Sun Nov 09 10:36:02 VET 2014]]></LOG><LOG TP='BD'><![CDATA[9/11/2014 -> SELECT id_etapa FROM tbl_etapas WHERE nombre_etapa='tercera etapa'; Sun Nov 09 10:36:02 VET 2014]]></LOG><LOG TP='BD'><![CDATA[9/11/2014 -> SELECT id_libro FROM tbl_preguntas WHERE tx_preguntas='¿Que es la fe?'; Sun Nov 09 10:36:02 VET 2014]]></LOG><LOG TP='BD'><![CDATA[9/11/2014 -> SELECT nb_libro FROM tbl_libro WHERE id_libro='49'; Sun Nov 09 10:36:02 VET 2014]]></LOG><LOG TP='BD'><![CDATA[9/11/2014 -> SELECT * FROM usuarios WHERE tx_login='frejolano' and clave='1234'; Sun Nov 09 11:18:00 VET 2014]]></LOG><LOG TP='BD'><![CDATA[9/11/2014 -> SELECT * FROM usuarios WHERE tx_login='frejolano' and clave='1234'; Sun Nov 09 11:18:00 VET 2014]]></LOG><LOG TP='BD'><![CDATA[9/11/2014 -> SELECT * FROM usuarios WHERE tx_login='frejolano' and clave='1234'; Sun Nov 09 11:18:00 VET 2014]]></LOG><LOG TP='BD'><![CDATA[9/11/2014 -> SELECT * FROM tbl_rol_usr WHERE nb_rol_usr='Administrador'; Sun Nov 09 11:18:00 VET 2014]]></LOG><LOG TP='BD'><![CDATA[9/11/2014 -> SELECT * FROM tbl_rol_usr WHERE nb_rol_usr='Estudiante'; Sun Nov 09 11:18:00 VET 2014]]></LOG><LOG TP='BD'><![CDATA[9/11/2014 -> SELECT * FROM tbl_rol_usr WHERE nb_rol_usr='Maestro'; Sun Nov 09 11:18:00 VET 2014]]></LOG><LOG TP='BD'><![CDATA[9/11/2014 -> SELECT * FROM tbl_rol_usr WHERE id_rol_usr=1; Sun Nov 09 11:18:00 VET 2014]]></LOG><LOG TP='BD'><![CDATA[9/11/2014 -> SELECT id_etapa FROM tbl_etapas WHERE nombre_etapa='tercera etapa'; Sun Nov 09 11:18:00 VET 2014]]></LOG><LOG TP='BD'><![CDATA[9/11/2014 -> SELECT id_preguntas FROM tbl_preguntas WHERE tx_preguntas='l.lp'; Sun Nov 09 11:18:00 VET 2014]]></LOG><LOG TP='BD'><![CDATA[9/11/2014 -> SELECT id_libro FROM tbl_preguntas WHERE tx_preguntas='l.lp'; Sun Nov 09 11:18:00 VET 2014]]></LOG><LOG TP='BD'><![CDATA[9/11/2014 -> SELECT nb_libro FROM tbl_libro WHERE id_libro='3'; Sun Nov 09 11:18:00 VET 2014]]></LOG><LOG TP='BD'><![CDATA[9/11/2014 -> SELECT respuesta_correcta FROM tbl_preguntas WHERE tx_preguntas='l.lp'; Sun Nov 09 11:18:00 VET 2014]]></LOG><LOG TP='BD'><![CDATA[9/11/2014 -> SELECT resp_incorrecta FROM tbl_resp_inc WHERE id_preguntas='37' and opcion= a ; Sun Nov 09 11:18:00 VET 2014ERROR= ERROR: no existe la columna «a»
  Position: 78]]></LOG><LOG TP='BD'><![CDATA[9/11/2014 -> SELECT * FROM usuarios WHERE tx_login='frejolano' and clave='1234'; Sun Nov 09 11:23:06 VET 2014]]></LOG><LOG TP='BD'><![CDATA[9/11/2014 -> SELECT * FROM usuarios WHERE tx_login='frejolano' and clave='1234'; Sun Nov 09 11:23:06 VET 2014]]></LOG><LOG TP='BD'><![CDATA[9/11/2014 -> SELECT * FROM usuarios WHERE tx_login='frejolano' and clave='1234'; Sun Nov 09 11:23:06 VET 2014]]></LOG><LOG TP='BD'><![CDATA[9/11/2014 -> SELECT * FROM tbl_rol_usr WHERE nb_rol_usr='Administrador'; Sun Nov 09 11:23:06 VET 2014]]></LOG><LOG TP='BD'><![CDATA[9/11/2014 -> SELECT * FROM tbl_rol_usr WHERE nb_rol_usr='Estudiante'; Sun Nov 09 11:23:06 VET 2014]]></LOG><LOG TP='BD'><![CDATA[9/11/2014 -> SELECT * FROM tbl_rol_usr WHERE nb_rol_usr='Maestro'; Sun Nov 09 11:23:06 VET 2014]]></LOG><LOG TP='BD'><![CDATA[9/11/2014 -> SELECT * FROM tbl_rol_usr WHERE id_rol_usr=1; Sun Nov 09 11:23:06 VET 2014]]></LOG><LOG TP='BD'><![CDATA[9/11/2014 -> SELECT id_etapa FROM tbl_etapas WHERE nombre_etapa='tercera etapa'; Sun Nov 09 11:23:06 VET 2014]]></LOG><LOG TP='BD'><![CDATA[9/11/2014 -> SELECT id_preguntas FROM tbl_preguntas WHERE tx_preguntas='l.lp'; Sun Nov 09 11:23:06 VET 2014]]></LOG><LOG TP='BD'><![CDATA[9/11/2014 -> SELECT id_libro FROM tbl_preguntas WHERE tx_preguntas='l.lp'; Sun Nov 09 11:23:06 VET 2014]]></LOG><LOG TP='BD'><![CDATA[9/11/2014 -> SELECT nb_libro FROM tbl_libro WHERE id_libro='3'; Sun Nov 09 11:23:06 VET 2014]]></LOG><LOG TP='BD'><![CDATA[9/11/2014 -> SELECT respuesta_correcta FROM tbl_preguntas WHERE tx_preguntas='l.lp'; Sun Nov 09 11:23:06 VET 2014]]></LOG><LOG TP='BD'><![CDATA[9/11/2014 -> SELECT resp_incorrecta FROM tbl_resp_inc WHERE id_preguntas='37' and opcion='a'; Sun Nov 09 11:23:06 VET 2014]]></LOG><LOG TP='BD'><![CDATA[9/11/2014 -> SELECT * FROM usuarios WHERE tx_login='frejolano' and clave='1234'; Sun Nov 09 12:11:05 VET 2014]]></LOG><LOG TP='BD'><![CDATA[9/11/2014 -> SELECT * FROM usuarios WHERE tx_login='frejolano' and clave='1234'; Sun Nov 09 12:11:05 VET 2014]]></LOG><LOG TP='BD'><![CDATA[9/11/2014 -> SELECT * FROM usuarios WHERE tx_login='frejolano' and clave='1234'; Sun Nov 09 12:11:05 VET 2014]]></LOG><LOG TP='BD'><![CDATA[9/11/2014 -> SELECT * FROM tbl_rol_usr WHERE nb_rol_usr='Administrador'; Sun Nov 09 12:11:05 VET 2014]]></LOG><LOG TP='BD'><![CDATA[9/11/2014 -> SELECT * FROM tbl_rol_usr WHERE nb_rol_usr='Estudiante'; Sun Nov 09 12:11:05 VET 2014]]></LOG><LOG TP='BD'><![CDATA[9/11/2014 -> SELECT * FROM tbl_rol_usr WHERE nb_rol_usr='Maestro'; Sun Nov 09 12:11:05 VET 2014]]></LOG><LOG TP='BD'><![CDATA[9/11/2014 -> SELECT * FROM tbl_rol_usr WHERE id_rol_usr=1; Sun Nov 09 12:11:05 VET 2014]]></LOG><LOG TP='BD'><![CDATA[9/11/2014 -> SELECT * FROM usuarios WHERE tx_login='frejolano' and clave='1234'; Sun Nov 09 12:15:05 VET 2014]]></LOG><LOG TP='BD'><![CDATA[9/11/2014 -> SELECT * FROM usuarios WHERE tx_login='frejolano' and clave='1234'; Sun Nov 09 12:15:05 VET 2014]]></LOG><LOG TP='BD'><![CDATA[9/11/2014 -> SELECT * FROM usuarios WHERE tx_login='frejolano' and clave='1234'; Sun Nov 09 12:15:05 VET 2014]]></LOG><LOG TP='BD'><![CDATA[9/11/2014 -> SELECT * FROM tbl_rol_usr WHERE nb_rol_usr='Administrador'; Sun Nov 09 12:15:05 VET 2014]]></LOG><LOG TP='BD'><![CDATA[9/11/2014 -> SELECT * FROM tbl_rol_usr WHERE nb_rol_usr='Estudiante'; Sun Nov 09 12:15:05 VET 2014]]></LOG><LOG TP='BD'><![CDATA[9/11/2014 -> SELECT * FROM tbl_rol_usr WHERE nb_rol_usr='Maestro'; Sun Nov 09 12:15:05 VET 2014]]></LOG><LOG TP='BD'><![CDATA[9/11/2014 -> SELECT * FROM tbl_rol_usr WHERE id_rol_usr=1; Sun Nov 09 12:15:05 VET 2014]]></LOG><LOG TP='BD'><![CDATA[9/11/2014 -> SELECT id_etapa FROM tbl_etapas WHERE nombre_etapa='tercera etapa'; Sun Nov 09 12:15:05 VET 2014]]></LOG><LOG TP='BD'><![CDATA[9/11/2014 -> SELECT id_preguntas FROM tbl_preguntas WHERE tx_preguntas='l.lp'; Sun Nov 09 12:15:05 VET 2014]]></LOG><LOG TP='BD'><![CDATA[9/11/2014 -> SELECT id_libro FROM tbl_preguntas WHERE tx_preguntas='l.lp'; Sun Nov 09 12:15:05 VET 2014]]></LOG><LOG TP='BD'><![CDATA[9/11/2014 -> SELECT nb_libro FROM tbl_libro WHERE id_libro='3'; Sun Nov 09 12:15:05 VET 2014]]></LOG><LOG TP='BD'><![CDATA[9/11/2014 -> SELECT respuesta_correcta FROM tbl_preguntas WHERE tx_preguntas='l.lp'; Sun Nov 09 12:15:05 VET 2014]]></LOG><LOG TP='BD'><![CDATA[9/11/2014 -> SELECT resp_incorrecta FROM tbl_resp_inc WHERE id_preguntas='37' and opcion='a'; Sun Nov 09 12:15:05 VET 2014]]></LOG><LOG TP='BD'><![CDATA[9/11/2014 -> SELECT resp_incorrecta FROM tbl_resp_inc WHERE id_preguntas='37' and opcion='b'; Sun Nov 09 12:15:05 VET 2014]]></LOG><LOG TP='BD'><![CDATA[9/11/2014 -> SELECT resp_incorrecta FROM tbl_resp_inc WHERE id_preguntas='37' and opcion='c'; Sun Nov 09 12:15:05 VET 2014]]></LOG><LOG TP='BD'><![CDATA[9/11/2014 -> SELECT resp_incorrecta FROM tbl_resp_inc WHERE id_preguntas='37' and opcion='d'; Sun Nov 09 12:15:05 VET 2014]]></LOG><LOG TP='BD'><![CDATA[9/11/2014 -> SELECT * FROM usuarios WHERE tx_login='frejolano' and clave='1234'; Sun Nov 09 12:30:05 VET 2014]]></LOG><LOG TP='BD'><![CDATA[9/11/2014 -> SELECT * FROM usuarios WHERE tx_login='frejolano' and clave='1234'; Sun Nov 09 12:30:05 VET 2014]]></LOG><LOG TP='BD'><![CDATA[9/11/2014 -> SELECT * FROM usuarios WHERE tx_login='frejolano' and clave='1234'; Sun Nov 09 12:30:05 VET 2014]]></LOG><LOG TP='BD'><![CDATA[9/11/2014 -> SELECT * FROM tbl_rol_usr WHERE nb_rol_usr='Administrador'; Sun Nov 09 12:30:05 VET 2014]]></LOG><LOG TP='BD'><![CDATA[9/11/2014 -> SELECT * FROM tbl_rol_usr WHERE nb_rol_usr='Estudiante'; Sun Nov 09 12:30:05 VET 2014]]></LOG><LOG TP='BD'><![CDATA[9/11/2014 -> SELECT * FROM tbl_rol_usr WHERE nb_rol_usr='Maestro'; Sun Nov 09 12:30:05 VET 2014]]></LOG><LOG TP='BD'><![CDATA[9/11/2014 -> SELECT * FROM tbl_rol_usr WHERE id_rol_usr=1; Sun Nov 09 12:30:05 VET 2014]]></LOG><LOG TP='BD'><![CDATA[9/11/2014 -> SELECT id_etapa FROM tbl_etapas WHERE nombre_etapa='tercera etapa'; Sun Nov 09 12:30:05 VET 2014]]></LOG><LOG TP='BD'><![CDATA[9/11/2014 -> SELECT id_preguntas FROM tbl_preguntas WHERE tx_preguntas='l.lp'; Sun Nov 09 12:30:05 VET 2014]]></LOG><LOG TP='BD'><![CDATA[9/11/2014 -> SELECT id_libro FROM tbl_preguntas WHERE tx_preguntas='l.lp'; Sun Nov 09 12:30:05 VET 2014]]></LOG><LOG TP='BD'><![CDATA[9/11/2014 -> SELECT nb_libro FROM tbl_libro WHERE id_libro='3'; Sun Nov 09 12:30:05 VET 2014]]></LOG><LOG TP='BD'><![CDATA[9/11/2014 -> SELECT respuesta_correcta FROM tbl_preguntas WHERE tx_preguntas='l.lp'; Sun Nov 09 12:30:05 VET 2014]]></LOG><LOG TP='BD'><![CDATA[9/11/2014 -> SELECT resp_incorrecta FROM tbl_resp_inc WHERE id_preguntas='37' and opcion='a'; Sun Nov 09 12:30:05 VET 2014]]></LOG><LOG TP='BD'><![CDATA[9/11/2014 -> SELECT resp_incorrecta FROM tbl_resp_inc WHERE id_preguntas='37' and opcion='b'; Sun Nov 09 12:30:05 VET 2014]]></LOG><LOG TP='BD'><![CDATA[9/11/2014 -> SELECT resp_incorrecta FROM tbl_resp_inc WHERE id_preguntas='37' and opcion='c'; Sun Nov 09 12:30:05 VET 2014]]></LOG><LOG TP='BD'><![CDATA[9/11/2014 -> SELECT resp_incorrecta FROM tbl_resp_inc WHERE id_preguntas='37' and opcion='d'; Sun Nov 09 12:30:05 VET 2014]]></LOG><LOG TP='BD'><![CDATA[9/11/2014 -> SELECT * FROM usuarios WHERE tx_login='frejolano' and clave='1234'; Sun Nov 09 12:37:33 VET 2014]]></LOG><LOG TP='BD'><![CDATA[9/11/2014 -> SELECT * FROM usuarios WHERE tx_login='frejolano' and clave='1234'; Sun Nov 09 12:37:33 VET 2014]]></LOG><LOG TP='BD'><![CDATA[9/11/2014 -> SELECT * FROM usuarios WHERE tx_login='frejolano' and clave='1234'; Sun Nov 09 12:37:33 VET 2014]]></LOG><LOG TP='BD'><![CDATA[9/11/2014 -> SELECT * FROM tbl_rol_usr WHERE nb_rol_usr='Administrador'; Sun Nov 09 12:37:33 VET 2014]]></LOG><LOG TP='BD'><![CDATA[9/11/2014 -> SELECT * FROM tbl_rol_usr WHERE nb_rol_usr='Estudiante'; Sun Nov 09 12:37:33 VET 2014]]></LOG><LOG TP='BD'><![CDATA[9/11/2014 -> SELECT * FROM tbl_rol_usr WHERE nb_rol_usr='Maestro'; Sun Nov 09 12:37:33 VET 2014]]></LOG><LOG TP='BD'><![CDATA[9/11/2014 -> SELECT * FROM tbl_rol_usr WHERE id_rol_usr=1; Sun Nov 09 12:37:33 VET 2014]]></LOG><LOG TP='BD'><![CDATA[9/11/2014 -> SELECT id_etapa FROM tbl_etapas WHERE nombre_etapa='tercera etapa'; Sun Nov 09 12:37:33 VET 2014]]></LOG><LOG TP='BD'><![CDATA[9/11/2014 -> SELECT id_preguntas FROM tbl_preguntas WHERE tx_preguntas='l.lp'; Sun Nov 09 12:37:33 VET 2014]]></LOG><LOG TP='BD'><![CDATA[9/11/2014 -> SELECT id_libro FROM tbl_preguntas WHERE tx_preguntas='l.lp'; Sun Nov 09 12:37:33 VET 2014]]></LOG><LOG TP='BD'><![CDATA[9/11/2014 -> SELECT nb_libro FROM tbl_libro WHERE id_libro='3'; Sun Nov 09 12:37:33 VET 2014]]></LOG><LOG TP='BD'><![CDATA[9/11/2014 -> SELECT respuesta_correcta FROM tbl_preguntas WHERE tx_preguntas='l.lp'; Sun Nov 09 12:37:33 VET 2014]]></LOG><LOG TP='BD'><![CDATA[9/11/2014 -> SELECT resp_incorrecta FROM tbl_resp_inc WHERE id_preguntas='37' and opcion='a'; Sun Nov 09 12:37:33 VET 2014]]></LOG><LOG TP='BD'><![CDATA[9/11/2014 -> SELECT resp_incorrecta FROM tbl_resp_inc WHERE id_preguntas='37' and opcion='b'; Sun Nov 09 12:37:33 VET 2014]]></LOG><LOG TP='BD'><![CDATA[9/11/2014 -> SELECT resp_incorrecta FROM tbl_resp_inc WHERE id_preguntas='37' and opcion='c'; Sun Nov 09 12:37:33 VET 2014]]></LOG><LOG TP='BD'><![CDATA[9/11/2014 -> SELECT resp_incorrecta FROM tbl_resp_inc WHERE id_preguntas='37' and opcion='d'; Sun Nov 09 12:37:33 VET 2014]]></LOG><LOG TP='BD'><![CDATA[9/11/2014 -> SELECT * FROM usuarios WHERE tx_login='frejolano' and clave='1234'; Sun Nov 09 13:26:15 VET 2014]]></LOG><LOG TP='BD'><![CDATA[9/11/2014 -> SELECT * FROM usuarios WHERE tx_login='frejolano' and clave='1234'; Sun Nov 09 13:26:15 VET 2014]]></LOG><LOG TP='BD'><![CDATA[9/11/2014 -> SELECT * FROM usuarios WHERE tx_login='frejolano' and clave='1234'; Sun Nov 09 13:26:15 VET 2014]]></LOG><LOG TP='BD'><![CDATA[9/11/2014 -> SELECT * FROM tbl_rol_usr WHERE nb_rol_usr='Administrador'; Sun Nov 09 13:26:15 VET 2014]]></LOG><LOG TP='BD'><![CDATA[9/11/2014 -> SELECT * FROM tbl_rol_usr WHERE nb_rol_usr='Estudiante'; Sun Nov 09 13:26:15 VET 2014]]></LOG><LOG TP='BD'><![CDATA[9/11/2014 -> SELECT * FROM tbl_rol_usr WHERE nb_rol_usr='Maestro'; Sun Nov 09 13:26:15 VET 2014]]></LOG><LOG TP='BD'><![CDATA[9/11/2014 -> SELECT * FROM tbl_rol_usr WHERE id_rol_usr=1; Sun Nov 09 13:26:15 VET 2014]]></LOG><LOG TP='BD'><![CDATA[9/11/2014 -> SELECT id_etapa FROM tbl_etapas WHERE nombre_etapa='tercera etapa'; Sun Nov 09 13:26:15 VET 2014]]></LOG><LOG TP='BD'><![CDATA[9/11/2014 -> SELECT id_preguntas FROM tbl_preguntas WHERE tx_preguntas='l.lp'; Sun Nov 09 13:26:15 VET 2014]]></LOG><LOG TP='BD'><![CDATA[9/11/2014 -> SELECT id_libro FROM tbl_preguntas WHERE tx_preguntas='l.lp'; Sun Nov 09 13:26:15 VET 2014]]></LOG><LOG TP='BD'><![CDATA[9/11/2014 -> SELECT nb_libro FROM tbl_libro WHERE id_libro='3'; Sun Nov 09 13:26:15 VET 2014]]></LOG><LOG TP='BD'><![CDATA[9/11/2014 -> SELECT respuesta_correcta FROM tbl_preguntas WHERE tx_preguntas='l.lp'; Sun Nov 09 13:26:15 VET 2014]]></LOG><LOG TP='BD'><![CDATA[9/11/2014 -> SELECT resp_incorrecta FROM tbl_resp_inc WHERE id_preguntas='37' and opcion='a'; Sun Nov 09 13:26:15 VET 2014]]></LOG><LOG TP='BD'><![CDATA[9/11/2014 -> SELECT resp_incorrecta FROM tbl_resp_inc WHERE id_preguntas='37' and opcion='b'; Sun Nov 09 13:26:15 VET 2014]]></LOG><LOG TP='BD'><![CDATA[9/11/2014 -> SELECT resp_incorrecta FROM tbl_resp_inc WHERE id_preguntas='37' and opcion='c'; Sun Nov 09 13:26:15 VET 2014]]></LOG><LOG TP='BD'><![CDATA[9/11/2014 -> SELECT resp_incorrecta FROM tbl_resp_inc WHERE id_preguntas='37' and opcion='d'; Sun Nov 09 13:26:15 VET 2014]]></LOG><LOG TP='BD'><![CDATA[9/11/2014 -> SELECT id_etapa FROM tbl_etapas WHERE nombre_etapa='tercera etapa'; Sun Nov 09 13:26:15 VET 2014]]></LOG><LOG TP='BD'><![CDATA[9/11/2014 -> SELECT id_preguntas FROM tbl_preguntas WHERE tx_preguntas='l.lp'; Sun Nov 09 13:26:15 VET 2014]]></LOG><LOG TP='BD'><![CDATA[9/11/2014 -> SELECT id_libro FROM tbl_preguntas WHERE tx_preguntas='l.lp'; Sun Nov 09 13:26:15 VET 2014]]></LOG><LOG TP='BD'><![CDATA[9/11/2014 -> SELECT nb_libro FROM tbl_libro WHERE id_libro='3'; Sun Nov 09 13:26:15 VET 2014]]></LOG><LOG TP='BD'><![CDATA[9/11/2014 -> SELECT respuesta_correcta FROM tbl_preguntas WHERE tx_preguntas='l.lp'; Sun Nov 09 13:26:15 VET 2014]]></LOG><LOG TP='BD'><![CDATA[9/11/2014 -> SELECT resp_incorrecta FROM tbl_resp_inc WHERE id_preguntas='37' and opcion='a'; Sun Nov 09 13:26:15 VET 2014]]></LOG><LOG TP='BD'><![CDATA[9/11/2014 -> SELECT resp_incorrecta FROM tbl_resp_inc WHERE id_preguntas='37' and opcion='b'; Sun Nov 09 13:26:15 VET 2014]]></LOG><LOG TP='BD'><![CDATA[9/11/2014 -> SELECT resp_incorrecta FROM tbl_resp_inc WHERE id_preguntas='37' and opcion='c'; Sun Nov 09 13:26:15 VET 2014]]></LOG><LOG TP='BD'><![CDATA[9/11/2014 -> SELECT resp_incorrecta FROM tbl_resp_inc WHERE id_preguntas='37' and opcion='d'; Sun Nov 09 13:26:15 VET 2014]]></LOG><LOG TP='BD'><![CDATA[9/11/2014 -> SELECT * FROM usuarios WHERE tx_login='frejolano' and clave='1234'; Sun Nov 09 13:33:02 VET 2014]]></LOG><LOG TP='BD'><![CDATA[9/11/2014 -> SELECT * FROM usuarios WHERE tx_login='frejolano' and clave='1234'; Sun Nov 09 13:33:02 VET 2014]]></LOG><LOG TP='BD'><![CDATA[9/11/2014 -> SELECT * FROM usuarios WHERE tx_login='frejolano' and clave='1234'; Sun Nov 09 13:33:02 VET 2014]]></LOG><LOG TP='BD'><![CDATA[9/11/2014 -> SELECT * FROM tbl_rol_usr WHERE nb_rol_usr='Administrador'; Sun Nov 09 13:33:02 VET 2014]]></LOG><LOG TP='BD'><![CDATA[9/11/2014 -> SELECT * FROM tbl_rol_usr WHERE nb_rol_usr='Estudiante'; Sun Nov 09 13:33:02 VET 2014]]></LOG><LOG TP='BD'><![CDATA[9/11/2014 -> SELECT * FROM tbl_rol_usr WHERE nb_rol_usr='Maestro'; Sun Nov 09 13:33:02 VET 2014]]></LOG><LOG TP='BD'><![CDATA[9/11/2014 -> SELECT * FROM tbl_rol_usr WHERE id_rol_usr=1; Sun Nov 09 13:33:02 VET 2014]]></LOG><LOG TP='BD'><![CDATA[9/11/2014 -> SELECT id_etapa FROM tbl_etapas WHERE nombre_etapa='tercera etapa'; Sun Nov 09 13:33:02 VET 2014]]></LOG><LOG TP='BD'><![CDATA[9/11/2014 -> SELECT id_preguntas FROM tbl_preguntas WHERE tx_preguntas='l.lp'; Sun Nov 09 13:33:02 VET 2014]]></LOG><LOG TP='BD'><![CDATA[9/11/2014 -> SELECT id_libro FROM tbl_preguntas WHERE tx_preguntas='l.lp'; Sun Nov 09 13:33:02 VET 2014]]></LOG><LOG TP='BD'><![CDATA[9/11/2014 -> SELECT nb_libro FROM tbl_libro WHERE id_libro='3'; Sun Nov 09 13:33:02 VET 2014]]></LOG><LOG TP='BD'><![CDATA[9/11/2014 -> SELECT respuesta_correcta FROM tbl_preguntas WHERE tx_preguntas='l.lp'; Sun Nov 09 13:33:02 VET 2014]]></LOG><LOG TP='BD'><![CDATA[9/11/2014 -> SELECT resp_incorrecta FROM tbl_resp_inc WHERE id_preguntas='37' and opcion='a'; Sun Nov 09 13:33:02 VET 2014]]></LOG><LOG TP='BD'><![CDATA[9/11/2014 -> SELECT resp_incorrecta FROM tbl_resp_inc WHERE id_preguntas='37' and opcion='b'; Sun Nov 09 13:33:02 VET 2014]]></LOG><LOG TP='BD'><![CDATA[9/11/2014 -> SELECT resp_incorrecta FROM tbl_resp_inc WHERE id_preguntas='37' and opcion='c'; Sun Nov 09 13:33:02 VET 2014]]></LOG><LOG TP='BD'><![CDATA[9/11/2014 -> SELECT resp_incorrecta FROM tbl_resp_inc WHERE id_preguntas='37' and opcion='d'; Sun Nov 09 13:33:02 VET 2014]]></LOG><LOG TP='BD'><![CDATA[9/11/2014 -> SELECT * FROM usuarios WHERE tx_login='frejolano' and clave='1234'; Sun Nov 09 13:42:36 VET 2014]]></LOG><LOG TP='BD'><![CDATA[9/11/2014 -> SELECT * FROM usuarios WHERE tx_login='frejolano' and clave='1234'; Sun Nov 09 13:42:36 VET 2014]]></LOG><LOG TP='BD'><![CDATA[9/11/2014 -> SELECT * FROM usuarios WHERE tx_login='frejolano' and clave='1234'; Sun Nov 09 13:42:36 VET 2014]]></LOG><LOG TP='BD'><![CDATA[9/11/2014 -> SELECT * FROM tbl_rol_usr WHERE nb_rol_usr='Administrador'; Sun Nov 09 13:42:36 VET 2014]]></LOG><LOG TP='BD'><![CDATA[9/11/2014 -> SELECT * FROM tbl_rol_usr WHERE nb_rol_usr='Estudiante'; Sun Nov 09 13:42:36 VET 2014]]></LOG><LOG TP='BD'><![CDATA[9/11/2014 -> SELECT * FROM tbl_rol_usr WHERE nb_rol_usr='Maestro'; Sun Nov 09 13:42:36 VET 2014]]></LOG><LOG TP='BD'><![CDATA[9/11/2014 -> SELECT * FROM tbl_rol_usr WHERE id_rol_usr=1; Sun Nov 09 13:42:36 VET 2014]]></LOG><LOG TP='BD'><![CDATA[9/11/2014 -> SELECT id_etapa FROM tbl_etapas WHERE nombre_etapa='tercera etapa'; Sun Nov 09 13:42:36 VET 2014]]></LOG><LOG TP='BD'><![CDATA[9/11/2014 -> SELECT id_preguntas FROM tbl_preguntas WHERE tx_preguntas='l.lp'; Sun Nov 09 13:42:36 VET 2014]]></LOG><LOG TP='BD'><![CDATA[9/11/2014 -> SELECT id_libro FROM tbl_preguntas WHERE tx_preguntas='l.lp'; Sun Nov 09 13:42:36 VET 2014]]></LOG><LOG TP='BD'><![CDATA[9/11/2014 -> SELECT nb_libro FROM tbl_libro WHERE id_libro='3'; Sun Nov 09 13:42:36 VET 2014]]></LOG><LOG TP='BD'><![CDATA[9/11/2014 -> SELECT respuesta_correcta FROM tbl_preguntas WHERE tx_preguntas='l.lp'; Sun Nov 09 13:42:36 VET 2014]]></LOG><LOG TP='BD'><![CDATA[9/11/2014 -> SELECT resp_incorrecta FROM tbl_resp_inc WHERE id_preguntas='37' and opcion='a'; Sun Nov 09 13:42:36 VET 2014]]></LOG><LOG TP='BD'><![CDATA[9/11/2014 -> SELECT resp_incorrecta FROM tbl_resp_inc WHERE id_preguntas='37' and opcion='b'; Sun Nov 09 13:42:36 VET 2014]]></LOG><LOG TP='BD'><![CDATA[9/11/2014 -> SELECT resp_incorrecta FROM tbl_resp_inc WHERE id_preguntas='37' and opcion='c'; Sun Nov 09 13:42:36 VET 2014]]></LOG><LOG TP='BD'><![CDATA[9/11/2014 -> SELECT resp_incorrecta FROM tbl_resp_inc WHERE id_preguntas='37' and opcion='d'; Sun Nov 09 13:42:36 VET 2014]]></LOG><LOG TP='BD'><![CDATA[9/11/2014 -> SELECT * FROM usuarios WHERE tx_login='frejolano' and clave='1234'; Sun Nov 09 13:57:02 VET 2014]]></LOG><LOG TP='BD'><![CDATA[9/11/2014 -> SELECT * FROM usuarios WHERE tx_login='frejolano' and clave='1234'; Sun Nov 09 13:57:02 VET 2014]]></LOG><LOG TP='BD'><![CDATA[9/11/2014 -> SELECT * FROM usuarios WHERE tx_login='frejolano' and clave='1234'; Sun Nov 09 13:57:02 VET 2014]]></LOG><LOG TP='BD'><![CDATA[9/11/2014 -> SELECT * FROM tbl_rol_usr WHERE nb_rol_usr='Administrador'; Sun Nov 09 13:57:02 VET 2014]]></LOG><LOG TP='BD'><![CDATA[9/11/2014 -> SELECT * FROM tbl_rol_usr WHERE nb_rol_usr='Estudiante'; Sun Nov 09 13:57:02 VET 2014]]></LOG><LOG TP='BD'><![CDATA[9/11/2014 -> SELECT * FROM tbl_rol_usr WHERE nb_rol_usr='Maestro'; Sun Nov 09 13:57:02 VET 2014]]></LOG><LOG TP='BD'><![CDATA[9/11/2014 -> SELECT * FROM tbl_rol_usr WHERE id_rol_usr=1; Sun Nov 09 13:57:02 VET 2014]]></LOG><LOG TP='BD'><![CDATA[9/11/2014 -> SELECT id_etapa FROM tbl_etapas WHERE nombre_etapa='tercera etapa'; Sun Nov 09 13:57:02 VET 2014]]></LOG><LOG TP='BD'><![CDATA[9/11/2014 -> SELECT id_preguntas FROM tbl_preguntas WHERE tx_preguntas='l.lp'; Sun Nov 09 13:57:02 VET 2014]]></LOG><LOG TP='BD'><![CDATA[9/11/2014 -> SELECT id_libro FROM tbl_preguntas WHERE tx_preguntas='l.lp'; Sun Nov 09 13:57:02 VET 2014]]></LOG><LOG TP='BD'><![CDATA[9/11/2014 -> SELECT nb_libro FROM tbl_libro WHERE id_libro='3'; Sun Nov 09 13:57:02 VET 2014]]></LOG><LOG TP='BD'><![CDATA[9/11/2014 -> SELECT respuesta_correcta FROM tbl_preguntas WHERE tx_preguntas='l.lp'; Sun Nov 09 13:57:02 VET 2014]]></LOG><LOG TP='BD'><![CDATA[9/11/2014 -> SELECT resp_incorrecta FROM tbl_resp_inc WHERE id_preguntas='37' and opcion='a'; Sun Nov 09 13:57:02 VET 2014]]></LOG><LOG TP='BD'><![CDATA[9/11/2014 -> SELECT resp_incorrecta FROM tbl_resp_inc WHERE id_preguntas='37' and opcion='b'; Sun Nov 09 13:57:02 VET 2014]]></LOG><LOG TP='BD'><![CDATA[9/11/2014 -> SELECT resp_incorrecta FROM tbl_resp_inc WHERE id_preguntas='37' and opcion='c'; Sun Nov 09 13:57:02 VET 2014]]></LOG><LOG TP='BD'><![CDATA[9/11/2014 -> SELECT resp_incorrecta FROM tbl_resp_inc WHERE id_preguntas='37' and opcion='d'; Sun Nov 09 13:57:02 VET 2014]]></LOG><LOG TP='BD'><![CDATA[9/11/2014 -> SELECT * FROM usuarios WHERE tx_login='frejolano' and clave='12345'; Sun Nov 09 14:23:00 VET 2014]]></LOG><LOG TP='BD'><![CDATA[9/11/2014 -> SELECT * FROM usuarios WHERE tx_login='frejolano' and clave='1234'; Sun Nov 09 14:23:00 VET 2014]]></LOG><LOG TP='BD'><![CDATA[9/11/2014 -> SELECT * FROM usuarios WHERE tx_login='frejolano' and clave='1234'; Sun Nov 09 14:23:00 VET 2014]]></LOG><LOG TP='BD'><![CDATA[9/11/2014 -> SELECT * FROM usuarios WHERE tx_login='frejolano' and clave='1234'; Sun Nov 09 14:23:00 VET 2014]]></LOG><LOG TP='BD'><![CDATA[9/11/2014 -> SELECT * FROM tbl_rol_usr WHERE nb_rol_usr='Administrador'; Sun Nov 09 14:23:00 VET 2014]]></LOG><LOG TP='BD'><![CDATA[9/11/2014 -> SELECT * FROM tbl_rol_usr WHERE nb_rol_usr='Estudiante'; Sun Nov 09 14:23:00 VET 2014]]></LOG><LOG TP='BD'><![CDATA[9/11/2014 -> SELECT * FROM tbl_rol_usr WHERE nb_rol_usr='Maestro'; Sun Nov 09 14:23:00 VET 2014]]></LOG><LOG TP='BD'><![CDATA[9/11/2014 -> SELECT * FROM tbl_rol_usr WHERE id_rol_usr=1; Sun Nov 09 14:23:00 VET 2014]]></LOG><LOG TP='BD'><![CDATA[9/11/2014 -> SELECT id_etapa FROM tbl_etapas WHERE nombre_etapa='tercera etapa'; Sun Nov 09 14:23:00 VET 2014]]></LOG><LOG TP='BD'><![CDATA[9/11/2014 -> SELECT id_preguntas FROM tbl_preguntas WHERE tx_preguntas='l.lp'; Sun Nov 09 14:23:00 VET 2014]]></LOG><LOG TP='BD'><![CDATA[9/11/2014 -> SELECT id_libro FROM tbl_preguntas WHERE tx_preguntas='l.lp'; Sun Nov 09 14:23:00 VET 2014]]></LOG><LOG TP='BD'><![CDATA[9/11/2014 -> SELECT nb_libro FROM tbl_libro WHERE id_libro='3'; Sun Nov 09 14:23:00 VET 2014]]></LOG><LOG TP='BD'><![CDATA[9/11/2014 -> SELECT respuesta_correcta FROM tbl_preguntas WHERE tx_preguntas='l.lp'; Sun Nov 09 14:23:00 VET 2014]]></LOG><LOG TP='BD'><![CDATA[9/11/2014 -> SELECT resp_incorrecta FROM tbl_resp_inc WHERE id_preguntas='37' and opcion='a'; Sun Nov 09 14:23:00 VET 2014]]></LOG><LOG TP='BD'><![CDATA[9/11/2014 -> SELECT resp_incorrecta FROM tbl_resp_inc WHERE id_preguntas='37' and opcion='b'; Sun Nov 09 14:23:00 VET 2014]]></LOG><LOG TP='BD'><![CDATA[9/11/2014 -> SELECT resp_incorrecta FROM tbl_resp_inc WHERE id_preguntas='37' and opcion='c'; Sun Nov 09 14:23:00 VET 2014]]></LOG><LOG TP='BD'><![CDATA[9/11/2014 -> SELECT resp_incorrecta FROM tbl_resp_inc WHERE id_preguntas='37' and opcion='d'; Sun Nov 09 14:23:00 VET 2014]]></LOG><LOG TP='BD'><![CDATA[9/11/2014 -> SELECT * FROM tbl_libro WHERE nb_libro='Levitico'; Sun Nov 09 14:23:00 VET 2014]]></LOG><LOG TP='BD'><![CDATA[9/11/2014 -> SELECT * FROM tbl_preguntas WHERE tx_preguntas='l.lp'; Sun Nov 09 14:23:00 VET 2014]]></LOG><LOG TP='BD'><![CDATA[9/11/2014 -> UPDATE tbl_preguntas SET tx_preguntas='l.lp',respuesta_correcta='ñpñ',id_etapa='3',id_libro='3' WHERE id_preguntas='37'; Sun Nov 09 14:23:00 VET 2014]]></LOG><LOG TP='BD'><![CDATA[9/11/2014 -> UPDATE tbl_resp_inc SET resp_incorrecta,id_preguntas='ñp',opcion=a' WHERE  id_preguntas='37'; Sun Nov 09 14:23:00 VET 2014ERROR= ERROR: error de sintaxis en o cerca de «,»
  Position: 40]]></LOG><LOG TP='BD'><![CDATA[9/11/2014 -> UPDATE tbl_resp_inc SET resp_incorrecta,id_preguntas='ñpñ',opcion=b' WHERE  id_preguntas='37'; Sun Nov 09 14:23:00 VET 2014ERROR= ERROR: error de sintaxis en o cerca de «,»
  Position: 40]]></LOG><LOG TP='BD'><![CDATA[9/11/2014 -> UPDATE tbl_resp_inc SET resp_incorrecta,id_preguntas='ñpñooo',opcion=c' WHERE  id_preguntas='37'; Sun Nov 09 14:23:00 VET 2014ERROR= ERROR: error de sintaxis en o cerca de «,»
  Position: 40]]></LOG><LOG TP='BD'><![CDATA[9/11/2014 -> UPDATE tbl_resp_inc SET resp_incorrecta,id_preguntas='pñpppññp',opciond=d' WHERE  id_preguntas='37'; Sun Nov 09 14:23:00 VET 2014ERROR= ERROR: error de sintaxis en o cerca de «,»
  Position: 40]]></LOG><LOG TP='BD'><![CDATA[9/11/2014 -> SELECT id_etapa FROM tbl_etapas WHERE nombre_etapa='tercera etapa'; Sun Nov 09 14:23:00 VET 2014]]></LOG><LOG TP='BD'><![CDATA[9/11/2014 -> SELECT id_preguntas FROM tbl_preguntas WHERE tx_preguntas='l.lp'; Sun Nov 09 14:23:00 VET 2014]]></LOG><LOG TP='BD'><![CDATA[9/11/2014 -> SELECT id_libro FROM tbl_preguntas WHERE tx_preguntas='l.lp'; Sun Nov 09 14:23:00 VET 2014]]></LOG><LOG TP='BD'><![CDATA[9/11/2014 -> SELECT nb_libro FROM tbl_libro WHERE id_libro='3'; Sun Nov 09 14:23:00 VET 2014]]></LOG><LOG TP='BD'><![CDATA[9/11/2014 -> SELECT respuesta_correcta FROM tbl_preguntas WHERE tx_preguntas='l.lp'; Sun Nov 09 14:23:00 VET 2014]]></LOG><LOG TP='BD'><![CDATA[9/11/2014 -> SELECT resp_incorrecta FROM tbl_resp_inc WHERE id_preguntas='37' and opcion='a'; Sun Nov 09 14:23:00 VET 2014]]></LOG><LOG TP='BD'><![CDATA[9/11/2014 -> SELECT resp_incorrecta FROM tbl_resp_inc WHERE id_preguntas='37' and opcion='b'; Sun Nov 09 14:23:00 VET 2014]]></LOG><LOG TP='BD'><![CDATA[9/11/2014 -> SELECT resp_incorrecta FROM tbl_resp_inc WHERE id_preguntas='37' and opcion='c'; Sun Nov 09 14:23:00 VET 2014]]></LOG><LOG TP='BD'><![CDATA[9/11/2014 -> SELECT resp_incorrecta FROM tbl_resp_inc WHERE id_preguntas='37' and opcion='d'; Sun Nov 09 14:23:00 VET 2014]]></LOG><LOG TP='BD'><![CDATA[9/11/2014 -> SELECT * FROM tbl_libro WHERE nb_libro='Levitico'; Sun Nov 09 14:23:00 VET 2014]]></LOG><LOG TP='BD'><![CDATA[9/11/2014 -> SELECT * FROM tbl_preguntas WHERE tx_preguntas='lista'; Sun Nov 09 14:23:00 VET 2014]]></LOG><LOG TP='BD'><![CDATA[9/11/2014 -> SELECT * FROM usuarios WHERE tx_login='frejolano' and clave='1234'; Sun Nov 09 14:31:04 VET 2014]]></LOG><LOG TP='BD'><![CDATA[9/11/2014 -> SELECT * FROM usuarios WHERE tx_login='frejolano' and clave='1234'; Sun Nov 09 14:31:04 VET 2014]]></LOG><LOG TP='BD'><![CDATA[9/11/2014 -> SELECT * FROM usuarios WHERE tx_login='frejolano' and clave='1234'; Sun Nov 09 14:31:04 VET 2014]]></LOG><LOG TP='BD'><![CDATA[9/11/2014 -> SELECT * FROM tbl_rol_usr WHERE nb_rol_usr='Administrador'; Sun Nov 09 14:31:04 VET 2014]]></LOG><LOG TP='BD'><![CDATA[9/11/2014 -> SELECT * FROM tbl_rol_usr WHERE nb_rol_usr='Estudiante'; Sun Nov 09 14:31:04 VET 2014]]></LOG><LOG TP='BD'><![CDATA[9/11/2014 -> SELECT * FROM tbl_rol_usr WHERE nb_rol_usr='Maestro'; Sun Nov 09 14:31:04 VET 2014]]></LOG><LOG TP='BD'><![CDATA[9/11/2014 -> SELECT * FROM tbl_rol_usr WHERE id_rol_usr=1; Sun Nov 09 14:31:04 VET 2014]]></LOG><LOG TP='BD'><![CDATA[9/11/2014 -> SELECT id_etapa FROM tbl_etapas WHERE nombre_etapa='tercera etapa'; Sun Nov 09 14:31:04 VET 2014]]></LOG><LOG TP='BD'><![CDATA[9/11/2014 -> SELECT id_preguntas FROM tbl_preguntas WHERE tx_preguntas='l.lp'; Sun Nov 09 14:31:04 VET 2014]]></LOG><LOG TP='BD'><![CDATA[9/11/2014 -> SELECT id_libro FROM tbl_preguntas WHERE tx_preguntas='l.lp'; Sun Nov 09 14:31:04 VET 2014]]></LOG><LOG TP='BD'><![CDATA[9/11/2014 -> SELECT nb_libro FROM tbl_libro WHERE id_libro='3'; Sun Nov 09 14:31:04 VET 2014]]></LOG><LOG TP='BD'><![CDATA[9/11/2014 -> SELECT respuesta_correcta FROM tbl_preguntas WHERE tx_preguntas='l.lp'; Sun Nov 09 14:31:04 VET 2014]]></LOG><LOG TP='BD'><![CDATA[9/11/2014 -> SELECT resp_incorrecta FROM tbl_resp_inc WHERE id_preguntas='37' and opcion='a'; Sun Nov 09 14:31:04 VET 2014]]></LOG><LOG TP='BD'><![CDATA[9/11/2014 -> SELECT resp_incorrecta FROM tbl_resp_inc WHERE id_preguntas='37' and opcion='b'; Sun Nov 09 14:31:04 VET 2014]]></LOG><LOG TP='BD'><![CDATA[9/11/2014 -> SELECT resp_incorrecta FROM tbl_resp_inc WHERE id_preguntas='37' and opcion='c'; Sun Nov 09 14:31:04 VET 2014]]></LOG><LOG TP='BD'><![CDATA[9/11/2014 -> SELECT resp_incorrecta FROM tbl_resp_inc WHERE id_preguntas='37' and opcion='d'; Sun Nov 09 14:31:04 VET 2014]]></LOG><LOG TP='BD'><![CDATA[9/11/2014 -> SELECT * FROM tbl_libro WHERE nb_libro='Levitico'; Sun Nov 09 14:31:04 VET 2014]]></LOG><LOG TP='BD'><![CDATA[9/11/2014 -> SELECT * FROM tbl_preguntas WHERE tx_preguntas='l.lp'; Sun Nov 09 14:31:04 VET 2014]]></LOG><LOG TP='BD'><![CDATA[9/11/2014 -> UPDATE tbl_preguntas SET tx_preguntas='cambiada',respuesta_correcta='esta',id_etapa='3',id_libro='3' WHERE id_preguntas='37'; Sun Nov 09 14:31:04 VET 2014]]></LOG><LOG TP='BD'><![CDATA[9/11/2014 -> UPDATE tbl_resp_inc SET resp_incorrecta,id_preguntas='esta',opcion=a' WHERE  id_preguntas='37'; Sun Nov 09 14:31:04 VET 2014ERROR= ERROR: error de sintaxis en o cerca de «,»
  Position: 40]]></LOG><LOG TP='BD'><![CDATA[9/11/2014 -> UPDATE tbl_resp_inc SET resp_incorrecta,id_preguntas='no',opcion=b' WHERE  id_preguntas='37'; Sun Nov 09 14:31:04 VET 2014ERROR= ERROR: error de sintaxis en o cerca de «,»
  Position: 40]]></LOG><LOG TP='BD'><![CDATA[9/11/2014 -> UPDATE tbl_resp_inc SET resp_incorrecta,id_preguntas='ya',opcion=c' WHERE  id_preguntas='37'; Sun Nov 09 14:31:04 VET 2014ERROR= ERROR: error de sintaxis en o cerca de «,»
  Position: 40]]></LOG><LOG TP='BD'><![CDATA[9/11/2014 -> UPDATE tbl_resp_inc SET resp_incorrecta,id_preguntas='si',opciond=d' WHERE  id_preguntas='37'; Sun Nov 09 14:31:04 VET 2014ERROR= ERROR: error de sintaxis en o cerca de «,»
  Position: 40]]></LOG><LOG TP='BD'><![CDATA[9/11/2014 -> SELECT * FROM usuarios WHERE tx_login='frejolano' and clave='12345'; Sun Nov 09 14:40:40 VET 2014]]></LOG><LOG TP='BD'><![CDATA[9/11/2014 -> SELECT * FROM usuarios WHERE tx_login='frejolano' and clave='1234'; Sun Nov 09 14:40:40 VET 2014]]></LOG><LOG TP='BD'><![CDATA[9/11/2014 -> SELECT * FROM usuarios WHERE tx_login='frejolano' and clave='1234'; Sun Nov 09 14:40:40 VET 2014]]></LOG><LOG TP='BD'><![CDATA[9/11/2014 -> SELECT * FROM usuarios WHERE tx_login='frejolano' and clave='1234'; Sun Nov 09 14:40:40 VET 2014]]></LOG><LOG TP='BD'><![CDATA[9/11/2014 -> SELECT * FROM tbl_rol_usr WHERE nb_rol_usr='Administrador'; Sun Nov 09 14:40:40 VET 2014]]></LOG><LOG TP='BD'><![CDATA[9/11/2014 -> SELECT * FROM tbl_rol_usr WHERE nb_rol_usr='Estudiante'; Sun Nov 09 14:40:40 VET 2014]]></LOG><LOG TP='BD'><![CDATA[9/11/2014 -> SELECT * FROM tbl_rol_usr WHERE nb_rol_usr='Maestro'; Sun Nov 09 14:40:40 VET 2014]]></LOG><LOG TP='BD'><![CDATA[9/11/2014 -> SELECT * FROM tbl_rol_usr WHERE id_rol_usr=1; Sun Nov 09 14:40:40 VET 2014]]></LOG><LOG TP='BD'><![CDATA[9/11/2014 -> SELECT id_etapa FROM tbl_etapas WHERE nombre_etapa='tercera etapa'; Sun Nov 09 14:40:40 VET 2014]]></LOG><LOG TP='BD'><![CDATA[9/11/2014 -> SELECT * FROM usuarios WHERE tx_login='frejolano' and clave='1234'; Sun Nov 09 14:52:12 VET 2014]]></LOG><LOG TP='BD'><![CDATA[9/11/2014 -> SELECT * FROM usuarios WHERE tx_login='frejolano' and clave='1234'; Sun Nov 09 14:52:12 VET 2014]]></LOG><LOG TP='BD'><![CDATA[9/11/2014 -> SELECT * FROM usuarios WHERE tx_login='frejolano' and clave='1234'; Sun Nov 09 14:52:12 VET 2014]]></LOG><LOG TP='BD'><![CDATA[9/11/2014 -> SELECT * FROM tbl_rol_usr WHERE nb_rol_usr='Administrador'; Sun Nov 09 14:52:12 VET 2014]]></LOG><LOG TP='BD'><![CDATA[9/11/2014 -> SELECT * FROM tbl_rol_usr WHERE nb_rol_usr='Estudiante'; Sun Nov 09 14:52:12 VET 2014]]></LOG><LOG TP='BD'><![CDATA[9/11/2014 -> SELECT * FROM tbl_rol_usr WHERE nb_rol_usr='Maestro'; Sun Nov 09 14:52:12 VET 2014]]></LOG><LOG TP='BD'><![CDATA[9/11/2014 -> SELECT * FROM tbl_rol_usr WHERE id_rol_usr=1; Sun Nov 09 14:52:12 VET 2014]]></LOG><LOG TP='BD'><![CDATA[9/11/2014 -> SELECT id_etapa FROM tbl_etapas WHERE nombre_etapa='tercera etapa'; Sun Nov 09 14:52:12 VET 2014]]></LOG><LOG TP='BD'><![CDATA[9/11/2014 -> SELECT id_preguntas FROM tbl_preguntas WHERE tx_preguntas='cambiada'; Sun Nov 09 14:52:12 VET 2014]]></LOG><LOG TP='BD'><![CDATA[9/11/2014 -> SELECT id_libro FROM tbl_preguntas WHERE tx_preguntas='cambiada'; Sun Nov 09 14:52:12 VET 2014]]></LOG><LOG TP='BD'><![CDATA[9/11/2014 -> SELECT nb_libro FROM tbl_libro WHERE id_libro='3'; Sun Nov 09 14:52:12 VET 2014]]></LOG><LOG TP='BD'><![CDATA[9/11/2014 -> SELECT respuesta_correcta FROM tbl_preguntas WHERE tx_preguntas='cambiada'; Sun Nov 09 14:52:12 VET 2014]]></LOG><LOG TP='BD'><![CDATA[9/11/2014 -> SELECT resp_incorrecta FROM tbl_resp_inc WHERE id_preguntas='37' and opcion='a'; Sun Nov 09 14:52:12 VET 2014]]></LOG><LOG TP='BD'><![CDATA[9/11/2014 -> SELECT resp_incorrecta FROM tbl_resp_inc WHERE id_preguntas='37' and opcion='b'; Sun Nov 09 14:52:12 VET 2014]]></LOG><LOG TP='BD'><![CDATA[9/11/2014 -> SELECT resp_incorrecta FROM tbl_resp_inc WHERE id_preguntas='37' and opcion='c'; Sun Nov 09 14:52:12 VET 2014]]></LOG><LOG TP='BD'><![CDATA[9/11/2014 -> SELECT resp_incorrecta FROM tbl_resp_inc WHERE id_preguntas='37' and opcion='d'; Sun Nov 09 14:52:12 VET 2014]]></LOG><LOG TP='BD'><![CDATA[9/11/2014 -> SELECT * FROM usuarios WHERE tx_login='frejolano' and clave='1234'; Sun Nov 09 14:58:50 VET 2014]]></LOG><LOG TP='BD'><![CDATA[9/11/2014 -> SELECT * FROM usuarios WHERE tx_login='frejolano' and clave='1234'; Sun Nov 09 14:58:50 VET 2014]]></LOG><LOG TP='BD'><![CDATA[9/11/2014 -> SELECT * FROM usuarios WHERE tx_login='frejolano' and clave='1234'; Sun Nov 09 14:58:50 VET 2014]]></LOG><LOG TP='BD'><![CDATA[9/11/2014 -> SELECT * FROM tbl_rol_usr WHERE nb_rol_usr='Administrador'; Sun Nov 09 14:58:50 VET 2014]]></LOG><LOG TP='BD'><![CDATA[9/11/2014 -> SELECT * FROM tbl_rol_usr WHERE nb_rol_usr='Estudiante'; Sun Nov 09 14:58:50 VET 2014]]></LOG><LOG TP='BD'><![CDATA[9/11/2014 -> SELECT * FROM tbl_rol_usr WHERE nb_rol_usr='Maestro'; Sun Nov 09 14:58:50 VET 2014]]></LOG><LOG TP='BD'><![CDATA[9/11/2014 -> SELECT * FROM tbl_rol_usr WHERE id_rol_usr=1; Sun Nov 09 14:58:50 VET 2014]]></LOG><LOG TP='BD'><![CDATA[9/11/2014 -> SELECT id_etapa FROM tbl_etapas WHERE nombre_etapa='tercera etapa'; Sun Nov 09 14:58:50 VET 2014]]></LOG><LOG TP='BD'><![CDATA[9/11/2014 -> SELECT id_preguntas FROM tbl_preguntas WHERE tx_preguntas='cambiada'; Sun Nov 09 14:58:50 VET 2014]]></LOG><LOG TP='BD'><![CDATA[9/11/2014 -> SELECT id_libro FROM tbl_preguntas WHERE tx_preguntas='cambiada'; Sun Nov 09 14:58:50 VET 2014]]></LOG><LOG TP='BD'><![CDATA[9/11/2014 -> SELECT nb_libro FROM tbl_libro WHERE id_libro='3'; Sun Nov 09 14:58:50 VET 2014]]></LOG><LOG TP='BD'><![CDATA[9/11/2014 -> SELECT respuesta_correcta FROM tbl_preguntas WHERE tx_preguntas='cambiada'; Sun Nov 09 14:58:50 VET 2014]]></LOG><LOG TP='BD'><![CDATA[9/11/2014 -> SELECT resp_incorrecta FROM tbl_resp_inc WHERE id_preguntas='37' and opcion='a'; Sun Nov 09 14:58:50 VET 2014]]></LOG><LOG TP='BD'><![CDATA[9/11/2014 -> SELECT resp_incorrecta FROM tbl_resp_inc WHERE id_preguntas='37' and opcion='b'; Sun Nov 09 14:58:50 VET 2014]]></LOG><LOG TP='BD'><![CDATA[9/11/2014 -> SELECT resp_incorrecta FROM tbl_resp_inc WHERE id_preguntas='37' and opcion='c'; Sun Nov 09 14:58:50 VET 2014]]></LOG><LOG TP='BD'><![CDATA[9/11/2014 -> SELECT resp_incorrecta FROM tbl_resp_inc WHERE id_preguntas='37' and opcion='d'; Sun Nov 09 14:58:50 VET 2014]]></LOG><LOG TP='BD'><![CDATA[9/11/2014 -> SELECT id_etapa FROM tbl_etapas WHERE nombre_etapa='tercera etapa'; Sun Nov 09 14:58:50 VET 2014]]></LOG><LOG TP='BD'><![CDATA[9/11/2014 -> SELECT id_preguntas FROM tbl_preguntas WHERE tx_preguntas='cambiada'; Sun Nov 09 14:58:50 VET 2014]]></LOG><LOG TP='BD'><![CDATA[9/11/2014 -> SELECT id_libro FROM tbl_preguntas WHERE tx_preguntas='cambiada'; Sun Nov 09 14:58:50 VET 2014]]></LOG><LOG TP='BD'><![CDATA[9/11/2014 -> SELECT nb_libro FROM tbl_libro WHERE id_libro='3'; Sun Nov 09 14:58:50 VET 2014]]></LOG><LOG TP='BD'><![CDATA[9/11/2014 -> SELECT respuesta_correcta FROM tbl_preguntas WHERE tx_preguntas='cambiada'; Sun Nov 09 14:58:50 VET 2014]]></LOG><LOG TP='BD'><![CDATA[9/11/2014 -> SELECT resp_incorrecta FROM tbl_resp_inc WHERE id_preguntas='37' and opcion='a'; Sun Nov 09 14:58:50 VET 2014]]></LOG><LOG TP='BD'><![CDATA[9/11/2014 -> SELECT resp_incorrecta FROM tbl_resp_inc WHERE id_preguntas='37' and opcion='b'; Sun Nov 09 14:58:50 VET 2014]]></LOG><LOG TP='BD'><![CDATA[9/11/2014 -> SELECT resp_incorrecta FROM tbl_resp_inc WHERE id_preguntas='37' and opcion='c'; Sun Nov 09 14:58:50 VET 2014]]></LOG><LOG TP='BD'><![CDATA[9/11/2014 -> SELECT resp_incorrecta FROM tbl_resp_inc WHERE id_preguntas='37' and opcion='d'; Sun Nov 09 14:58:50 VET 2014]]></LOG><LOG TP='BD'><![CDATA[9/11/2014 -> SELECT * FROM usuarios WHERE tx_login='frejolano' and clave='1234'; Sun Nov 09 15:07:45 VET 2014]]></LOG><LOG TP='BD'><![CDATA[9/11/2014 -> SELECT * FROM usuarios WHERE tx_login='frejolano' and clave='1234'; Sun Nov 09 15:07:45 VET 2014]]></LOG><LOG TP='BD'><![CDATA[9/11/2014 -> SELECT * FROM usuarios WHERE tx_login='frejolano' and clave='1234'; Sun Nov 09 15:07:45 VET 2014]]></LOG><LOG TP='BD'><![CDATA[9/11/2014 -> SELECT * FROM tbl_rol_usr WHERE nb_rol_usr='Administrador'; Sun Nov 09 15:07:45 VET 2014]]></LOG><LOG TP='BD'><![CDATA[9/11/2014 -> SELECT * FROM tbl_rol_usr WHERE nb_rol_usr='Estudiante'; Sun Nov 09 15:07:45 VET 2014]]></LOG><LOG TP='BD'><![CDATA[9/11/2014 -> SELECT * FROM tbl_rol_usr WHERE nb_rol_usr='Maestro'; Sun Nov 09 15:07:45 VET 2014]]></LOG><LOG TP='BD'><![CDATA[9/11/2014 -> SELECT * FROM tbl_rol_usr WHERE id_rol_usr=1; Sun Nov 09 15:07:45 VET 2014]]></LOG><LOG TP='BD'><![CDATA[9/11/2014 -> SELECT id_etapa FROM tbl_etapas WHERE nombre_etapa='tercera etapa'; Sun Nov 09 15:07:45 VET 2014]]></LOG><LOG TP='BD'><![CDATA[9/11/2014 -> SELECT id_preguntas FROM tbl_preguntas WHERE tx_preguntas='cfygvvg'; Sun Nov 09 15:07:45 VET 2014]]></LOG><LOG TP='BD'><![CDATA[9/11/2014 -> SELECT id_libro FROM tbl_preguntas WHERE tx_preguntas='cfygvvg'; Sun Nov 09 15:07:45 VET 2014]]></LOG><LOG TP='BD'><![CDATA[9/11/2014 -> SELECT nb_libro FROM tbl_libro WHERE id_libro='1'; Sun Nov 09 15:07:45 VET 2014]]></LOG><LOG TP='BD'><![CDATA[9/11/2014 -> SELECT respuesta_correcta FROM tbl_preguntas WHERE tx_preguntas='cfygvvg'; Sun Nov 09 15:07:45 VET 2014]]></LOG><LOG TP='BD'><![CDATA[9/11/2014 -> SELECT resp_incorrecta FROM tbl_resp_inc WHERE id_preguntas='24' and opcion='a'; Sun Nov 09 15:07:45 VET 2014]]></LOG><LOG TP='BD'><![CDATA[9/11/2014 -> SELECT id_preguntas FROM tbl_preguntas WHERE tx_preguntas='cambiada'; Sun Nov 09 15:07:45 VET 2014]]></LOG><LOG TP='BD'><![CDATA[9/11/2014 -> SELECT id_libro FROM tbl_preguntas WHERE tx_preguntas='cambiada'; Sun Nov 09 15:07:45 VET 2014]]></LOG><LOG TP='BD'><![CDATA[9/11/2014 -> SELECT nb_libro FROM tbl_libro WHERE id_libro='3'; Sun Nov 09 15:07:45 VET 2014]]></LOG><LOG TP='BD'><![CDATA[9/11/2014 -> SELECT respuesta_correcta FROM tbl_preguntas WHERE tx_preguntas='cambiada'; Sun Nov 09 15:07:45 VET 2014]]></LOG><LOG TP='BD'><![CDATA[9/11/2014 -> SELECT resp_incorrecta FROM tbl_resp_inc WHERE id_preguntas='37' and opcion='a'; Sun Nov 09 15:07:45 VET 2014]]></LOG><LOG TP='BD'><![CDATA[9/11/2014 -> SELECT resp_incorrecta FROM tbl_resp_inc WHERE id_preguntas='37' and opcion='b'; Sun Nov 09 15:07:45 VET 2014]]></LOG><LOG TP='BD'><![CDATA[9/11/2014 -> SELECT resp_incorrecta FROM tbl_resp_inc WHERE id_preguntas='37' and opcion='c'; Sun Nov 09 15:07:45 VET 2014]]></LOG><LOG TP='BD'><![CDATA[9/11/2014 -> SELECT resp_incorrecta FROM tbl_resp_inc WHERE id_preguntas='37' and opcion='d'; Sun Nov 09 15:07:45 VET 2014]]></LOG><LOG TP='BD'><![CDATA[9/11/2014 -> SELECT * FROM tbl_libro WHERE nb_libro='Levitico'; Sun Nov 09 15:07:45 VET 2014]]></LOG><LOG TP='BD'><![CDATA[9/11/2014 -> SELECT * FROM tbl_preguntas WHERE tx_preguntas='cambiada'; Sun Nov 09 15:07:45 VET 2014]]></LOG><LOG TP='BD'><![CDATA[9/11/2014 -> UPDATE tbl_preguntas SET tx_preguntas='cambiada',respuesta_correcta='ya',id_etapa='3',id_libro='3' WHERE id_preguntas='37'; Sun Nov 09 15:07:45 VET 2014]]></LOG><LOG TP='BD'><![CDATA[9/11/2014 -> UPDATE tbl_resp_inc SET resp_incorrecta='ñpfgvg',opcion=a' WHERE  id_preguntas='37'; Sun Nov 09 15:07:45 VET 2014ERROR= ERROR: error de sintaxis en o cerca de «37»
  Position: 81]]></LOG><LOG TP='BD'><![CDATA[9/11/2014 -> UPDATE tbl_resp_inc SET resp_incorrecta='ñpñ',opcion=b' WHERE  id_preguntas='37'; Sun Nov 09 15:07:45 VET 2014ERROR= ERROR: error de sintaxis en o cerca de «37»
  Position: 78]]></LOG><LOG TP='BD'><![CDATA[9/11/2014 -> UPDATE tbl_resp_inc SET resp_incorrecta='ñpñooo',opcion=c' WHERE  id_preguntas='37'; Sun Nov 09 15:07:45 VET 2014ERROR= ERROR: error de sintaxis en o cerca de «37»
  Position: 81]]></LOG><LOG TP='BD'><![CDATA[9/11/2014 -> UPDATE tbl_resp_inc SET resp_incorrecta='ya',opciond=d' WHERE  id_preguntas='37'; Sun Nov 09 15:07:45 VET 2014ERROR= ERROR: error de sintaxis en o cerca de «37»
  Position: 78]]></LOG><LOG TP='BD'><![CDATA[9/11/2014 -> SELECT id_etapa FROM tbl_etapas WHERE nombre_etapa='segunda etapa'; Sun Nov 09 15:07:45 VET 2014]]></LOG><LOG TP='BD'><![CDATA[9/11/2014 -> SELECT id_etapa FROM tbl_etapas WHERE nombre_etapa='tercera etapa'; Sun Nov 09 15:07:45 VET 2014]]></LOG><LOG TP='BD'><![CDATA[9/11/2014 -> SELECT * FROM usuarios WHERE tx_login='frejolano' and clave='1234'; Sun Nov 09 15:12:42 VET 2014]]></LOG><LOG TP='BD'><![CDATA[9/11/2014 -> SELECT * FROM usuarios WHERE tx_login='frejolano' and clave='1234'; Sun Nov 09 15:12:42 VET 2014]]></LOG><LOG TP='BD'><![CDATA[9/11/2014 -> SELECT * FROM usuarios WHERE tx_login='frejolano' and clave='1234'; Sun Nov 09 15:12:42 VET 2014]]></LOG><LOG TP='BD'><![CDATA[9/11/2014 -> SELECT * FROM tbl_rol_usr WHERE nb_rol_usr='Administrador'; Sun Nov 09 15:12:42 VET 2014]]></LOG><LOG TP='BD'><![CDATA[9/11/2014 -> SELECT * FROM tbl_rol_usr WHERE nb_rol_usr='Estudiante'; Sun Nov 09 15:12:42 VET 2014]]></LOG><LOG TP='BD'><![CDATA[9/11/2014 -> SELECT * FROM tbl_rol_usr WHERE nb_rol_usr='Maestro'; Sun Nov 09 15:12:42 VET 2014]]></LOG><LOG TP='BD'><![CDATA[9/11/2014 -> SELECT * FROM tbl_rol_usr WHERE id_rol_usr=1; Sun Nov 09 15:12:42 VET 2014]]></LOG><LOG TP='BD'><![CDATA[9/11/2014 -> SELECT id_etapa FROM tbl_etapas WHERE nombre_etapa='tercera etapa'; Sun Nov 09 15:12:42 VET 2014]]></LOG><LOG TP='BD'><![CDATA[9/11/2014 -> SELECT id_preguntas FROM tbl_preguntas WHERE tx_preguntas='cambiada'; Sun Nov 09 15:12:42 VET 2014]]></LOG><LOG TP='BD'><![CDATA[9/11/2014 -> SELECT id_libro FROM tbl_preguntas WHERE tx_preguntas='cambiada'; Sun Nov 09 15:12:42 VET 2014]]></LOG><LOG TP='BD'><![CDATA[9/11/2014 -> SELECT nb_libro FROM tbl_libro WHERE id_libro='3'; Sun Nov 09 15:12:42 VET 2014]]></LOG><LOG TP='BD'><![CDATA[9/11/2014 -> SELECT respuesta_correcta FROM tbl_preguntas WHERE tx_preguntas='cambiada'; Sun Nov 09 15:12:42 VET 2014]]></LOG><LOG TP='BD'><![CDATA[9/11/2014 -> SELECT resp_incorrecta FROM tbl_resp_inc WHERE id_preguntas='37' and opcion='a'; Sun Nov 09 15:12:42 VET 2014]]></LOG><LOG TP='BD'><![CDATA[9/11/2014 -> SELECT resp_incorrecta FROM tbl_resp_inc WHERE id_preguntas='37' and opcion='b'; Sun Nov 09 15:12:42 VET 2014]]></LOG><LOG TP='BD'><![CDATA[9/11/2014 -> SELECT resp_incorrecta FROM tbl_resp_inc WHERE id_preguntas='37' and opcion='c'; Sun Nov 09 15:12:42 VET 2014]]></LOG><LOG TP='BD'><![CDATA[9/11/2014 -> SELECT resp_incorrecta FROM tbl_resp_inc WHERE id_preguntas='37' and opcion='d'; Sun Nov 09 15:12:42 VET 2014]]></LOG><LOG TP='BD'><![CDATA[9/11/2014 -> SELECT * FROM tbl_libro WHERE nb_libro='Levitico'; Sun Nov 09 15:12:42 VET 2014]]></LOG><LOG TP='BD'><![CDATA[9/11/2014 -> SELECT * FROM tbl_preguntas WHERE tx_preguntas='cambiada'; Sun Nov 09 15:12:42 VET 2014]]></LOG><LOG TP='BD'><![CDATA[9/11/2014 -> UPDATE tbl_preguntas SET tx_preguntas='cambiada2',respuesta_correcta='ya',id_etapa='3',id_libro='3' WHERE id_preguntas='37'; Sun Nov 09 15:12:42 VET 2014]]></LOG><LOG TP='BD'><![CDATA[9/11/2014 -> UPDATE tbl_resp_inc SET resp_incorrecta='listo',opcion=a' WHERE  id_preguntas='37'; Sun Nov 09 15:12:42 VET 2014ERROR= ERROR: error de sintaxis en o cerca de «37»
  Position: 80]]></LOG><LOG TP='BD'><![CDATA[9/11/2014 -> UPDATE tbl_resp_inc SET resp_incorrecta='ya',opcion=b' WHERE  id_preguntas='37'; Sun Nov 09 15:12:42 VET 2014ERROR= ERROR: error de sintaxis en o cerca de «37»
  Position: 77]]></LOG><LOG TP='BD'><![CDATA[9/11/2014 -> UPDATE tbl_resp_inc SET resp_incorrecta='ñpñooo',opcion=c' WHERE  id_preguntas='37'; Sun Nov 09 15:12:42 VET 2014ERROR= ERROR: error de sintaxis en o cerca de «37»
  Position: 81]]></LOG><LOG TP='BD'><![CDATA[9/11/2014 -> UPDATE tbl_resp_inc SET resp_incorrecta='pñpppññp',opciond=d' WHERE  id_preguntas='37'; Sun Nov 09 15:12:42 VET 2014ERROR= ERROR: error de sintaxis en o cerca de «37»
  Position: 84]]></LOG><LOG TP='BD'><![CDATA[9/11/2014 -> SELECT * FROM usuarios WHERE tx_login='frejolano' and clave='12345'; Sun Nov 09 15:29:43 VET 2014]]></LOG><LOG TP='BD'><![CDATA[9/11/2014 -> SELECT * FROM usuarios WHERE tx_login='frejolano' and clave='1234'; Sun Nov 09 15:29:43 VET 2014]]></LOG><LOG TP='BD'><![CDATA[9/11/2014 -> SELECT * FROM usuarios WHERE tx_login='frejolano' and clave='1234'; Sun Nov 09 15:29:43 VET 2014]]></LOG><LOG TP='BD'><![CDATA[9/11/2014 -> SELECT * FROM usuarios WHERE tx_login='frejolano' and clave='1234'; Sun Nov 09 15:29:43 VET 2014]]></LOG><LOG TP='BD'><![CDATA[9/11/2014 -> SELECT * FROM tbl_rol_usr WHERE nb_rol_usr='Administrador'; Sun Nov 09 15:29:43 VET 2014]]></LOG><LOG TP='BD'><![CDATA[9/11/2014 -> SELECT * FROM tbl_rol_usr WHERE nb_rol_usr='Estudiante'; Sun Nov 09 15:29:43 VET 2014]]></LOG><LOG TP='BD'><![CDATA[9/11/2014 -> SELECT * FROM tbl_rol_usr WHERE nb_rol_usr='Maestro'; Sun Nov 09 15:29:43 VET 2014]]></LOG><LOG TP='BD'><![CDATA[9/11/2014 -> SELECT * FROM tbl_rol_usr WHERE id_rol_usr=1; Sun Nov 09 15:29:43 VET 2014]]></LOG><LOG TP='BD'><![CDATA[9/11/2014 -> SELECT id_etapa FROM tbl_etapas WHERE nombre_etapa='tercera etapa'; Sun Nov 09 15:29:43 VET 2014]]></LOG><LOG TP='BD'><![CDATA[9/11/2014 -> SELECT id_preguntas FROM tbl_preguntas WHERE tx_preguntas='cambiada2'; Sun Nov 09 15:29:43 VET 2014]]></LOG><LOG TP='BD'><![CDATA[9/11/2014 -> SELECT id_libro FROM tbl_preguntas WHERE tx_preguntas='cambiada2'; Sun Nov 09 15:29:43 VET 2014]]></LOG><LOG TP='BD'><![CDATA[9/11/2014 -> SELECT nb_libro FROM tbl_libro WHERE id_libro='3'; Sun Nov 09 15:29:43 VET 2014]]></LOG><LOG TP='BD'><![CDATA[9/11/2014 -> SELECT respuesta_correcta FROM tbl_preguntas WHERE tx_preguntas='cambiada2'; Sun Nov 09 15:29:43 VET 2014]]></LOG><LOG TP='BD'><![CDATA[9/11/2014 -> SELECT resp_incorrecta FROM tbl_resp_inc WHERE id_preguntas='37' and opcion='a'; Sun Nov 09 15:29:43 VET 2014]]></LOG><LOG TP='BD'><![CDATA[9/11/2014 -> SELECT resp_incorrecta FROM tbl_resp_inc WHERE id_preguntas='37' and opcion='b'; Sun Nov 09 15:29:43 VET 2014]]></LOG><LOG TP='BD'><![CDATA[9/11/2014 -> SELECT resp_incorrecta FROM tbl_resp_inc WHERE id_preguntas='37' and opcion='c'; Sun Nov 09 15:29:43 VET 2014]]></LOG><LOG TP='BD'><![CDATA[9/11/2014 -> SELECT resp_incorrecta FROM tbl_resp_inc WHERE id_preguntas='37' and opcion='d'; Sun Nov 09 15:29:43 VET 2014]]></LOG><LOG TP='BD'><![CDATA[9/11/2014 -> SELECT * FROM tbl_libro WHERE nb_libro='Levitico'; Sun Nov 09 15:29:43 VET 2014]]></LOG><LOG TP='BD'><![CDATA[9/11/2014 -> SELECT * FROM tbl_preguntas WHERE tx_preguntas='cambiada2'; Sun Nov 09 15:29:43 VET 2014]]></LOG><LOG TP='BD'><![CDATA[9/11/2014 -> UPDATE tbl_preguntas SET tx_preguntas='cambiada2',respuesta_correcta='listo',id_etapa='3',id_libro='3' WHERE id_preguntas='37'; Sun Nov 09 15:29:43 VET 2014]]></LOG><LOG TP='BD'><![CDATA[9/11/2014 -> UPDATE tbl_resp_inc SET resp_incorrecta='ñpsdf',opcion=a WHERE  id_preguntas='37'; Sun Nov 09 15:29:43 VET 2014ERROR= ERROR: no existe la columna «a»
  Position: 56]]></LOG><LOG TP='BD'><![CDATA[9/11/2014 -> UPDATE tbl_resp_inc SET resp_incorrecta='listo',opcion=b WHERE  id_preguntas='37'; Sun Nov 09 15:29:43 VET 2014ERROR= ERROR: no existe la columna «b»
  Position: 56]]></LOG><LOG TP='BD'><![CDATA[9/11/2014 -> UPDATE tbl_resp_inc SET resp_incorrecta='ñpñooo',opcion=c WHERE  id_preguntas='37'; Sun Nov 09 15:29:43 VET 2014ERROR= ERROR: no existe la columna «c»
  Position: 57]]></LOG><LOG TP='BD'><![CDATA[9/11/2014 -> UPDATE tbl_resp_inc SET resp_incorrecta='pñpppññp',opcion=d WHERE  id_preguntas='37'; Sun Nov 09 15:29:43 VET 2014ERROR= ERROR: no existe la columna «d»
  Position: 59]]></LOG><LOG TP='BD'><![CDATA[9/11/2014 -> SELECT * FROM usuarios WHERE tx_login='frejolano' and clave='12345'; Sun Nov 09 15:42:18 VET 2014]]></LOG><LOG TP='BD'><![CDATA[9/11/2014 -> SELECT * FROM usuarios WHERE tx_login='frejolano' and clave='1234'; Sun Nov 09 15:42:18 VET 2014]]></LOG><LOG TP='BD'><![CDATA[9/11/2014 -> SELECT * FROM usuarios WHERE tx_login='frejolano' and clave='1234'; Sun Nov 09 15:42:18 VET 2014]]></LOG><LOG TP='BD'><![CDATA[9/11/2014 -> SELECT * FROM usuarios WHERE tx_login='frejolano' and clave='1234'; Sun Nov 09 15:42:18 VET 2014]]></LOG><LOG TP='BD'><![CDATA[9/11/2014 -> SELECT * FROM tbl_rol_usr WHERE nb_rol_usr='Administrador'; Sun Nov 09 15:42:18 VET 2014]]></LOG><LOG TP='BD'><![CDATA[9/11/2014 -> SELECT * FROM tbl_rol_usr WHERE nb_rol_usr='Estudiante'; Sun Nov 09 15:42:18 VET 2014]]></LOG><LOG TP='BD'><![CDATA[9/11/2014 -> SELECT * FROM tbl_rol_usr WHERE nb_rol_usr='Maestro'; Sun Nov 09 15:42:18 VET 2014]]></LOG><LOG TP='BD'><![CDATA[9/11/2014 -> SELECT * FROM tbl_rol_usr WHERE id_rol_usr=1; Sun Nov 09 15:42:18 VET 2014]]></LOG><LOG TP='BD'><![CDATA[9/11/2014 -> SELECT id_etapa FROM tbl_etapas WHERE nombre_etapa='tercera etapa'; Sun Nov 09 15:42:18 VET 2014]]></LOG><LOG TP='BD'><![CDATA[9/11/2014 -> SELECT id_preguntas FROM tbl_preguntas WHERE tx_preguntas='cambiada2'; Sun Nov 09 15:42:18 VET 2014]]></LOG><LOG TP='BD'><![CDATA[9/11/2014 -> SELECT id_libro FROM tbl_preguntas WHERE tx_preguntas='cambiada2'; Sun Nov 09 15:42:18 VET 2014]]></LOG><LOG TP='BD'><![CDATA[9/11/2014 -> SELECT nb_libro FROM tbl_libro WHERE id_libro='3'; Sun Nov 09 15:42:18 VET 2014]]></LOG><LOG TP='BD'><![CDATA[9/11/2014 -> SELECT respuesta_correcta FROM tbl_preguntas WHERE tx_preguntas='cambiada2'; Sun Nov 09 15:42:18 VET 2014]]></LOG><LOG TP='BD'><![CDATA[9/11/2014 -> SELECT resp_incorrecta FROM tbl_resp_inc WHERE id_preguntas='37' and opcion='a'; Sun Nov 09 15:42:18 VET 2014]]></LOG><LOG TP='BD'><![CDATA[9/11/2014 -> SELECT resp_incorrecta FROM tbl_resp_inc WHERE id_preguntas='37' and opcion='b'; Sun Nov 09 15:42:18 VET 2014]]></LOG><LOG TP='BD'><![CDATA[9/11/2014 -> SELECT resp_incorrecta FROM tbl_resp_inc WHERE id_preguntas='37' and opcion='c'; Sun Nov 09 15:42:18 VET 2014]]></LOG><LOG TP='BD'><![CDATA[9/11/2014 -> SELECT resp_incorrecta FROM tbl_resp_inc WHERE id_preguntas='37' and opcion='d'; Sun Nov 09 15:42:18 VET 2014]]></LOG><LOG TP='BD'><![CDATA[9/11/2014 -> SELECT * FROM tbl_libro WHERE nb_libro='Levitico'; Sun Nov 09 15:42:18 VET 2014]]></LOG><LOG TP='BD'><![CDATA[9/11/2014 -> SELECT * FROM tbl_preguntas WHERE tx_preguntas='cambiada2'; Sun Nov 09 15:42:18 VET 2014]]></LOG><LOG TP='BD'><![CDATA[9/11/2014 -> UPDATE tbl_preguntas SET tx_preguntas='cambiada2',respuesta_correcta='por fin',id_etapa='3',id_libro='3' WHERE id_preguntas='37'; Sun Nov 09 15:42:18 VET 2014]]></LOG><LOG TP='BD'><![CDATA[9/11/2014 -> UPDATE tbl_resp_inc SET resp_incorrecta='ya',opcion='a' WHERE  id_preguntas='37'; Sun Nov 09 15:42:18 VET 2014]]></LOG><LOG TP='BD'><![CDATA[9/11/2014 -> UPDATE tbl_resp_inc SET resp_incorrecta='lo',opcion='b' WHERE  id_preguntas='37'; Sun Nov 09 15:42:18 VET 2014]]></LOG><LOG TP='BD'><![CDATA[9/11/2014 -> UPDATE tbl_resp_inc SET resp_incorrecta='cambie',opcion='c' WHERE  id_preguntas='37'; Sun Nov 09 15:42:18 VET 2014]]></LOG><LOG TP='BD'><![CDATA[9/11/2014 -> UPDATE tbl_resp_inc SET resp_incorrecta='por fin',opcion='d' WHERE  id_preguntas='37'; Sun Nov 09 15:42:18 VET 2014]]></LOG><LOG TP='BD'><![CDATA[9/11/2014 -> SELECT * FROM usuarios WHERE tx_login='frejolano' and clave='12345'; Sun Nov 09 15:55:03 VET 2014]]></LOG><LOG TP='BD'><![CDATA[9/11/2014 -> SELECT * FROM usuarios WHERE tx_login='frejolano' and clave='1234'; Sun Nov 09 15:55:03 VET 2014]]></LOG><LOG TP='BD'><![CDATA[9/11/2014 -> SELECT * FROM usuarios WHERE tx_login='frejolano' and clave='1234'; Sun Nov 09 15:55:03 VET 2014]]></LOG><LOG TP='BD'><![CDATA[9/11/2014 -> SELECT * FROM usuarios WHERE tx_login='frejolano' and clave='1234'; Sun Nov 09 15:55:03 VET 2014]]></LOG><LOG TP='BD'><![CDATA[9/11/2014 -> SELECT * FROM tbl_rol_usr WHERE nb_rol_usr='Administrador'; Sun Nov 09 15:55:03 VET 2014]]></LOG><LOG TP='BD'><![CDATA[9/11/2014 -> SELECT * FROM tbl_rol_usr WHERE nb_rol_usr='Estudiante'; Sun Nov 09 15:55:03 VET 2014]]></LOG><LOG TP='BD'><![CDATA[9/11/2014 -> SELECT * FROM tbl_rol_usr WHERE nb_rol_usr='Maestro'; Sun Nov 09 15:55:03 VET 2014]]></LOG><LOG TP='BD'><![CDATA[9/11/2014 -> SELECT * FROM tbl_rol_usr WHERE id_rol_usr=1; Sun Nov 09 15:55:03 VET 2014]]></LOG><LOG TP='BD'><![CDATA[9/11/2014 -> SELECT id_etapa FROM tbl_etapas WHERE nombre_etapa='tercera etapa'; Sun Nov 09 15:55:03 VET 2014]]></LOG><LOG TP='BD'><![CDATA[9/11/2014 -> SELECT id_preguntas FROM tbl_preguntas WHERE tx_preguntas='cambiada2'; Sun Nov 09 15:55:03 VET 2014]]></LOG><LOG TP='BD'><![CDATA[9/11/2014 -> SELECT id_libro FROM tbl_preguntas WHERE tx_preguntas='cambiada2'; Sun Nov 09 15:55:03 VET 2014]]></LOG><LOG TP='BD'><![CDATA[9/11/2014 -> SELECT nb_libro FROM tbl_libro WHERE id_libro='3'; Sun Nov 09 15:55:03 VET 2014]]></LOG><LOG TP='BD'><![CDATA[9/11/2014 -> SELECT respuesta_correcta FROM tbl_preguntas WHERE tx_preguntas='cambiada2'; Sun Nov 09 15:55:03 VET 2014]]></LOG><LOG TP='BD'><![CDATA[9/11/2014 -> SELECT resp_incorrecta FROM tbl_resp_inc WHERE id_preguntas='37' and opcion='a'; Sun Nov 09 15:55:03 VET 2014]]></LOG><LOG TP='BD'><![CDATA[9/11/2014 -> SELECT resp_incorrecta FROM tbl_resp_inc WHERE id_preguntas='37' and opcion='b'; Sun Nov 09 15:55:03 VET 2014]]></LOG><LOG TP='BD'><![CDATA[9/11/2014 -> SELECT resp_incorrecta FROM tbl_resp_inc WHERE id_preguntas='37' and opcion='c'; Sun Nov 09 15:55:03 VET 2014]]></LOG><LOG TP='BD'><![CDATA[9/11/2014 -> SELECT resp_incorrecta FROM tbl_resp_inc WHERE id_preguntas='37' and opcion='d'; Sun Nov 09 15:55:03 VET 2014]]></LOG><LOG TP='BD'><![CDATA[9/11/2014 -> SELECT * FROM tbl_libro WHERE nb_libro='Levitico'; Sun Nov 09 15:55:03 VET 2014]]></LOG><LOG TP='BD'><![CDATA[9/11/2014 -> SELECT * FROM tbl_preguntas WHERE tx_preguntas='cambiada2'; Sun Nov 09 15:55:03 VET 2014]]></LOG><LOG TP='BD'><![CDATA[9/11/2014 -> UPDATE tbl_preguntas SET tx_preguntas='cambiada2',respuesta_correcta='lo hice',id_etapa='3',id_libro='3' WHERE id_preguntas='37'; Sun Nov 09 15:55:03 VET 2014]]></LOG><LOG TP='BD'><![CDATA[9/11/2014 -> UPDATE tbl_resp_inc SET resp_incorrecta='listo',opcion='a' WHERE  id_preguntas='37'and opcion='a'; Sun Nov 09 15:55:03 VET 2014]]></LOG><LOG TP='BD'><![CDATA[9/11/2014 -> UPDATE tbl_resp_inc SET resp_incorrecta='termine',opcion='b' WHERE  id_preguntas='37'and opcion='a'; Sun Nov 09 15:55:03 VET 2014]]></LOG><LOG TP='BD'><![CDATA[9/11/2014 -> UPDATE tbl_resp_inc SET resp_incorrecta='lo hice',opcion='c' WHERE  id_preguntas='37'and opcion='a'; Sun Nov 09 15:55:03 VET 2014]]></LOG><LOG TP='BD'><![CDATA[9/11/2014 -> UPDATE tbl_resp_inc SET resp_incorrecta='ya',opcion='d' WHERE  id_preguntas='37'and opcion='a'; Sun Nov 09 15:55:03 VET 2014]]></LOG><LOG TP='BD'><![CDATA[9/11/2014 -> SELECT id_preguntas FROM tbl_preguntas WHERE tx_preguntas='cambiada2'; Sun Nov 09 15:55:03 VET 2014]]></LOG><LOG TP='BD'><![CDATA[9/11/2014 -> SELECT id_libro FROM tbl_preguntas WHERE tx_preguntas='cambiada2'; Sun Nov 09 15:55:03 VET 2014]]></LOG><LOG TP='BD'><![CDATA[9/11/2014 -> SELECT nb_libro FROM tbl_libro WHERE id_libro='3'; Sun Nov 09 15:55:03 VET 2014]]></LOG><LOG TP='BD'><![CDATA[9/11/2014 -> SELECT respuesta_correcta FROM tbl_preguntas WHERE tx_preguntas='cambiada2'; Sun Nov 09 15:55:03 VET 2014]]></LOG><LOG TP='BD'><![CDATA[9/11/2014 -> SELECT resp_incorrecta FROM tbl_resp_inc WHERE id_preguntas='37' and opcion='a'; Sun Nov 09 15:55:03 VET 2014]]></LOG><LOG TP='BD'><![CDATA[9/11/2014 -> SELECT * FROM usuarios WHERE tx_login='frejolano' and clave='1234'; Sun Nov 09 15:58:12 VET 2014]]></LOG><LOG TP='BD'><![CDATA[9/11/2014 -> SELECT * FROM usuarios WHERE tx_login='frejolano' and clave='1234'; Sun Nov 09 15:58:12 VET 2014]]></LOG><LOG TP='BD'><![CDATA[9/11/2014 -> SELECT * FROM usuarios WHERE tx_login='frejolano' and clave='1234'; Sun Nov 09 15:58:12 VET 2014]]></LOG><LOG TP='BD'><![CDATA[9/11/2014 -> SELECT * FROM tbl_rol_usr WHERE nb_rol_usr='Administrador'; Sun Nov 09 15:58:12 VET 2014]]></LOG><LOG TP='BD'><![CDATA[9/11/2014 -> SELECT * FROM tbl_rol_usr WHERE nb_rol_usr='Estudiante'; Sun Nov 09 15:58:12 VET 2014]]></LOG><LOG TP='BD'><![CDATA[9/11/2014 -> SELECT * FROM tbl_rol_usr WHERE nb_rol_usr='Maestro'; Sun Nov 09 15:58:12 VET 2014]]></LOG><LOG TP='BD'><![CDATA[9/11/2014 -> SELECT * FROM tbl_rol_usr WHERE id_rol_usr=1; Sun Nov 09 15:58:12 VET 2014]]></LOG><LOG TP='BD'><![CDATA[9/11/2014 -> SELECT id_etapa FROM tbl_etapas WHERE nombre_etapa='tercera etapa'; Sun Nov 09 15:58:12 VET 2014]]></LOG><LOG TP='BD'><![CDATA[9/11/2014 -> SELECT id_preguntas FROM tbl_preguntas WHERE tx_preguntas='cambiada2'; Sun Nov 09 15:58:12 VET 2014]]></LOG><LOG TP='BD'><![CDATA[9/11/2014 -> SELECT id_libro FROM tbl_preguntas WHERE tx_preguntas='cambiada2'; Sun Nov 09 15:58:12 VET 2014]]></LOG><LOG TP='BD'><![CDATA[9/11/2014 -> SELECT nb_libro FROM tbl_libro WHERE id_libro='3'; Sun Nov 09 15:58:12 VET 2014]]></LOG><LOG TP='BD'><![CDATA[9/11/2014 -> SELECT respuesta_correcta FROM tbl_preguntas WHERE tx_preguntas='cambiada2'; Sun Nov 09 15:58:12 VET 2014]]></LOG><LOG TP='BD'><![CDATA[9/11/2014 -> SELECT resp_incorrecta FROM tbl_resp_inc WHERE id_preguntas='37' and opcion='a'; Sun Nov 09 15:58:12 VET 2014]]></LOG><LOG TP='BD'><![CDATA[9/11/2014 -> SELECT resp_incorrecta FROM tbl_resp_inc WHERE id_preguntas='37' and opcion='b'; Sun Nov 09 15:58:12 VET 2014]]></LOG><LOG TP='BD'><![CDATA[9/11/2014 -> SELECT resp_incorrecta FROM tbl_resp_inc WHERE id_preguntas='37' and opcion='c'; Sun Nov 09 15:58:12 VET 2014]]></LOG><LOG TP='BD'><![CDATA[9/11/2014 -> SELECT resp_incorrecta FROM tbl_resp_inc WHERE id_preguntas='37' and opcion='d'; Sun Nov 09 15:58:12 VET 2014]]></LOG><LOG TP='BD'><![CDATA[9/11/2014 -> SELECT * FROM tbl_libro WHERE nb_libro='Levitico'; Sun Nov 09 15:58:12 VET 2014]]></LOG><LOG TP='BD'><![CDATA[9/11/2014 -> SELECT * FROM tbl_preguntas WHERE tx_preguntas='cambiada2'; Sun Nov 09 15:58:12 VET 2014]]></LOG><LOG TP='BD'><![CDATA[9/11/2014 -> UPDATE tbl_preguntas SET tx_preguntas='cambiada2',respuesta_correcta='lo hice',id_etapa='3',id_libro='3' WHERE id_preguntas='37'; Sun Nov 09 15:58:12 VET 2014]]></LOG><LOG TP='BD'><![CDATA[9/11/2014 -> UPDATE tbl_resp_inc SET resp_incorrecta='termine',opcion='a' WHERE  id_preguntas='37'and opcion='a'; Sun Nov 09 15:58:12 VET 2014]]></LOG><LOG TP='BD'><![CDATA[9/11/2014 -> UPDATE tbl_resp_inc SET resp_incorrecta='lo hice',opcion='b' WHERE  id_preguntas='37'and opcion='b'; Sun Nov 09 15:58:12 VET 2014]]></LOG><LOG TP='BD'><![CDATA[9/11/2014 -> UPDATE tbl_resp_inc SET resp_incorrecta='ya',opcion='c' WHERE  id_preguntas='37'and opcion='c'; Sun Nov 09 15:58:12 VET 2014]]></LOG><LOG TP='BD'><![CDATA[9/11/2014 -> UPDATE tbl_resp_inc SET resp_incorrecta='listo',opcion='d' WHERE  id_preguntas='37'and opcion='d'; Sun Nov 09 15:58:12 VET 2014]]></LOG><LOG TP='BD'><![CDATA[9/11/2014 -> SELECT id_preguntas FROM tbl_preguntas WHERE tx_preguntas='cambiada2'; Sun Nov 09 15:58:12 VET 2014]]></LOG><LOG TP='BD'><![CDATA[9/11/2014 -> SELECT id_libro FROM tbl_preguntas WHERE tx_preguntas='cambiada2'; Sun Nov 09 15:58:12 VET 2014]]></LOG><LOG TP='BD'><![CDATA[9/11/2014 -> SELECT nb_libro FROM tbl_libro WHERE id_libro='3'; Sun Nov 09 15:58:12 VET 2014]]></LOG><LOG TP='BD'><![CDATA[9/11/2014 -> SELECT respuesta_correcta FROM tbl_preguntas WHERE tx_preguntas='cambiada2'; Sun Nov 09 15:58:12 VET 2014]]></LOG><LOG TP='BD'><![CDATA[9/11/2014 -> SELECT resp_incorrecta FROM tbl_resp_inc WHERE id_preguntas='37' and opcion='a'; Sun Nov 09 15:58:12 VET 2014]]></LOG><LOG TP='BD'><![CDATA[9/11/2014 -> SELECT resp_incorrecta FROM tbl_resp_inc WHERE id_preguntas='37' and opcion='b'; Sun Nov 09 15:58:12 VET 2014]]></LOG><LOG TP='BD'><![CDATA[9/11/2014 -> SELECT resp_incorrecta FROM tbl_resp_inc WHERE id_preguntas='37' and opcion='c'; Sun Nov 09 15:58:12 VET 2014]]></LOG><LOG TP='BD'><![CDATA[9/11/2014 -> SELECT resp_incorrecta FROM tbl_resp_inc WHERE id_preguntas='37' and opcion='d'; Sun Nov 09 15:58:12 VET 2014]]></LOG><LOG TP='BD'><![CDATA[9/11/2014 -> SELECT * FROM usuarios WHERE tx_login='frejolano' and clave='1234'; Sun Nov 09 16:01:54 VET 2014]]></LOG><LOG TP='BD'><![CDATA[9/11/2014 -> SELECT * FROM usuarios WHERE tx_login='frejolano' and clave='1234'; Sun Nov 09 16:01:54 VET 2014]]></LOG><LOG TP='BD'><![CDATA[9/11/2014 -> SELECT * FROM usuarios WHERE tx_login='frejolano' and clave='1234'; Sun Nov 09 16:01:54 VET 2014]]></LOG><LOG TP='BD'><![CDATA[9/11/2014 -> SELECT * FROM tbl_rol_usr WHERE nb_rol_usr='Administrador'; Sun Nov 09 16:01:54 VET 2014]]></LOG><LOG TP='BD'><![CDATA[9/11/2014 -> SELECT * FROM tbl_rol_usr WHERE nb_rol_usr='Estudiante'; Sun Nov 09 16:01:54 VET 2014]]></LOG><LOG TP='BD'><![CDATA[9/11/2014 -> SELECT * FROM tbl_rol_usr WHERE nb_rol_usr='Maestro'; Sun Nov 09 16:01:54 VET 2014]]></LOG><LOG TP='BD'><![CDATA[9/11/2014 -> SELECT * FROM tbl_rol_usr WHERE id_rol_usr=1; Sun Nov 09 16:01:54 VET 2014]]></LOG><LOG TP='BD'><![CDATA[9/11/2014 -> SELECT id_etapa FROM tbl_etapas WHERE nombre_etapa='tercera etapa'; Sun Nov 09 16:01:54 VET 2014]]></LOG><LOG TP='BD'><![CDATA[9/11/2014 -> SELECT id_preguntas FROM tbl_preguntas WHERE tx_preguntas='cambiada2'; Sun Nov 09 16:01:54 VET 2014]]></LOG><LOG TP='BD'><![CDATA[9/11/2014 -> SELECT id_libro FROM tbl_preguntas WHERE tx_preguntas='cambiada2'; Sun Nov 09 16:01:54 VET 2014]]></LOG><LOG TP='BD'><![CDATA[9/11/2014 -> SELECT nb_libro FROM tbl_libro WHERE id_libro='3'; Sun Nov 09 16:01:54 VET 2014]]></LOG><LOG TP='BD'><![CDATA[9/11/2014 -> SELECT respuesta_correcta FROM tbl_preguntas WHERE tx_preguntas='cambiada2'; Sun Nov 09 16:01:54 VET 2014]]></LOG><LOG TP='BD'><![CDATA[9/11/2014 -> SELECT resp_incorrecta FROM tbl_resp_inc WHERE id_preguntas='37' and opcion='a'; Sun Nov 09 16:01:54 VET 2014]]></LOG><LOG TP='BD'><![CDATA[9/11/2014 -> SELECT resp_incorrecta FROM tbl_resp_inc WHERE id_preguntas='37' and opcion='b'; Sun Nov 09 16:01:54 VET 2014]]></LOG><LOG TP='BD'><![CDATA[9/11/2014 -> SELECT resp_incorrecta FROM tbl_resp_inc WHERE id_preguntas='37' and opcion='c'; Sun Nov 09 16:01:54 VET 2014]]></LOG><LOG TP='BD'><![CDATA[9/11/2014 -> SELECT resp_incorrecta FROM tbl_resp_inc WHERE id_preguntas='37' and opcion='d'; Sun Nov 09 16:01:54 VET 2014]]></LOG><LOG TP='BD'><![CDATA[9/11/2014 -> SELECT * FROM tbl_libro WHERE nb_libro='Levitico'; Sun Nov 09 16:01:54 VET 2014]]></LOG><LOG TP='BD'><![CDATA[9/11/2014 -> SELECT * FROM tbl_preguntas WHERE tx_preguntas='cambiada2'; Sun Nov 09 16:01:54 VET 2014]]></LOG><LOG TP='BD'><![CDATA[9/11/2014 -> UPDATE tbl_preguntas SET tx_preguntas='cambiada2',respuesta_correcta='ya',id_etapa='3',id_libro='3' WHERE id_preguntas='37'; Sun Nov 09 16:01:54 VET 2014]]></LOG><LOG TP='BD'><![CDATA[9/11/2014 -> UPDATE tbl_resp_inc SET resp_incorrecta='termine',opcion='a' WHERE  id_preguntas='37'and opcion='a'; Sun Nov 09 16:01:54 VET 2014]]></LOG><LOG TP='BD'><![CDATA[9/11/2014 -> UPDATE tbl_resp_inc SET resp_incorrecta='lo hice1',opcion='b' WHERE  id_preguntas='37'and opcion='b'; Sun Nov 09 16:01:54 VET 2014]]></LOG><LOG TP='BD'><![CDATA[9/11/2014 -> UPDATE tbl_resp_inc SET resp_incorrecta='ya',opcion='c' WHERE  id_preguntas='37'and opcion='c'; Sun Nov 09 16:01:54 VET 2014]]></LOG><LOG TP='BD'><![CDATA[9/11/2014 -> UPDATE tbl_resp_inc SET resp_incorrecta='listo',opcion='d' WHERE  id_preguntas='37'and opcion='d'; Sun Nov 09 16:01:54 VET 2014]]></LOG><LOG TP='BD'><![CDATA[9/11/2014 -> SELECT * FROM usuarios WHERE tx_login='frejolano' and clave='1234'; Sun Nov 09 16:04:38 VET 2014]]></LOG><LOG TP='BD'><![CDATA[9/11/2014 -> SELECT * FROM usuarios WHERE tx_login='frejolano' and clave='1234'; Sun Nov 09 16:04:38 VET 2014]]></LOG><LOG TP='BD'><![CDATA[9/11/2014 -> SELECT * FROM usuarios WHERE tx_login='frejolano' and clave='1234'; Sun Nov 09 16:04:38 VET 2014]]></LOG><LOG TP='BD'><![CDATA[9/11/2014 -> SELECT * FROM tbl_rol_usr WHERE nb_rol_usr='Administrador'; Sun Nov 09 16:04:38 VET 2014]]></LOG><LOG TP='BD'><![CDATA[9/11/2014 -> SELECT * FROM tbl_rol_usr WHERE nb_rol_usr='Estudiante'; Sun Nov 09 16:04:38 VET 2014]]></LOG><LOG TP='BD'><![CDATA[9/11/2014 -> SELECT * FROM tbl_rol_usr WHERE nb_rol_usr='Maestro'; Sun Nov 09 16:04:38 VET 2014]]></LOG><LOG TP='BD'><![CDATA[9/11/2014 -> SELECT * FROM tbl_rol_usr WHERE id_rol_usr=1; Sun Nov 09 16:04:38 VET 2014]]></LOG><LOG TP='BD'><![CDATA[9/11/2014 -> SELECT id_etapa FROM tbl_etapas WHERE nombre_etapa='tercera etapa'; Sun Nov 09 16:04:38 VET 2014]]></LOG><LOG TP='BD'><![CDATA[9/11/2014 -> SELECT id_preguntas FROM tbl_preguntas WHERE tx_preguntas='cambiada2'; Sun Nov 09 16:04:38 VET 2014]]></LOG><LOG TP='BD'><![CDATA[9/11/2014 -> SELECT id_libro FROM tbl_preguntas WHERE tx_preguntas='cambiada2'; Sun Nov 09 16:04:38 VET 2014]]></LOG><LOG TP='BD'><![CDATA[9/11/2014 -> SELECT nb_libro FROM tbl_libro WHERE id_libro='3'; Sun Nov 09 16:04:38 VET 2014]]></LOG><LOG TP='BD'><![CDATA[9/11/2014 -> SELECT respuesta_correcta FROM tbl_preguntas WHERE tx_preguntas='cambiada2'; Sun Nov 09 16:04:38 VET 2014]]></LOG><LOG TP='BD'><![CDATA[9/11/2014 -> SELECT resp_incorrecta FROM tbl_resp_inc WHERE id_preguntas='37' and opcion='a'; Sun Nov 09 16:04:38 VET 2014]]></LOG><LOG TP='BD'><![CDATA[9/11/2014 -> SELECT resp_incorrecta FROM tbl_resp_inc WHERE id_preguntas='37' and opcion='b'; Sun Nov 09 16:04:38 VET 2014]]></LOG><LOG TP='BD'><![CDATA[9/11/2014 -> SELECT resp_incorrecta FROM tbl_resp_inc WHERE id_preguntas='37' and opcion='c'; Sun Nov 09 16:04:38 VET 2014]]></LOG><LOG TP='BD'><![CDATA[9/11/2014 -> SELECT resp_incorrecta FROM tbl_resp_inc WHERE id_preguntas='37' and opcion='d'; Sun Nov 09 16:04:38 VET 2014]]></LOG><LOG TP='BD'><![CDATA[9/11/2014 -> SELECT * FROM usuarios WHERE tx_login='frejolano' and clave='12345'; Sun Nov 09 16:10:03 VET 2014]]></LOG><LOG TP='BD'><![CDATA[9/11/2014 -> SELECT * FROM usuarios WHERE tx_login='frejolano' and clave='1234'; Sun Nov 09 16:10:03 VET 2014]]></LOG><LOG TP='BD'><![CDATA[9/11/2014 -> SELECT * FROM usuarios WHERE tx_login='frejolano' and clave='1234'; Sun Nov 09 16:10:03 VET 2014]]></LOG><LOG TP='BD'><![CDATA[9/11/2014 -> SELECT * FROM usuarios WHERE tx_login='frejolano' and clave='1234'; Sun Nov 09 16:10:03 VET 2014]]></LOG><LOG TP='BD'><![CDATA[9/11/2014 -> SELECT * FROM tbl_rol_usr WHERE nb_rol_usr='Administrador'; Sun Nov 09 16:10:03 VET 2014]]></LOG><LOG TP='BD'><![CDATA[9/11/2014 -> SELECT * FROM tbl_rol_usr WHERE nb_rol_usr='Estudiante'; Sun Nov 09 16:10:03 VET 2014]]></LOG><LOG TP='BD'><![CDATA[9/11/2014 -> SELECT * FROM tbl_rol_usr WHERE nb_rol_usr='Maestro'; Sun Nov 09 16:10:03 VET 2014]]></LOG><LOG TP='BD'><![CDATA[9/11/2014 -> SELECT * FROM tbl_rol_usr WHERE id_rol_usr=1; Sun Nov 09 16:10:03 VET 2014]]></LOG><LOG TP='BD'><![CDATA[9/11/2014 -> INSERT INTO tbl_preguntas(tx_preguntas,id_etapa) VALUES('prueba1',1); Sun Nov 09 16:10:03 VET 2014]]></LOG><LOG TP='BD'><![CDATA[9/11/2014 -> SELECT * FROM usuarios WHERE tx_login='frejolano' and clave='1234'; Sun Nov 09 16:13:44 VET 2014]]></LOG><LOG TP='BD'><![CDATA[9/11/2014 -> SELECT * FROM usuarios WHERE tx_login='frejolano' and clave='1234'; Sun Nov 09 16:13:44 VET 2014]]></LOG><LOG TP='BD'><![CDATA[9/11/2014 -> SELECT * FROM usuarios WHERE tx_login='frejolano' and clave='1234'; Sun Nov 09 16:13:44 VET 2014]]></LOG><LOG TP='BD'><![CDATA[9/11/2014 -> SELECT * FROM tbl_rol_usr WHERE nb_rol_usr='Administrador'; Sun Nov 09 16:13:44 VET 2014]]></LOG><LOG TP='BD'><![CDATA[9/11/2014 -> SELECT * FROM tbl_rol_usr WHERE nb_rol_usr='Estudiante'; Sun Nov 09 16:13:44 VET 2014]]></LOG><LOG TP='BD'><![CDATA[9/11/2014 -> SELECT * FROM tbl_rol_usr WHERE nb_rol_usr='Maestro'; Sun Nov 09 16:13:44 VET 2014]]></LOG><LOG TP='BD'><![CDATA[9/11/2014 -> SELECT * FROM tbl_rol_usr WHERE id_rol_usr=1; Sun Nov 09 16:13:44 VET 2014]]></LOG><LOG TP='BD'><![CDATA[9/11/2014 -> INSERT INTO tbl_preguntas(tx_preguntas,id_etapa) VALUES('prueba2',1); Sun Nov 09 16:13:44 VET 2014]]></LOG><LOG TP='BD'><![CDATA[9/11/2014 -> INSERT INTO tbl_preguntas(tx_preguntas,id_etapa) VALUES('prueba2dfgfgfg',2); Sun Nov 09 16:13:44 VET 2014]]></LOG><LOG TP='BD'><![CDATA[9/11/2014 -> SELECT * FROM usuarios WHERE tx_login='frejolano' and clave='1234'; Sun Nov 09 16:25:45 VET 2014]]></LOG><LOG TP='BD'><![CDATA[9/11/2014 -> SELECT * FROM usuarios WHERE tx_login='frejolano' and clave='1234'; Sun Nov 09 16:25:45 VET 2014]]></LOG><LOG TP='BD'><![CDATA[9/11/2014 -> SELECT * FROM usuarios WHERE tx_login='frejolano' and clave='1234'; Sun Nov 09 16:25:45 VET 2014]]></LOG><LOG TP='BD'><![CDATA[9/11/2014 -> SELECT * FROM tbl_rol_usr WHERE nb_rol_usr='Administrador'; Sun Nov 09 16:25:45 VET 2014]]></LOG><LOG TP='BD'><![CDATA[9/11/2014 -> SELECT * FROM tbl_rol_usr WHERE nb_rol_usr='Estudiante'; Sun Nov 09 16:25:45 VET 2014]]></LOG><LOG TP='BD'><![CDATA[9/11/2014 -> SELECT * FROM tbl_rol_usr WHERE nb_rol_usr='Maestro'; Sun Nov 09 16:25:45 VET 2014]]></LOG><LOG TP='BD'><![CDATA[9/11/2014 -> SELECT * FROM tbl_rol_usr WHERE id_rol_usr=1; Sun Nov 09 16:25:45 VET 2014]]></LOG><LOG TP='BD'><![CDATA[9/11/2014 -> INSERT INTO tbl_preguntas(tx_preguntas,id_etapa) VALUES('prueba2',2); Sun Nov 09 16:25:45 VET 2014]]></LOG><LOG TP='BD'><![CDATA[9/11/2014 -> SELECT * FROM usuarios WHERE tx_login='frejolano' and clave='1234'; Sun Nov 09 17:00:56 VET 2014]]></LOG><LOG TP='BD'><![CDATA[9/11/2014 -> SELECT * FROM usuarios WHERE tx_login='frejolano' and clave='1234'; Sun Nov 09 17:00:56 VET 2014]]></LOG><LOG TP='BD'><![CDATA[9/11/2014 -> SELECT * FROM usuarios WHERE tx_login='frejolano' and clave='1234'; Sun Nov 09 17:00:56 VET 2014]]></LOG><LOG TP='BD'><![CDATA[9/11/2014 -> SELECT * FROM tbl_rol_usr WHERE nb_rol_usr='Administrador'; Sun Nov 09 17:00:56 VET 2014]]></LOG><LOG TP='BD'><![CDATA[9/11/2014 -> SELECT * FROM tbl_rol_usr WHERE nb_rol_usr='Estudiante'; Sun Nov 09 17:00:56 VET 2014]]></LOG><LOG TP='BD'><![CDATA[9/11/2014 -> SELECT * FROM tbl_rol_usr WHERE nb_rol_usr='Maestro'; Sun Nov 09 17:00:56 VET 2014]]></LOG><LOG TP='BD'><![CDATA[9/11/2014 -> SELECT * FROM tbl_rol_usr WHERE id_rol_usr=1; Sun Nov 09 17:00:56 VET 2014]]></LOG><LOG TP='BD'><![CDATA[9/11/2014 -> SELECT * FROM tbl_preguntas WHERE tx_preguntas='prueba3and id_etapa=1; Sun Nov 09 17:00:56 VET 2014ERROR= ERROR: una cadena de caracteres entre comillas está inconclusa en o cerca de «'prueba3and id_etapa=1;»
  Position: 48]]></LOG><LOG TP='BD'><![CDATA[9/11/2014 -> INSERT INTO tbl_preguntas(tx_preguntas,id_etapa) VALUES('prueba3',1); Sun Nov 09 17:00:56 VET 2014]]></LOG><LOG TP='BD'><![CDATA[9/11/2014 -> SELECT * FROM tbl_preguntas WHERE tx_preguntas='prueba3and id_etapa=1; Sun Nov 09 17:00:56 VET 2014ERROR= ERROR: una cadena de caracteres entre comillas está inconclusa en o cerca de «'prueba3and id_etapa=1;»
  Position: 48]]></LOG><LOG TP='BD'><![CDATA[9/11/2014 -> INSERT INTO tbl_preguntas(tx_preguntas,id_etapa) VALUES('prueba3',1); Sun Nov 09 17:00:56 VET 2014]]></LOG><LOG TP='BD'><![CDATA[9/11/2014 -> SELECT * FROM tbl_preguntas WHERE tx_preguntas='prueba3and id_etapa=1; Sun Nov 09 17:00:56 VET 2014ERROR= ERROR: una cadena de caracteres entre comillas está inconclusa en o cerca de «'prueba3and id_etapa=1;»
  Position: 48]]></LOG><LOG TP='BD'><![CDATA[9/11/2014 -> INSERT INTO tbl_preguntas(tx_preguntas,id_etapa) VALUES('prueba3',1); Sun Nov 09 17:00:56 VET 2014]]></LOG><LOG TP='BD'><![CDATA[9/11/2014 -> SELECT * FROM usuarios WHERE tx_login='frejolano' and clave='1234'; Sun Nov 09 17:05:45 VET 2014]]></LOG><LOG TP='BD'><![CDATA[9/11/2014 -> SELECT * FROM usuarios WHERE tx_login='frejolano' and clave='1234'; Sun Nov 09 17:05:45 VET 2014]]></LOG><LOG TP='BD'><![CDATA[9/11/2014 -> SELECT * FROM usuarios WHERE tx_login='frejolano' and clave='1234'; Sun Nov 09 17:05:45 VET 2014]]></LOG><LOG TP='BD'><![CDATA[9/11/2014 -> SELECT * FROM tbl_rol_usr WHERE nb_rol_usr='Administrador'; Sun Nov 09 17:05:45 VET 2014]]></LOG><LOG TP='BD'><![CDATA[9/11/2014 -> SELECT * FROM tbl_rol_usr WHERE nb_rol_usr='Estudiante'; Sun Nov 09 17:05:45 VET 2014]]></LOG><LOG TP='BD'><![CDATA[9/11/2014 -> SELECT * FROM tbl_rol_usr WHERE nb_rol_usr='Maestro'; Sun Nov 09 17:05:45 VET 2014]]></LOG><LOG TP='BD'><![CDATA[9/11/2014 -> SELECT * FROM tbl_rol_usr WHERE id_rol_usr=1; Sun Nov 09 17:05:45 VET 2014]]></LOG><LOG TP='BD'><![CDATA[9/11/2014 -> SELECT * FROM tbl_preguntas WHERE tx_preguntas='prueba3'and id_etapa=2; Sun Nov 09 17:05:45 VET 2014]]></LOG><LOG TP='BD'><![CDATA[9/11/2014 -> INSERT INTO tbl_preguntas(tx_preguntas,id_etapa) VALUES('prueba3',2); Sun Nov 09 17:05:45 VET 2014]]></LOG><LOG TP='BD'><![CDATA[9/11/2014 -> SELECT * FROM tbl_preguntas WHERE tx_preguntas='prueba3'and id_etapa=1; Sun Nov 09 17:05:45 VET 2014]]></LOG><LOG TP='BD'><![CDATA[9/11/2014 -> SELECT id_etapa FROM tbl_etapas WHERE nombre_etapa='primera etapa'; Sun Nov 09 17:05:45 VET 2014]]></LOG><LOG TP='BD'><![CDATA[9/11/2014 -> SELECT id_etapa FROM tbl_etapas WHERE nombre_etapa='tercera etapa'; Sun Nov 09 17:05:45 VET 2014]]></LOG><LOG TP='BD'><![CDATA[9/11/2014 -> SELECT * FROM usuarios WHERE tx_login='frjolano' and clave='1234'; Sun Nov 09 17:18:37 VET 2014]]></LOG><LOG TP='BD'><![CDATA[9/11/2014 -> SELECT * FROM usuarios WHERE tx_login='frjolano' and clave='1234'; Sun Nov 09 17:18:37 VET 2014]]></LOG><LOG TP='BD'><![CDATA[9/11/2014 -> SELECT * FROM usuarios WHERE tx_login='frejolano' and clave='1234'; Sun Nov 09 17:18:37 VET 2014]]></LOG><LOG TP='BD'><![CDATA[9/11/2014 -> SELECT * FROM usuarios WHERE tx_login='frejolano' and clave='1234'; Sun Nov 09 17:18:37 VET 2014]]></LOG><LOG TP='BD'><![CDATA[9/11/2014 -> SELECT * FROM usuarios WHERE tx_login='frejolano' and clave='1234'; Sun Nov 09 17:18:37 VET 2014]]></LOG><LOG TP='BD'><![CDATA[9/11/2014 -> SELECT * FROM tbl_rol_usr WHERE nb_rol_usr='Administrador'; Sun Nov 09 17:18:37 VET 2014]]></LOG><LOG TP='BD'><![CDATA[9/11/2014 -> SELECT * FROM tbl_rol_usr WHERE nb_rol_usr='Estudiante'; Sun Nov 09 17:18:37 VET 2014]]></LOG><LOG TP='BD'><![CDATA[9/11/2014 -> SELECT * FROM tbl_rol_usr WHERE nb_rol_usr='Maestro'; Sun Nov 09 17:18:37 VET 2014]]></LOG><LOG TP='BD'><![CDATA[9/11/2014 -> SELECT * FROM tbl_rol_usr WHERE id_rol_usr=1; Sun Nov 09 17:18:37 VET 2014]]></LOG><LOG TP='BD'><![CDATA[9/11/2014 -> SELECT id_etapa FROM tbl_etapas WHERE nombre_etapa='tercera etapa'; Sun Nov 09 17:18:37 VET 2014]]></LOG><LOG TP='BD'><![CDATA[9/11/2014 -> SELECT id_preguntas FROM tbl_preguntas WHERE tx_preguntas='cambiada2'; Sun Nov 09 17:18:37 VET 2014]]></LOG><LOG TP='BD'><![CDATA[9/11/2014 -> SELECT id_libro FROM tbl_preguntas WHERE tx_preguntas='cambiada2'; Sun Nov 09 17:18:37 VET 2014]]></LOG><LOG TP='BD'><![CDATA[9/11/2014 -> SELECT nb_libro FROM tbl_libro WHERE id_libro='3'; Sun Nov 09 17:18:37 VET 2014]]></LOG><LOG TP='BD'><![CDATA[9/11/2014 -> SELECT respuesta_correcta FROM tbl_preguntas WHERE tx_preguntas='cambiada2'; Sun Nov 09 17:18:37 VET 2014]]></LOG><LOG TP='BD'><![CDATA[9/11/2014 -> SELECT resp_incorrecta FROM tbl_resp_inc WHERE id_preguntas='37' and opcion='a'; Sun Nov 09 17:18:37 VET 2014]]></LOG><LOG TP='BD'><![CDATA[9/11/2014 -> SELECT resp_incorrecta FROM tbl_resp_inc WHERE id_preguntas='37' and opcion='b'; Sun Nov 09 17:18:37 VET 2014]]></LOG><LOG TP='BD'><![CDATA[9/11/2014 -> SELECT resp_incorrecta FROM tbl_resp_inc WHERE id_preguntas='37' and opcion='c'; Sun Nov 09 17:18:37 VET 2014]]></LOG><LOG TP='BD'><![CDATA[9/11/2014 -> SELECT resp_incorrecta FROM tbl_resp_inc WHERE id_preguntas='37' and opcion='d'; Sun Nov 09 17:18:37 VET 2014]]></LOG><LOG TP='BD'><![CDATA[9/11/2014 -> SELECT * FROM tbl_libro WHERE nb_libro='Levitico'; Sun Nov 09 17:18:37 VET 2014]]></LOG><LOG TP='BD'><![CDATA[9/11/2014 -> SELECT * FROM tbl_preguntas WHERE tx_preguntas='cambiada2'; Sun Nov 09 17:18:37 VET 2014]]></LOG><LOG TP='BD'><![CDATA[9/11/2014 -> UPDATE tbl_preguntas SET tx_preguntas='cambiada2',respuesta_correcta='termine',id_etapa='3',id_libro='3' WHERE id_preguntas='37'; Sun Nov 09 17:18:37 VET 2014]]></LOG><LOG TP='BD'><![CDATA[9/11/2014 -> UPDATE tbl_resp_inc SET resp_incorrecta='termine',opcion='a' WHERE  id_preguntas='37'and opcion='a'; Sun Nov 09 17:18:37 VET 2014]]></LOG><LOG TP='BD'><![CDATA[9/11/2014 -> UPDATE tbl_resp_inc SET resp_incorrecta='lo hice1',opcion='b' WHERE  id_preguntas='37'and opcion='b'; Sun Nov 09 17:18:37 VET 2014]]></LOG><LOG TP='BD'><![CDATA[9/11/2014 -> UPDATE tbl_resp_inc SET resp_incorrecta='ya',opcion='c' WHERE  id_preguntas='37'and opcion='c'; Sun Nov 09 17:18:37 VET 2014]]></LOG><LOG TP='BD'><![CDATA[9/11/2014 -> UPDATE tbl_resp_inc SET resp_incorrecta='listo',opcion='d' WHERE  id_preguntas='37'and opcion='d'; Sun Nov 09 17:18:37 VET 2014]]></LOG><LOG TP='BD'><![CDATA[9/11/2014 -> SELECT id_etapa FROM tbl_etapas WHERE nombre_etapa='primera etapa'; Sun Nov 09 17:18:37 VET 2014]]></LOG><LOG TP='BD'><![CDATA[9/11/2014 -> SELECT * FROM usuarios WHERE tx_login='frejolano' and clave='1234'; Sun Nov 09 17:32:51 VET 2014]]></LOG><LOG TP='BD'><![CDATA[9/11/2014 -> SELECT * FROM usuarios WHERE tx_login='frejolano' and clave='1234'; Sun Nov 09 17:32:51 VET 2014]]></LOG><LOG TP='BD'><![CDATA[9/11/2014 -> SELECT * FROM usuarios WHERE tx_login='frejolano' and clave='1234'; Sun Nov 09 17:32:51 VET 2014]]></LOG><LOG TP='BD'><![CDATA[9/11/2014 -> SELECT * FROM tbl_rol_usr WHERE nb_rol_usr='Administrador'; Sun Nov 09 17:32:51 VET 2014]]></LOG><LOG TP='BD'><![CDATA[9/11/2014 -> SELECT * FROM tbl_rol_usr WHERE nb_rol_usr='Estudiante'; Sun Nov 09 17:32:51 VET 2014]]></LOG><LOG TP='BD'><![CDATA[9/11/2014 -> SELECT * FROM tbl_rol_usr WHERE nb_rol_usr='Maestro'; Sun Nov 09 17:32:51 VET 2014]]></LOG><LOG TP='BD'><![CDATA[9/11/2014 -> SELECT * FROM tbl_rol_usr WHERE id_rol_usr=1; Sun Nov 09 17:32:51 VET 2014]]></LOG><LOG TP='BD'><![CDATA[9/11/2014 -> SELECT id_etapa FROM tbl_etapas WHERE nombre_etapa='primera etapa'; Sun Nov 09 17:32:51 VET 2014]]></LOG><LOG TP='BD'><![CDATA[9/11/2014 -> SELECT * FROM usuarios WHERE tx_login='frejolano' and clave='1234'; Sun Nov 09 17:34:07 VET 2014]]></LOG><LOG TP='BD'><![CDATA[9/11/2014 -> SELECT * FROM usuarios WHERE tx_login='frejolano' and clave='1234'; Sun Nov 09 17:34:07 VET 2014]]></LOG><LOG TP='BD'><![CDATA[9/11/2014 -> SELECT * FROM usuarios WHERE tx_login='frejolano' and clave='1234'; Sun Nov 09 17:34:07 VET 2014]]></LOG><LOG TP='BD'><![CDATA[9/11/2014 -> SELECT * FROM tbl_rol_usr WHERE nb_rol_usr='Administrador'; Sun Nov 09 17:34:07 VET 2014]]></LOG><LOG TP='BD'><![CDATA[9/11/2014 -> SELECT * FROM tbl_rol_usr WHERE nb_rol_usr='Estudiante'; Sun Nov 09 17:34:07 VET 2014]]></LOG><LOG TP='BD'><![CDATA[9/11/2014 -> SELECT * FROM tbl_rol_usr WHERE nb_rol_usr='Maestro'; Sun Nov 09 17:34:07 VET 2014]]></LOG><LOG TP='BD'><![CDATA[9/11/2014 -> SELECT * FROM tbl_rol_usr WHERE id_rol_usr=1; Sun Nov 09 17:34:07 VET 2014]]></LOG><LOG TP='BD'><![CDATA[9/11/2014 -> SELECT id_etapa FROM tbl_etapas WHERE nombre_etapa='primera etapa'; Sun Nov 09 17:34:07 VET 2014]]></LOG><LOG TP='BD'><![CDATA[9/11/2014 -> SELECT * FROM usuarios WHERE tx_login='jfrejolano' and clave='1234'; Sun Nov 09 17:39:53 VET 2014]]></LOG><LOG TP='BD'><![CDATA[9/11/2014 -> SELECT * FROM usuarios WHERE tx_login='frejolano' and clave='1234'; Sun Nov 09 17:39:53 VET 2014]]></LOG><LOG TP='BD'><![CDATA[9/11/2014 -> SELECT * FROM usuarios WHERE tx_login='frejolano' and clave='1234'; Sun Nov 09 17:39:53 VET 2014]]></LOG><LOG TP='BD'><![CDATA[9/11/2014 -> SELECT * FROM usuarios WHERE tx_login='frejolano' and clave='1234'; Sun Nov 09 17:39:53 VET 2014]]></LOG><LOG TP='BD'><![CDATA[9/11/2014 -> SELECT * FROM tbl_rol_usr WHERE nb_rol_usr='Administrador'; Sun Nov 09 17:39:53 VET 2014]]></LOG><LOG TP='BD'><![CDATA[9/11/2014 -> SELECT * FROM tbl_rol_usr WHERE nb_rol_usr='Estudiante'; Sun Nov 09 17:39:53 VET 2014]]></LOG><LOG TP='BD'><![CDATA[9/11/2014 -> SELECT * FROM tbl_rol_usr WHERE nb_rol_usr='Maestro'; Sun Nov 09 17:39:53 VET 2014]]></LOG><LOG TP='BD'><![CDATA[9/11/2014 -> SELECT * FROM tbl_rol_usr WHERE id_rol_usr=1; Sun Nov 09 17:39:53 VET 2014]]></LOG><LOG TP='BD'><![CDATA[9/11/2014 -> SELECT id_etapa FROM tbl_etapas WHERE nombre_etapa='primera etapa'; Sun Nov 09 17:39:53 VET 2014]]></LOG>