<LOG TP='BD'><![CDATA[27/10/2014 -> SELECT * FROM usuarios WHERE tx_login='frejolano' and clave='12345'; Mon Oct 27 09:12:32 VET 2014]]></LOG><LOG TP='BD'><![CDATA[27/10/2014 -> SELECT * FROM usuarios WHERE tx_login='frejolano' and clave='1234'; Mon Oct 27 09:12:32 VET 2014]]></LOG><LOG TP='BD'><![CDATA[27/10/2014 -> SELECT * FROM usuarios WHERE tx_login='frejolano' and clave='1234'; Mon Oct 27 09:12:32 VET 2014]]></LOG><LOG TP='BD'><![CDATA[27/10/2014 -> SELECT * FROM tbl_rol_usr WHERE nb_rol_usr='Administrador'; Mon Oct 27 09:12:32 VET 2014]]></LOG><LOG TP='BD'><![CDATA[27/10/2014 -> SELECT * FROM tbl_rol_usr WHERE nb_rol_usr='Estudiante'; Mon Oct 27 09:12:32 VET 2014]]></LOG><LOG TP='BD'><![CDATA[27/10/2014 -> SELECT * FROM tbl_rol_usr WHERE nb_rol_usr='Maestro'; Mon Oct 27 09:12:32 VET 2014]]></LOG><LOG TP='BD'><![CDATA[27/10/2014 -> SELECT * FROM tbl_rol_usr WHERE id_rol_usr=1; Mon Oct 27 09:12:32 VET 2014]]></LOG><LOG TP='BD'><![CDATA[27/10/2014 -> SELECT * FROM usuarios WHERE cedula='2344'; Mon Oct 27 09:12:32 VET 2014]]></LOG><LOG TP='BD'><![CDATA[27/10/2014 -> SELECT tx_login FROM usuarios WHERE tx_login='ggg'; Mon Oct 27 09:12:32 VET 2014]]></LOG><LOG TP='BD'><![CDATA[27/10/2014 -> INSERT INTO usuarios(clave,tx_login,id_rol_usr,id_seccion) VALUES('12345','ggg',1,); Mon Oct 27 09:12:32 VET 2014ERROR= ERROR: error de sintaxis en o cerca de «)»
  Position: 83]]></LOG><LOG TP='BD'><![CDATA[27/10/2014 -> SELECT * FROM usuarios WHERE tx_login='frejolano' and clave='1234'; Mon Oct 27 09:20:47 VET 2014]]></LOG><LOG TP='BD'><![CDATA[27/10/2014 -> SELECT * FROM usuarios WHERE tx_login='frejolano' and clave='1234'; Mon Oct 27 09:20:47 VET 2014]]></LOG><LOG TP='BD'><![CDATA[27/10/2014 -> SELECT * FROM tbl_rol_usr WHERE nb_rol_usr='Administrador'; Mon Oct 27 09:20:47 VET 2014]]></LOG><LOG TP='BD'><![CDATA[27/10/2014 -> SELECT * FROM tbl_rol_usr WHERE nb_rol_usr='Estudiante'; Mon Oct 27 09:20:47 VET 2014]]></LOG><LOG TP='BD'><![CDATA[27/10/2014 -> SELECT * FROM tbl_rol_usr WHERE nb_rol_usr='Maestro'; Mon Oct 27 09:20:47 VET 2014]]></LOG><LOG TP='BD'><![CDATA[27/10/2014 -> SELECT * FROM tbl_rol_usr WHERE id_rol_usr=1; Mon Oct 27 09:20:47 VET 2014]]></LOG><LOG TP='BD'><![CDATA[27/10/2014 -> SELECT * FROM usuarios WHERE cedula='233'; Mon Oct 27 09:20:47 VET 2014]]></LOG><LOG TP='BD'><![CDATA[27/10/2014 -> SELECT tx_login FROM usuarios WHERE tx_login='rrrggg'; Mon Oct 27 09:20:47 VET 2014]]></LOG><LOG TP='BD'><![CDATA[27/10/2014 -> INSERT INTO usuarios(clave,tx_login,id_rol_usr) VALUES('12345','rrrggg',1); Mon Oct 27 09:20:47 VET 2014]]></LOG><LOG TP='BD'><![CDATA[27/10/2014 -> SELECT * FROM usuarios WHERE tx_login='jesus' and clave='12345'; Mon Oct 27 10:05:41 VET 2014]]></LOG><LOG TP='BD'><![CDATA[27/10/2014 -> SELECT * FROM usuarios WHERE tx_login='jesus' and clave='12345'; Mon Oct 27 10:05:41 VET 2014]]></LOG><LOG TP='BD'><![CDATA[27/10/2014 -> SELECT * FROM tbl_rol_usr WHERE nb_rol_usr='Administrador'; Mon Oct 27 10:05:41 VET 2014]]></LOG><LOG TP='BD'><![CDATA[27/10/2014 -> SELECT * FROM tbl_rol_usr WHERE nb_rol_usr='Estudiante'; Mon Oct 27 10:05:41 VET 2014]]></LOG><LOG TP='BD'><![CDATA[27/10/2014 -> SELECT * FROM tbl_rol_usr WHERE nb_rol_usr='Maestro'; Mon Oct 27 10:05:41 VET 2014]]></LOG><LOG TP='BD'><![CDATA[27/10/2014 -> SELECT * FROM usuarios WHERE tx_login='jesus' and clave='12345'; Mon Oct 27 10:24:51 VET 2014]]></LOG><LOG TP='BD'><![CDATA[27/10/2014 -> SELECT * FROM usuarios WHERE tx_login='jesus' and clave='12345'; Mon Oct 27 10:24:51 VET 2014]]></LOG><LOG TP='BD'><![CDATA[27/10/2014 -> SELECT * FROM tbl_rol_usr WHERE nb_rol_usr='Administrador'; Mon Oct 27 10:24:51 VET 2014]]></LOG><LOG TP='BD'><![CDATA[27/10/2014 -> SELECT * FROM tbl_rol_usr WHERE nb_rol_usr='Estudiante'; Mon Oct 27 10:24:51 VET 2014]]></LOG><LOG TP='BD'><![CDATA[27/10/2014 -> SELECT * FROM tbl_rol_usr WHERE nb_rol_usr='Maestro'; Mon Oct 27 10:24:51 VET 2014]]></LOG>