<LOG TP='BD'><![CDATA[13/11/2014 -> SELECT * FROM usuarios WHERE tx_login='frejolano' and clave='24525028'; Thu Nov 13 11:01:11 VET 2014]]></LOG><LOG TP='BD'><![CDATA[13/11/2014 -> SELECT * FROM usuarios WHERE tx_login='frejolano' and clave='1234'; Thu Nov 13 11:01:11 VET 2014]]></LOG><LOG TP='BD'><![CDATA[13/11/2014 -> SELECT * FROM usuarios WHERE tx_login='frejolano' and clave='1234'; Thu Nov 13 11:01:11 VET 2014]]></LOG><LOG TP='BD'><![CDATA[13/11/2014 -> SELECT * FROM usuarios WHERE tx_login='frejolano' and clave='1234'; Thu Nov 13 11:01:11 VET 2014]]></LOG><LOG TP='BD'><![CDATA[13/11/2014 -> SELECT * FROM tbl_estatus WHERE id_estatus='1'; Thu Nov 13 11:01:11 VET 2014]]></LOG><LOG TP='BD'><![CDATA[13/11/2014 -> SELECT * FROM usuarios WHERE tx_login='frejolano' and clave='1234'; Thu Nov 13 11:01:11 VET 2014]]></LOG><LOG TP='BD'><![CDATA[13/11/2014 -> SELECT * FROM tbl_rol_usr WHERE nb_rol_usr='Administrador'; Thu Nov 13 11:01:11 VET 2014]]></LOG><LOG TP='BD'><![CDATA[13/11/2014 -> SELECT * FROM tbl_rol_usr WHERE nb_rol_usr='Estudiante'; Thu Nov 13 11:01:11 VET 2014]]></LOG><LOG TP='BD'><![CDATA[13/11/2014 -> SELECT * FROM tbl_rol_usr WHERE nb_rol_usr='Maestro'; Thu Nov 13 11:01:11 VET 2014]]></LOG><LOG TP='BD'><![CDATA[13/11/2014 -> SELECT * FROM tbl_rol_usr WHERE nb_rol_usr='Administrador'; Thu Nov 13 11:01:11 VET 2014]]></LOG><LOG TP='BD'><![CDATA[13/11/2014 -> SELECT * FROM tbl_rol_usr WHERE nb_rol_usr='Estudiante'; Thu Nov 13 11:01:11 VET 2014]]></LOG><LOG TP='BD'><![CDATA[13/11/2014 -> SELECT * FROM tbl_rol_usr WHERE nb_rol_usr='Maestro'; Thu Nov 13 11:01:11 VET 2014]]></LOG><LOG TP='BD'><![CDATA[13/11/2014 -> SELECT * FROM tbl_estatus WHERE id_estatus='3'; Thu Nov 13 11:01:11 VET 2014]]></LOG><LOG TP='BD'><![CDATA[13/11/2014 -> SELECT * FROM tbl_estatus WHERE id_estatus='3'; Thu Nov 13 11:01:11 VET 2014]]></LOG><LOG TP='BD'><![CDATA[13/11/2014 -> SELECT * FROM tbl_estatus WHERE id_estatus='4'; Thu Nov 13 11:01:11 VET 2014]]></LOG><LOG TP='BD'><![CDATA[13/11/2014 -> SELECT * FROM tbl_rol_usr WHERE id_rol_usr=1; Thu Nov 13 11:01:11 VET 2014]]></LOG><LOG TP='BD'><![CDATA[13/11/2014 -> SELECT * FROM tbl_estatus WHERE nb_estatus='activo'and tx_estatus='tbl_rol_usr'; Thu Nov 13 11:01:11 VET 2014]]></LOG><LOG TP='BD'><![CDATA[13/11/2014 -> SELECT * FROM usuarios WHERE cedula='11'; Thu Nov 13 11:01:11 VET 2014]]></LOG><LOG TP='BD'><![CDATA[13/11/2014 -> SELECT * FROM usuarios WHERE tx_login='frejolano' and clave='12345'; Thu Nov 13 11:03:19 VET 2014]]></LOG><LOG TP='BD'><![CDATA[13/11/2014 -> SELECT * FROM usuarios WHERE tx_login='frejolano' and clave='1234'; Thu Nov 13 11:03:19 VET 2014]]></LOG><LOG TP='BD'><![CDATA[13/11/2014 -> SELECT * FROM usuarios WHERE tx_login='frejolano' and clave='1234'; Thu Nov 13 11:03:19 VET 2014]]></LOG><LOG TP='BD'><![CDATA[13/11/2014 -> SELECT * FROM usuarios WHERE tx_login='frejolano' and clave='1234'; Thu Nov 13 11:03:19 VET 2014]]></LOG><LOG TP='BD'><![CDATA[13/11/2014 -> SELECT * FROM tbl_estatus WHERE id_estatus='1'; Thu Nov 13 11:03:19 VET 2014]]></LOG><LOG TP='BD'><![CDATA[13/11/2014 -> SELECT * FROM usuarios WHERE tx_login='frejolano' and clave='1234'; Thu Nov 13 11:03:19 VET 2014]]></LOG><LOG TP='BD'><![CDATA[13/11/2014 -> SELECT * FROM tbl_rol_usr WHERE nb_rol_usr='Administrador'; Thu Nov 13 11:03:19 VET 2014]]></LOG><LOG TP='BD'><![CDATA[13/11/2014 -> SELECT * FROM tbl_rol_usr WHERE nb_rol_usr='Estudiante'; Thu Nov 13 11:03:19 VET 2014]]></LOG><LOG TP='BD'><![CDATA[13/11/2014 -> SELECT * FROM tbl_rol_usr WHERE nb_rol_usr='Maestro'; Thu Nov 13 11:03:19 VET 2014]]></LOG><LOG TP='BD'><![CDATA[13/11/2014 -> SELECT * FROM tbl_rol_usr WHERE nb_rol_usr='Administrador'; Thu Nov 13 11:03:19 VET 2014]]></LOG><LOG TP='BD'><![CDATA[13/11/2014 -> SELECT * FROM tbl_rol_usr WHERE nb_rol_usr='Estudiante'; Thu Nov 13 11:03:19 VET 2014]]></LOG><LOG TP='BD'><![CDATA[13/11/2014 -> SELECT * FROM tbl_rol_usr WHERE nb_rol_usr='Maestro'; Thu Nov 13 11:03:19 VET 2014]]></LOG><LOG TP='BD'><![CDATA[13/11/2014 -> SELECT * FROM tbl_estatus WHERE id_estatus='3'; Thu Nov 13 11:03:19 VET 2014]]></LOG><LOG TP='BD'><![CDATA[13/11/2014 -> SELECT * FROM tbl_estatus WHERE id_estatus='3'; Thu Nov 13 11:03:19 VET 2014]]></LOG><LOG TP='BD'><![CDATA[13/11/2014 -> SELECT * FROM tbl_estatus WHERE id_estatus='4'; Thu Nov 13 11:03:19 VET 2014]]></LOG><LOG TP='BD'><![CDATA[13/11/2014 -> SELECT * FROM tbl_rol_usr WHERE id_rol_usr=1; Thu Nov 13 11:03:19 VET 2014]]></LOG><LOG TP='BD'><![CDATA[13/11/2014 -> SELECT * FROM tbl_estatus WHERE nb_estatus='activo'and tx_estatus='tbl_rol_usr'; Thu Nov 13 11:03:19 VET 2014]]></LOG><LOG TP='BD'><![CDATA[13/11/2014 -> SELECT * FROM usuarios WHERE cedula='22'; Thu Nov 13 11:03:19 VET 2014]]></LOG><LOG TP='BD'><![CDATA[13/11/2014 -> SELECT id_grado FROM tbl_grado WHERE nb_grado='4'; Thu Nov 13 11:03:19 VET 2014]]></LOG><LOG TP='BD'><![CDATA[13/11/2014 -> SELECT id_grado FROM tbl_grado WHERE nb_grado='4'; Thu Nov 13 11:03:19 VET 2014]]></LOG><LOG TP='BD'><![CDATA[13/11/2014 -> SELECT tx_login FROM usuarios WHERE tx_login='jose'; Thu Nov 13 11:03:19 VET 2014]]></LOG><LOG TP='BD'><![CDATA[13/11/2014 -> SELECT * FROM tbl_rol_usr WHERE nb_rol_usr='Estudiante'; Thu Nov 13 11:03:19 VET 2014]]></LOG><LOG TP='BD'><![CDATA[13/11/2014 -> SELECT * FROM tbl_estatus WHERE nb_estatus='activo' and tx_estatus='usuarios'; Thu Nov 13 11:03:19 VET 2014]]></LOG><LOG TP='BD'><![CDATA[13/11/2014 -> SELECT * FROM tbl_seccion WHERE nb_seccion='E'; Thu Nov 13 11:03:19 VET 2014]]></LOG><LOG TP='BD'><![CDATA[13/11/2014 -> INSERT INTO usuarios(clave,tx_login,id_rol_usr,id_estatus,id_seccion) VALUES('12345','jose','3','1',5); Thu Nov 13 11:03:19 VET 2014]]></LOG><LOG TP='BD'><![CDATA[13/11/2014 -> SELECT * FROM usuarios WHERE tx_login='frejolano' and clave='1234'; Thu Nov 13 11:11:00 VET 2014]]></LOG><LOG TP='BD'><![CDATA[13/11/2014 -> SELECT * FROM usuarios WHERE tx_login='frejolano' and clave='1234'; Thu Nov 13 11:11:00 VET 2014]]></LOG><LOG TP='BD'><![CDATA[13/11/2014 -> SELECT * FROM usuarios WHERE tx_login='frejolano' and clave='1234'; Thu Nov 13 11:11:00 VET 2014]]></LOG><LOG TP='BD'><![CDATA[13/11/2014 -> SELECT * FROM tbl_estatus WHERE id_estatus='1'; Thu Nov 13 11:11:00 VET 2014]]></LOG><LOG TP='BD'><![CDATA[13/11/2014 -> SELECT * FROM usuarios WHERE tx_login='frejolano' and clave='1234'; Thu Nov 13 11:11:00 VET 2014]]></LOG><LOG TP='BD'><![CDATA[13/11/2014 -> SELECT * FROM tbl_rol_usr WHERE nb_rol_usr='Administrador'; Thu Nov 13 11:11:00 VET 2014]]></LOG><LOG TP='BD'><![CDATA[13/11/2014 -> SELECT * FROM tbl_rol_usr WHERE nb_rol_usr='Estudiante'; Thu Nov 13 11:11:00 VET 2014]]></LOG><LOG TP='BD'><![CDATA[13/11/2014 -> SELECT * FROM tbl_rol_usr WHERE nb_rol_usr='Maestro'; Thu Nov 13 11:11:00 VET 2014]]></LOG><LOG TP='BD'><![CDATA[13/11/2014 -> SELECT * FROM tbl_rol_usr WHERE nb_rol_usr='Administrador'; Thu Nov 13 11:11:00 VET 2014]]></LOG><LOG TP='BD'><![CDATA[13/11/2014 -> SELECT * FROM tbl_rol_usr WHERE nb_rol_usr='Estudiante'; Thu Nov 13 11:11:00 VET 2014]]></LOG><LOG TP='BD'><![CDATA[13/11/2014 -> SELECT * FROM tbl_rol_usr WHERE nb_rol_usr='Maestro'; Thu Nov 13 11:11:00 VET 2014]]></LOG><LOG TP='BD'><![CDATA[13/11/2014 -> SELECT * FROM tbl_estatus WHERE id_estatus='3'; Thu Nov 13 11:11:00 VET 2014]]></LOG><LOG TP='BD'><![CDATA[13/11/2014 -> SELECT * FROM tbl_estatus WHERE id_estatus='3'; Thu Nov 13 11:11:00 VET 2014]]></LOG><LOG TP='BD'><![CDATA[13/11/2014 -> SELECT * FROM tbl_estatus WHERE id_estatus='4'; Thu Nov 13 11:11:00 VET 2014]]></LOG><LOG TP='BD'><![CDATA[13/11/2014 -> SELECT * FROM tbl_rol_usr WHERE id_rol_usr=1; Thu Nov 13 11:11:00 VET 2014]]></LOG><LOG TP='BD'><![CDATA[13/11/2014 -> SELECT * FROM tbl_estatus WHERE nb_estatus='activo'and tx_estatus='tbl_rol_usr'; Thu Nov 13 11:11:00 VET 2014]]></LOG><LOG TP='BD'><![CDATA[13/11/2014 -> SELECT * FROM usuarios WHERE cedula='1221'; Thu Nov 13 11:11:00 VET 2014]]></LOG><LOG TP='BD'><![CDATA[13/11/2014 -> SELECT tx_login FROM usuarios WHERE tx_login='jose'; Thu Nov 13 11:11:00 VET 2014]]></LOG><LOG TP='BD'><![CDATA[13/11/2014 -> SELECT id_grado FROM tbl_grado WHERE nb_grado='2'; Thu Nov 13 11:11:00 VET 2014]]></LOG><LOG TP='BD'><![CDATA[13/11/2014 -> SELECT id_grado FROM tbl_grado WHERE nb_grado='2'; Thu Nov 13 11:11:00 VET 2014]]></LOG><LOG TP='BD'><![CDATA[13/11/2014 -> SELECT tx_login FROM usuarios WHERE tx_login='jose2'; Thu Nov 13 11:11:00 VET 2014]]></LOG><LOG TP='BD'><![CDATA[13/11/2014 -> SELECT tx_login FROM usuarios WHERE tx_login='jose3'; Thu Nov 13 11:11:00 VET 2014]]></LOG><LOG TP='BD'><![CDATA[13/11/2014 -> SELECT * FROM tbl_rol_usr WHERE nb_rol_usr='Estudiante'; Thu Nov 13 11:11:00 VET 2014]]></LOG><LOG TP='BD'><![CDATA[13/11/2014 -> SELECT * FROM tbl_estatus WHERE nb_estatus='activo' and tx_estatus='usuarios'; Thu Nov 13 11:11:00 VET 2014]]></LOG><LOG TP='BD'><![CDATA[13/11/2014 -> SELECT * FROM tbl_seccion WHERE nb_seccion='C'; Thu Nov 13 11:11:00 VET 2014]]></LOG><LOG TP='BD'><![CDATA[13/11/2014 -> INSERT INTO usuarios(clave,tx_login,id_rol_usr,id_estatus,id_seccion) VALUES('12345','jose3','3','1',3); Thu Nov 13 11:11:00 VET 2014]]></LOG><LOG TP='BD'><![CDATA[13/11/2014 -> SELECT * FROM usuarios WHERE cedula='33'; Thu Nov 13 11:11:00 VET 2014]]></LOG><LOG TP='BD'><![CDATA[13/11/2014 -> SELECT * FROM usuarios WHERE tx_login='frejolano' and clave='1234'; Thu Nov 13 11:49:36 VET 2014]]></LOG><LOG TP='BD'><![CDATA[13/11/2014 -> SELECT * FROM usuarios WHERE tx_login='frejolano' and clave='1234'; Thu Nov 13 11:49:36 VET 2014]]></LOG><LOG TP='BD'><![CDATA[13/11/2014 -> SELECT * FROM usuarios WHERE tx_login='frejolano' and clave='1234'; Thu Nov 13 11:49:36 VET 2014]]></LOG><LOG TP='BD'><![CDATA[13/11/2014 -> SELECT * FROM tbl_estatus WHERE id_estatus='1'; Thu Nov 13 11:49:36 VET 2014]]></LOG><LOG TP='BD'><![CDATA[13/11/2014 -> SELECT * FROM usuarios WHERE tx_login='frejolano' and clave='1234'; Thu Nov 13 11:49:36 VET 2014]]></LOG><LOG TP='BD'><![CDATA[13/11/2014 -> SELECT * FROM tbl_rol_usr WHERE nb_rol_usr='Administrador'; Thu Nov 13 11:49:36 VET 2014]]></LOG><LOG TP='BD'><![CDATA[13/11/2014 -> SELECT * FROM tbl_rol_usr WHERE nb_rol_usr='Estudiante'; Thu Nov 13 11:49:36 VET 2014]]></LOG><LOG TP='BD'><![CDATA[13/11/2014 -> SELECT * FROM tbl_rol_usr WHERE nb_rol_usr='Maestro'; Thu Nov 13 11:49:36 VET 2014]]></LOG><LOG TP='BD'><![CDATA[13/11/2014 -> SELECT * FROM tbl_rol_usr WHERE nb_rol_usr='Administrador'; Thu Nov 13 11:49:36 VET 2014]]></LOG><LOG TP='BD'><![CDATA[13/11/2014 -> SELECT * FROM tbl_rol_usr WHERE nb_rol_usr='Estudiante'; Thu Nov 13 11:49:36 VET 2014]]></LOG><LOG TP='BD'><![CDATA[13/11/2014 -> SELECT * FROM tbl_rol_usr WHERE nb_rol_usr='Maestro'; Thu Nov 13 11:49:36 VET 2014]]></LOG><LOG TP='BD'><![CDATA[13/11/2014 -> SELECT * FROM tbl_estatus WHERE id_estatus='3'; Thu Nov 13 11:49:36 VET 2014]]></LOG><LOG TP='BD'><![CDATA[13/11/2014 -> SELECT * FROM tbl_estatus WHERE id_estatus='3'; Thu Nov 13 11:49:36 VET 2014]]></LOG><LOG TP='BD'><![CDATA[13/11/2014 -> SELECT * FROM tbl_estatus WHERE id_estatus='4'; Thu Nov 13 11:49:36 VET 2014]]></LOG><LOG TP='BD'><![CDATA[13/11/2014 -> SELECT * FROM tbl_rol_usr WHERE id_rol_usr=1; Thu Nov 13 11:49:36 VET 2014]]></LOG><LOG TP='BD'><![CDATA[13/11/2014 -> SELECT * FROM tbl_estatus WHERE nb_estatus='activo'and tx_estatus='tbl_rol_usr'; Thu Nov 13 11:49:36 VET 2014]]></LOG><LOG TP='BD'><![CDATA[13/11/2014 -> SELECT * FROM tbl_estatus WHERE nb_estatus='activo'and tx_estatus='tbl_rol_usr'; Thu Nov 13 11:49:36 VET 2014]]></LOG><LOG TP='BD'><![CDATA[13/11/2014 -> SELECT * FROM tbl_estatus WHERE nb_estatus='activo'and tx_estatus='tbl_rol_usr'; Thu Nov 13 11:49:36 VET 2014]]></LOG><LOG TP='BD'><![CDATA[13/11/2014 -> SELECT * FROM tbl_estatus WHERE nb_estatus='activo'and tx_estatus='tbl_rol_usr'; Thu Nov 13 11:49:36 VET 2014]]></LOG><LOG TP='BD'><![CDATA[13/11/2014 -> SELECT * FROM tbl_estatus WHERE nb_estatus='activo'and tx_estatus='tbl_rol_usr'; Thu Nov 13 11:49:36 VET 2014]]></LOG><LOG TP='BD'><![CDATA[13/11/2014 -> SELECT * FROM tbl_estatus WHERE nb_estatus='activo'and tx_estatus='tbl_rol_usr'; Thu Nov 13 11:49:36 VET 2014]]></LOG><LOG TP='BD'><![CDATA[13/11/2014 -> SELECT * FROM tbl_estatus WHERE nb_estatus='activo'and tx_estatus='tbl_rol_usr'; Thu Nov 13 11:49:36 VET 2014]]></LOG><LOG TP='BD'><![CDATA[13/11/2014 -> SELECT * FROM tbl_estatus WHERE nb_estatus='activo'and tx_estatus='tbl_rol_usr'; Thu Nov 13 11:49:36 VET 2014]]></LOG><LOG TP='BD'><![CDATA[13/11/2014 -> SELECT * FROM usuarios WHERE tx_login='frejolano' and clave='1234'; Thu Nov 13 11:50:33 VET 2014]]></LOG><LOG TP='BD'><![CDATA[13/11/2014 -> SELECT * FROM usuarios WHERE tx_login='frejolano' and clave='1234'; Thu Nov 13 11:50:33 VET 2014]]></LOG><LOG TP='BD'><![CDATA[13/11/2014 -> SELECT * FROM usuarios WHERE tx_login='frejolano' and clave='1234'; Thu Nov 13 11:50:33 VET 2014]]></LOG><LOG TP='BD'><![CDATA[13/11/2014 -> SELECT * FROM tbl_estatus WHERE id_estatus='1'; Thu Nov 13 11:50:33 VET 2014]]></LOG><LOG TP='BD'><![CDATA[13/11/2014 -> SELECT * FROM usuarios WHERE tx_login='frejolano' and clave='1234'; Thu Nov 13 11:50:33 VET 2014]]></LOG><LOG TP='BD'><![CDATA[13/11/2014 -> SELECT * FROM tbl_rol_usr WHERE nb_rol_usr='Administrador'; Thu Nov 13 11:50:33 VET 2014]]></LOG><LOG TP='BD'><![CDATA[13/11/2014 -> SELECT * FROM tbl_rol_usr WHERE nb_rol_usr='Estudiante'; Thu Nov 13 11:50:33 VET 2014]]></LOG><LOG TP='BD'><![CDATA[13/11/2014 -> SELECT * FROM tbl_rol_usr WHERE nb_rol_usr='Maestro'; Thu Nov 13 11:50:33 VET 2014]]></LOG><LOG TP='BD'><![CDATA[13/11/2014 -> SELECT * FROM tbl_rol_usr WHERE nb_rol_usr='Administrador'; Thu Nov 13 11:50:33 VET 2014]]></LOG><LOG TP='BD'><![CDATA[13/11/2014 -> SELECT * FROM tbl_rol_usr WHERE nb_rol_usr='Estudiante'; Thu Nov 13 11:50:33 VET 2014]]></LOG><LOG TP='BD'><![CDATA[13/11/2014 -> SELECT * FROM tbl_rol_usr WHERE nb_rol_usr='Maestro'; Thu Nov 13 11:50:33 VET 2014]]></LOG><LOG TP='BD'><![CDATA[13/11/2014 -> SELECT * FROM tbl_estatus WHERE id_estatus='3'; Thu Nov 13 11:50:33 VET 2014]]></LOG><LOG TP='BD'><![CDATA[13/11/2014 -> SELECT * FROM tbl_estatus WHERE id_estatus='3'; Thu Nov 13 11:50:33 VET 2014]]></LOG><LOG TP='BD'><![CDATA[13/11/2014 -> SELECT * FROM tbl_estatus WHERE id_estatus='4'; Thu Nov 13 11:50:33 VET 2014]]></LOG><LOG TP='BD'><![CDATA[13/11/2014 -> SELECT * FROM tbl_rol_usr WHERE id_rol_usr=1; Thu Nov 13 11:50:33 VET 2014]]></LOG><LOG TP='BD'><![CDATA[13/11/2014 -> SELECT * FROM tbl_estatus WHERE nb_estatus='activo'and tx_estatus='tbl_rol_usr'; Thu Nov 13 11:50:33 VET 2014]]></LOG><LOG TP='BD'><![CDATA[13/11/2014 -> SELECT * FROM usuarios WHERE cedula='233'; Thu Nov 13 11:50:33 VET 2014]]></LOG><LOG TP='BD'><![CDATA[13/11/2014 -> SELECT id_grado FROM tbl_grado WHERE nb_grado='1'; Thu Nov 13 11:50:33 VET 2014]]></LOG><LOG TP='BD'><![CDATA[13/11/2014 -> SELECT id_grado FROM tbl_grado WHERE nb_grado='1'; Thu Nov 13 11:50:33 VET 2014]]></LOG><LOG TP='BD'><![CDATA[13/11/2014 -> SELECT id_grado FROM tbl_grado WHERE nb_grado='Seleccione un Grado Escolar'; Thu Nov 13 11:50:33 VET 2014]]></LOG><LOG TP='BD'><![CDATA[13/11/2014 -> SELECT id_grado FROM tbl_grado WHERE nb_grado='3'; Thu Nov 13 11:50:33 VET 2014]]></LOG><LOG TP='BD'><![CDATA[13/11/2014 -> SELECT id_grado FROM tbl_grado WHERE nb_grado='3'; Thu Nov 13 11:50:33 VET 2014]]></LOG><LOG TP='BD'><![CDATA[13/11/2014 -> SELECT id_grado FROM tbl_grado WHERE nb_grado='Seleccione un Grado Escolar'; Thu Nov 13 11:50:33 VET 2014]]></LOG><LOG TP='BD'><![CDATA[13/11/2014 -> SELECT * FROM tbl_estatus WHERE nb_estatus='activo'and tx_estatus='tbl_rol_usr'; Thu Nov 13 11:50:33 VET 2014]]></LOG><LOG TP='BD'><![CDATA[13/11/2014 -> SELECT * FROM usuarios WHERE cedula='5'; Thu Nov 13 11:50:33 VET 2014]]></LOG><LOG TP='BD'><![CDATA[13/11/2014 -> SELECT * FROM usuarios WHERE tx_login='frejolano' and clave='1234'; Thu Nov 13 11:53:28 VET 2014]]></LOG><LOG TP='BD'><![CDATA[13/11/2014 -> SELECT * FROM usuarios WHERE tx_login='frejolano' and clave='1234'; Thu Nov 13 11:53:28 VET 2014]]></LOG><LOG TP='BD'><![CDATA[13/11/2014 -> SELECT * FROM usuarios WHERE tx_login='frejolano' and clave='1234'; Thu Nov 13 11:53:28 VET 2014]]></LOG><LOG TP='BD'><![CDATA[13/11/2014 -> SELECT * FROM tbl_estatus WHERE id_estatus='1'; Thu Nov 13 11:53:28 VET 2014]]></LOG><LOG TP='BD'><![CDATA[13/11/2014 -> SELECT * FROM usuarios WHERE tx_login='frejolano' and clave='1234'; Thu Nov 13 11:53:28 VET 2014]]></LOG><LOG TP='BD'><![CDATA[13/11/2014 -> SELECT * FROM tbl_rol_usr WHERE nb_rol_usr='Administrador'; Thu Nov 13 11:53:28 VET 2014]]></LOG><LOG TP='BD'><![CDATA[13/11/2014 -> SELECT * FROM tbl_rol_usr WHERE nb_rol_usr='Estudiante'; Thu Nov 13 11:53:28 VET 2014]]></LOG><LOG TP='BD'><![CDATA[13/11/2014 -> SELECT * FROM tbl_rol_usr WHERE nb_rol_usr='Maestro'; Thu Nov 13 11:53:28 VET 2014]]></LOG><LOG TP='BD'><![CDATA[13/11/2014 -> SELECT * FROM tbl_rol_usr WHERE nb_rol_usr='Administrador'; Thu Nov 13 11:53:28 VET 2014]]></LOG><LOG TP='BD'><![CDATA[13/11/2014 -> SELECT * FROM tbl_rol_usr WHERE nb_rol_usr='Estudiante'; Thu Nov 13 11:53:28 VET 2014]]></LOG><LOG TP='BD'><![CDATA[13/11/2014 -> SELECT * FROM tbl_rol_usr WHERE nb_rol_usr='Maestro'; Thu Nov 13 11:53:28 VET 2014]]></LOG><LOG TP='BD'><![CDATA[13/11/2014 -> SELECT * FROM tbl_estatus WHERE id_estatus='3'; Thu Nov 13 11:53:28 VET 2014]]></LOG><LOG TP='BD'><![CDATA[13/11/2014 -> SELECT * FROM tbl_estatus WHERE id_estatus='3'; Thu Nov 13 11:53:28 VET 2014]]></LOG><LOG TP='BD'><![CDATA[13/11/2014 -> SELECT * FROM tbl_estatus WHERE id_estatus='4'; Thu Nov 13 11:53:28 VET 2014]]></LOG><LOG TP='BD'><![CDATA[13/11/2014 -> SELECT * FROM tbl_rol_usr WHERE id_rol_usr=1; Thu Nov 13 11:53:28 VET 2014]]></LOG><LOG TP='BD'><![CDATA[13/11/2014 -> SELECT * FROM tbl_estatus WHERE nb_estatus='activo'and tx_estatus='tbl_rol_usr'; Thu Nov 13 11:53:28 VET 2014]]></LOG><LOG TP='BD'><![CDATA[13/11/2014 -> SELECT * FROM usuarios WHERE cedula='34'; Thu Nov 13 11:53:28 VET 2014]]></LOG><LOG TP='BD'><![CDATA[13/11/2014 -> SELECT id_grado FROM tbl_grado WHERE nb_grado='3'; Thu Nov 13 11:53:28 VET 2014]]></LOG><LOG TP='BD'><![CDATA[13/11/2014 -> SELECT id_grado FROM tbl_grado WHERE nb_grado='3'; Thu Nov 13 11:53:28 VET 2014]]></LOG><LOG TP='BD'><![CDATA[13/11/2014 -> SELECT id_grado FROM tbl_grado WHERE nb_grado='4'; Thu Nov 13 11:53:28 VET 2014]]></LOG><LOG TP='BD'><![CDATA[13/11/2014 -> SELECT id_grado FROM tbl_grado WHERE nb_grado='4'; Thu Nov 13 11:53:28 VET 2014]]></LOG><LOG TP='BD'><![CDATA[13/11/2014 -> SELECT * FROM usuarios WHERE tx_login='frejolano' and clave='12345'; Thu Nov 13 12:10:54 VET 2014]]></LOG><LOG TP='BD'><![CDATA[13/11/2014 -> SELECT * FROM usuarios WHERE tx_login='frejolano' and clave='1234'; Thu Nov 13 12:10:54 VET 2014]]></LOG><LOG TP='BD'><![CDATA[13/11/2014 -> SELECT * FROM usuarios WHERE tx_login='frejolano' and clave='1234'; Thu Nov 13 12:10:54 VET 2014]]></LOG><LOG TP='BD'><![CDATA[13/11/2014 -> SELECT * FROM usuarios WHERE tx_login='frejolano' and clave='1234'; Thu Nov 13 12:10:54 VET 2014]]></LOG><LOG TP='BD'><![CDATA[13/11/2014 -> SELECT * FROM tbl_estatus WHERE id_estatus='1'; Thu Nov 13 12:10:54 VET 2014]]></LOG><LOG TP='BD'><![CDATA[13/11/2014 -> SELECT * FROM usuarios WHERE tx_login='frejolano' and clave='1234'; Thu Nov 13 12:10:54 VET 2014]]></LOG><LOG TP='BD'><![CDATA[13/11/2014 -> SELECT * FROM tbl_rol_usr WHERE nb_rol_usr='Administrador'; Thu Nov 13 12:10:54 VET 2014]]></LOG><LOG TP='BD'><![CDATA[13/11/2014 -> SELECT * FROM tbl_rol_usr WHERE nb_rol_usr='Estudiante'; Thu Nov 13 12:10:54 VET 2014]]></LOG><LOG TP='BD'><![CDATA[13/11/2014 -> SELECT * FROM tbl_rol_usr WHERE nb_rol_usr='Maestro'; Thu Nov 13 12:10:54 VET 2014]]></LOG><LOG TP='BD'><![CDATA[13/11/2014 -> SELECT * FROM tbl_rol_usr WHERE nb_rol_usr='Administrador'; Thu Nov 13 12:10:54 VET 2014]]></LOG><LOG TP='BD'><![CDATA[13/11/2014 -> SELECT * FROM tbl_rol_usr WHERE nb_rol_usr='Estudiante'; Thu Nov 13 12:10:54 VET 2014]]></LOG><LOG TP='BD'><![CDATA[13/11/2014 -> SELECT * FROM tbl_rol_usr WHERE nb_rol_usr='Maestro'; Thu Nov 13 12:10:54 VET 2014]]></LOG><LOG TP='BD'><![CDATA[13/11/2014 -> SELECT * FROM tbl_estatus WHERE id_estatus='3'; Thu Nov 13 12:10:54 VET 2014]]></LOG><LOG TP='BD'><![CDATA[13/11/2014 -> SELECT * FROM tbl_estatus WHERE id_estatus='3'; Thu Nov 13 12:10:54 VET 2014]]></LOG><LOG TP='BD'><![CDATA[13/11/2014 -> SELECT * FROM tbl_estatus WHERE id_estatus='4'; Thu Nov 13 12:10:54 VET 2014]]></LOG><LOG TP='BD'><![CDATA[13/11/2014 -> SELECT * FROM tbl_rol_usr WHERE id_rol_usr=1; Thu Nov 13 12:10:54 VET 2014]]></LOG><LOG TP='BD'><![CDATA[13/11/2014 -> SELECT * FROM usuarios WHERE tx_login='jose' and clave='12345'; Thu Nov 13 12:20:17 VET 2014]]></LOG><LOG TP='BD'><![CDATA[13/11/2014 -> SELECT * FROM usuarios WHERE tx_login='jose' and clave='12345'; Thu Nov 13 12:20:17 VET 2014]]></LOG><LOG TP='BD'><![CDATA[13/11/2014 -> SELECT * FROM usuarios WHERE tx_login='jose' and clave='12345'; Thu Nov 13 12:20:17 VET 2014]]></LOG><LOG TP='BD'><![CDATA[13/11/2014 -> SELECT * FROM tbl_estatus WHERE id_estatus='1'; Thu Nov 13 12:20:17 VET 2014]]></LOG><LOG TP='BD'><![CDATA[13/11/2014 -> SELECT * FROM usuarios WHERE tx_login='jose' and clave='12345'; Thu Nov 13 12:20:17 VET 2014]]></LOG><LOG TP='BD'><![CDATA[13/11/2014 -> SELECT * FROM tbl_rol_usr WHERE nb_rol_usr='Administrador'; Thu Nov 13 12:20:17 VET 2014]]></LOG><LOG TP='BD'><![CDATA[13/11/2014 -> SELECT * FROM tbl_rol_usr WHERE nb_rol_usr='Estudiante'; Thu Nov 13 12:20:17 VET 2014]]></LOG><LOG TP='BD'><![CDATA[13/11/2014 -> SELECT * FROM tbl_rol_usr WHERE nb_rol_usr='Maestro'; Thu Nov 13 12:20:17 VET 2014]]></LOG><LOG TP='BD'><![CDATA[13/11/2014 -> SELECT * FROM tbl_rol_usr WHERE nb_rol_usr='Administrador'; Thu Nov 13 12:20:17 VET 2014]]></LOG><LOG TP='BD'><![CDATA[13/11/2014 -> SELECT * FROM tbl_rol_usr WHERE nb_rol_usr='Estudiante'; Thu Nov 13 12:20:17 VET 2014]]></LOG><LOG TP='BD'><![CDATA[13/11/2014 -> SELECT * FROM tbl_rol_usr WHERE nb_rol_usr='Maestro'; Thu Nov 13 12:20:17 VET 2014]]></LOG><LOG TP='BD'><![CDATA[13/11/2014 -> SELECT * FROM tbl_estatus WHERE id_estatus='3'; Thu Nov 13 12:20:17 VET 2014]]></LOG><LOG TP='BD'><![CDATA[13/11/2014 -> SELECT * FROM tbl_estatus WHERE id_estatus='3'; Thu Nov 13 12:20:17 VET 2014]]></LOG><LOG TP='BD'><![CDATA[13/11/2014 -> SELECT * FROM tbl_estatus WHERE id_estatus='4'; Thu Nov 13 12:20:17 VET 2014]]></LOG><LOG TP='BD'><![CDATA[13/11/2014 -> SELECT * FROM tbl_rol_usr WHERE id_rol_usr=3; Thu Nov 13 12:20:17 VET 2014]]></LOG><LOG TP='BD'><![CDATA[13/11/2014 -> SELECT * FROM usuarios WHERE tx_login='frejolano' and clave='1234'; Thu Nov 13 13:12:21 VET 2014]]></LOG><LOG TP='BD'><![CDATA[13/11/2014 -> SELECT * FROM usuarios WHERE tx_login='frejolano' and clave='1234'; Thu Nov 13 13:12:21 VET 2014]]></LOG><LOG TP='BD'><![CDATA[13/11/2014 -> SELECT * FROM usuarios WHERE tx_login='frejolano' and clave='1234'; Thu Nov 13 13:12:21 VET 2014]]></LOG><LOG TP='BD'><![CDATA[13/11/2014 -> SELECT * FROM tbl_estatus WHERE id_estatus='1'; Thu Nov 13 13:12:21 VET 2014]]></LOG><LOG TP='BD'><![CDATA[13/11/2014 -> SELECT * FROM usuarios WHERE tx_login='frejolano' and clave='1234'; Thu Nov 13 13:12:21 VET 2014]]></LOG><LOG TP='BD'><![CDATA[13/11/2014 -> SELECT * FROM tbl_rol_usr WHERE nb_rol_usr='Administrador'; Thu Nov 13 13:12:21 VET 2014]]></LOG><LOG TP='BD'><![CDATA[13/11/2014 -> SELECT * FROM tbl_rol_usr WHERE nb_rol_usr='Estudiante'; Thu Nov 13 13:12:21 VET 2014]]></LOG><LOG TP='BD'><![CDATA[13/11/2014 -> SELECT * FROM tbl_rol_usr WHERE nb_rol_usr='Maestro'; Thu Nov 13 13:12:21 VET 2014]]></LOG><LOG TP='BD'><![CDATA[13/11/2014 -> SELECT * FROM tbl_rol_usr WHERE nb_rol_usr='Administrador'; Thu Nov 13 13:12:21 VET 2014]]></LOG><LOG TP='BD'><![CDATA[13/11/2014 -> SELECT * FROM tbl_rol_usr WHERE nb_rol_usr='Estudiante'; Thu Nov 13 13:12:21 VET 2014]]></LOG><LOG TP='BD'><![CDATA[13/11/2014 -> SELECT * FROM tbl_rol_usr WHERE nb_rol_usr='Maestro'; Thu Nov 13 13:12:21 VET 2014]]></LOG><LOG TP='BD'><![CDATA[13/11/2014 -> SELECT * FROM tbl_estatus WHERE id_estatus='3'; Thu Nov 13 13:12:21 VET 2014]]></LOG><LOG TP='BD'><![CDATA[13/11/2014 -> SELECT * FROM tbl_estatus WHERE id_estatus='3'; Thu Nov 13 13:12:21 VET 2014]]></LOG><LOG TP='BD'><![CDATA[13/11/2014 -> SELECT * FROM tbl_estatus WHERE id_estatus='4'; Thu Nov 13 13:12:21 VET 2014]]></LOG><LOG TP='BD'><![CDATA[13/11/2014 -> SELECT * FROM tbl_rol_usr WHERE id_rol_usr=1; Thu Nov 13 13:12:21 VET 2014]]></LOG><LOG TP='BD'><![CDATA[13/11/2014 -> SELECT * FROM tbl_estatus WHERE nb_estatus='activo'and tx_estatus='tbl_rol_usr'; Thu Nov 13 13:12:21 VET 2014]]></LOG><LOG TP='BD'><![CDATA[13/11/2014 -> SELECT * FROM usuarios WHERE tx_login='jose3' and clave='12345'; Thu Nov 13 13:23:25 VET 2014]]></LOG><LOG TP='BD'><![CDATA[13/11/2014 -> SELECT * FROM usuarios WHERE tx_login='jose3' and clave='12345'; Thu Nov 13 13:23:25 VET 2014]]></LOG><LOG TP='BD'><![CDATA[13/11/2014 -> SELECT * FROM usuarios WHERE tx_login='jose3' and clave='12345'; Thu Nov 13 13:23:25 VET 2014]]></LOG><LOG TP='BD'><![CDATA[13/11/2014 -> SELECT * FROM tbl_estatus WHERE id_estatus='1'; Thu Nov 13 13:23:25 VET 2014]]></LOG><LOG TP='BD'><![CDATA[13/11/2014 -> SELECT * FROM usuarios WHERE tx_login='jose3' and clave='12345'; Thu Nov 13 13:23:25 VET 2014]]></LOG><LOG TP='BD'><![CDATA[13/11/2014 -> SELECT * FROM tbl_rol_usr WHERE nb_rol_usr='Administrador'; Thu Nov 13 13:23:25 VET 2014]]></LOG><LOG TP='BD'><![CDATA[13/11/2014 -> SELECT * FROM tbl_rol_usr WHERE nb_rol_usr='Estudiante'; Thu Nov 13 13:23:25 VET 2014]]></LOG><LOG TP='BD'><![CDATA[13/11/2014 -> SELECT * FROM tbl_rol_usr WHERE nb_rol_usr='Maestro'; Thu Nov 13 13:23:25 VET 2014]]></LOG><LOG TP='BD'><![CDATA[13/11/2014 -> SELECT * FROM tbl_rol_usr WHERE nb_rol_usr='Administrador'; Thu Nov 13 13:23:25 VET 2014]]></LOG><LOG TP='BD'><![CDATA[13/11/2014 -> SELECT * FROM tbl_rol_usr WHERE nb_rol_usr='Estudiante'; Thu Nov 13 13:23:25 VET 2014]]></LOG><LOG TP='BD'><![CDATA[13/11/2014 -> SELECT * FROM tbl_rol_usr WHERE nb_rol_usr='Maestro'; Thu Nov 13 13:23:25 VET 2014]]></LOG><LOG TP='BD'><![CDATA[13/11/2014 -> SELECT * FROM tbl_estatus WHERE id_estatus='3'; Thu Nov 13 13:23:25 VET 2014]]></LOG><LOG TP='BD'><![CDATA[13/11/2014 -> SELECT * FROM tbl_estatus WHERE id_estatus='3'; Thu Nov 13 13:23:25 VET 2014]]></LOG><LOG TP='BD'><![CDATA[13/11/2014 -> SELECT * FROM tbl_estatus WHERE id_estatus='4'; Thu Nov 13 13:23:25 VET 2014]]></LOG><LOG TP='BD'><![CDATA[13/11/2014 -> SELECT * FROM tbl_rol_usr WHERE id_rol_usr=3; Thu Nov 13 13:23:25 VET 2014]]></LOG><LOG TP='BD'><![CDATA[13/11/2014 -> SELECT * FROM usuarios WHERE tx_login='jose3' and clave='12345'; Thu Nov 13 13:38:09 VET 2014]]></LOG><LOG TP='BD'><![CDATA[13/11/2014 -> SELECT * FROM usuarios WHERE tx_login='jose3' and clave='12345'; Thu Nov 13 13:38:09 VET 2014]]></LOG><LOG TP='BD'><![CDATA[13/11/2014 -> SELECT * FROM usuarios WHERE tx_login='jose3' and clave='12345'; Thu Nov 13 13:38:09 VET 2014]]></LOG><LOG TP='BD'><![CDATA[13/11/2014 -> SELECT * FROM tbl_estatus WHERE id_estatus='1'; Thu Nov 13 13:38:09 VET 2014]]></LOG><LOG TP='BD'><![CDATA[13/11/2014 -> SELECT * FROM usuarios WHERE tx_login='jose3' and clave='12345'; Thu Nov 13 13:38:09 VET 2014]]></LOG><LOG TP='BD'><![CDATA[13/11/2014 -> SELECT * FROM tbl_rol_usr WHERE nb_rol_usr='Administrador'; Thu Nov 13 13:38:09 VET 2014]]></LOG><LOG TP='BD'><![CDATA[13/11/2014 -> SELECT * FROM tbl_rol_usr WHERE nb_rol_usr='Estudiante'; Thu Nov 13 13:38:09 VET 2014]]></LOG><LOG TP='BD'><![CDATA[13/11/2014 -> SELECT * FROM tbl_rol_usr WHERE nb_rol_usr='Maestro'; Thu Nov 13 13:38:09 VET 2014]]></LOG><LOG TP='BD'><![CDATA[13/11/2014 -> SELECT * FROM tbl_rol_usr WHERE nb_rol_usr='Administrador'; Thu Nov 13 13:38:09 VET 2014]]></LOG><LOG TP='BD'><![CDATA[13/11/2014 -> SELECT * FROM tbl_rol_usr WHERE nb_rol_usr='Estudiante'; Thu Nov 13 13:38:09 VET 2014]]></LOG><LOG TP='BD'><![CDATA[13/11/2014 -> SELECT * FROM tbl_rol_usr WHERE nb_rol_usr='Maestro'; Thu Nov 13 13:38:09 VET 2014]]></LOG><LOG TP='BD'><![CDATA[13/11/2014 -> SELECT * FROM tbl_estatus WHERE id_estatus='3'; Thu Nov 13 13:38:09 VET 2014]]></LOG><LOG TP='BD'><![CDATA[13/11/2014 -> SELECT * FROM tbl_estatus WHERE id_estatus='3'; Thu Nov 13 13:38:09 VET 2014]]></LOG><LOG TP='BD'><![CDATA[13/11/2014 -> SELECT * FROM tbl_estatus WHERE id_estatus='4'; Thu Nov 13 13:38:09 VET 2014]]></LOG><LOG TP='BD'><![CDATA[13/11/2014 -> SELECT * FROM tbl_rol_usr WHERE id_rol_usr=3; Thu Nov 13 13:38:09 VET 2014]]></LOG><LOG TP='BD'><![CDATA[13/11/2014 -> SELECT * FROM usuarios WHERE tx_login='frejolano' and clave='1234'; Thu Nov 13 14:16:27 VET 2014]]></LOG><LOG TP='BD'><![CDATA[13/11/2014 -> SELECT * FROM usuarios WHERE tx_login='frejolano' and clave='1234'; Thu Nov 13 14:16:27 VET 2014]]></LOG><LOG TP='BD'><![CDATA[13/11/2014 -> SELECT * FROM usuarios WHERE tx_login='frejolano' and clave='1234'; Thu Nov 13 14:16:27 VET 2014]]></LOG><LOG TP='BD'><![CDATA[13/11/2014 -> SELECT * FROM tbl_estatus WHERE id_estatus='1'; Thu Nov 13 14:16:27 VET 2014]]></LOG><LOG TP='BD'><![CDATA[13/11/2014 -> SELECT * FROM usuarios WHERE tx_login='frejolano' and clave='1234'; Thu Nov 13 14:16:27 VET 2014]]></LOG><LOG TP='BD'><![CDATA[13/11/2014 -> SELECT * FROM tbl_rol_usr WHERE nb_rol_usr='Administrador'; Thu Nov 13 14:16:27 VET 2014]]></LOG><LOG TP='BD'><![CDATA[13/11/2014 -> SELECT * FROM tbl_rol_usr WHERE nb_rol_usr='Estudiante'; Thu Nov 13 14:16:27 VET 2014]]></LOG><LOG TP='BD'><![CDATA[13/11/2014 -> SELECT * FROM tbl_rol_usr WHERE nb_rol_usr='Maestro'; Thu Nov 13 14:16:27 VET 2014]]></LOG><LOG TP='BD'><![CDATA[13/11/2014 -> SELECT * FROM tbl_rol_usr WHERE nb_rol_usr='Administrador'; Thu Nov 13 14:16:27 VET 2014]]></LOG><LOG TP='BD'><![CDATA[13/11/2014 -> SELECT * FROM tbl_rol_usr WHERE nb_rol_usr='Estudiante'; Thu Nov 13 14:16:27 VET 2014]]></LOG><LOG TP='BD'><![CDATA[13/11/2014 -> SELECT * FROM tbl_rol_usr WHERE nb_rol_usr='Maestro'; Thu Nov 13 14:16:27 VET 2014]]></LOG><LOG TP='BD'><![CDATA[13/11/2014 -> SELECT * FROM tbl_estatus WHERE id_estatus='3'; Thu Nov 13 14:16:27 VET 2014]]></LOG><LOG TP='BD'><![CDATA[13/11/2014 -> SELECT * FROM tbl_estatus WHERE id_estatus='3'; Thu Nov 13 14:16:27 VET 2014]]></LOG><LOG TP='BD'><![CDATA[13/11/2014 -> SELECT * FROM tbl_estatus WHERE id_estatus='4'; Thu Nov 13 14:16:27 VET 2014]]></LOG><LOG TP='BD'><![CDATA[13/11/2014 -> SELECT * FROM tbl_rol_usr WHERE id_rol_usr=1; Thu Nov 13 14:16:27 VET 2014]]></LOG><LOG TP='BD'><![CDATA[13/11/2014 -> SELECT * FROM tbl_estatus WHERE nb_estatus='activo'and tx_estatus='tbl_rol_usr'; Thu Nov 13 14:16:27 VET 2014]]></LOG><LOG TP='BD'><![CDATA[13/11/2014 -> SELECT * FROM usuarios WHERE tx_login='jesus3' and clave='1234'; Thu Nov 13 14:17:55 VET 2014]]></LOG><LOG TP='BD'><![CDATA[13/11/2014 -> SELECT * FROM usuarios WHERE tx_login='jesus3' and clave='12345'; Thu Nov 13 14:17:55 VET 2014]]></LOG><LOG TP='BD'><![CDATA[13/11/2014 -> SELECT * FROM usuarios WHERE tx_login='jesus3' and clave='12345'; Thu Nov 13 14:17:55 VET 2014]]></LOG><LOG TP='BD'><![CDATA[13/11/2014 -> SELECT * FROM usuarios WHERE tx_login='jose' and clave='12345'; Thu Nov 13 14:17:55 VET 2014]]></LOG><LOG TP='BD'><![CDATA[13/11/2014 -> SELECT * FROM usuarios WHERE tx_login='jose' and clave='12345'; Thu Nov 13 14:17:55 VET 2014]]></LOG><LOG TP='BD'><![CDATA[13/11/2014 -> SELECT * FROM usuarios WHERE tx_login='jose' and clave='12345'; Thu Nov 13 14:17:55 VET 2014]]></LOG><LOG TP='BD'><![CDATA[13/11/2014 -> SELECT * FROM tbl_estatus WHERE id_estatus='1'; Thu Nov 13 14:17:55 VET 2014]]></LOG><LOG TP='BD'><![CDATA[13/11/2014 -> SELECT * FROM usuarios WHERE tx_login='jose' and clave='12345'; Thu Nov 13 14:17:55 VET 2014]]></LOG><LOG TP='BD'><![CDATA[13/11/2014 -> SELECT * FROM tbl_rol_usr WHERE nb_rol_usr='Administrador'; Thu Nov 13 14:17:55 VET 2014]]></LOG><LOG TP='BD'><![CDATA[13/11/2014 -> SELECT * FROM tbl_rol_usr WHERE nb_rol_usr='Estudiante'; Thu Nov 13 14:17:55 VET 2014]]></LOG><LOG TP='BD'><![CDATA[13/11/2014 -> SELECT * FROM tbl_rol_usr WHERE nb_rol_usr='Maestro'; Thu Nov 13 14:17:55 VET 2014]]></LOG><LOG TP='BD'><![CDATA[13/11/2014 -> SELECT * FROM tbl_rol_usr WHERE nb_rol_usr='Administrador'; Thu Nov 13 14:17:55 VET 2014]]></LOG><LOG TP='BD'><![CDATA[13/11/2014 -> SELECT * FROM tbl_rol_usr WHERE nb_rol_usr='Estudiante'; Thu Nov 13 14:17:55 VET 2014]]></LOG><LOG TP='BD'><![CDATA[13/11/2014 -> SELECT * FROM tbl_rol_usr WHERE nb_rol_usr='Maestro'; Thu Nov 13 14:17:55 VET 2014]]></LOG><LOG TP='BD'><![CDATA[13/11/2014 -> SELECT * FROM tbl_estatus WHERE id_estatus='3'; Thu Nov 13 14:17:55 VET 2014]]></LOG><LOG TP='BD'><![CDATA[13/11/2014 -> SELECT * FROM tbl_estatus WHERE id_estatus='3'; Thu Nov 13 14:17:55 VET 2014]]></LOG><LOG TP='BD'><![CDATA[13/11/2014 -> SELECT * FROM tbl_estatus WHERE id_estatus='4'; Thu Nov 13 14:17:55 VET 2014]]></LOG><LOG TP='BD'><![CDATA[13/11/2014 -> SELECT * FROM tbl_rol_usr WHERE id_rol_usr=3; Thu Nov 13 14:17:55 VET 2014]]></LOG><LOG TP='BD'><![CDATA[13/11/2014 -> SELECT * FROM usuarios WHERE tx_login='jose3' and clave='12345'; Thu Nov 13 14:19:25 VET 2014]]></LOG><LOG TP='BD'><![CDATA[13/11/2014 -> SELECT * FROM usuarios WHERE tx_login='jose3' and clave='12345'; Thu Nov 13 14:19:25 VET 2014]]></LOG><LOG TP='BD'><![CDATA[13/11/2014 -> SELECT * FROM usuarios WHERE tx_login='jose3' and clave='12345'; Thu Nov 13 14:19:25 VET 2014]]></LOG><LOG TP='BD'><![CDATA[13/11/2014 -> SELECT * FROM tbl_estatus WHERE id_estatus='1'; Thu Nov 13 14:19:25 VET 2014]]></LOG><LOG TP='BD'><![CDATA[13/11/2014 -> SELECT * FROM usuarios WHERE tx_login='jose3' and clave='12345'; Thu Nov 13 14:19:25 VET 2014]]></LOG><LOG TP='BD'><![CDATA[13/11/2014 -> SELECT * FROM tbl_rol_usr WHERE nb_rol_usr='Administrador'; Thu Nov 13 14:19:25 VET 2014]]></LOG><LOG TP='BD'><![CDATA[13/11/2014 -> SELECT * FROM tbl_rol_usr WHERE nb_rol_usr='Estudiante'; Thu Nov 13 14:19:25 VET 2014]]></LOG><LOG TP='BD'><![CDATA[13/11/2014 -> SELECT * FROM tbl_rol_usr WHERE nb_rol_usr='Maestro'; Thu Nov 13 14:19:25 VET 2014]]></LOG><LOG TP='BD'><![CDATA[13/11/2014 -> SELECT * FROM tbl_rol_usr WHERE nb_rol_usr='Administrador'; Thu Nov 13 14:19:25 VET 2014]]></LOG><LOG TP='BD'><![CDATA[13/11/2014 -> SELECT * FROM tbl_rol_usr WHERE nb_rol_usr='Estudiante'; Thu Nov 13 14:19:25 VET 2014]]></LOG><LOG TP='BD'><![CDATA[13/11/2014 -> SELECT * FROM tbl_rol_usr WHERE nb_rol_usr='Maestro'; Thu Nov 13 14:19:25 VET 2014]]></LOG><LOG TP='BD'><![CDATA[13/11/2014 -> SELECT * FROM tbl_estatus WHERE id_estatus='3'; Thu Nov 13 14:19:25 VET 2014]]></LOG><LOG TP='BD'><![CDATA[13/11/2014 -> SELECT * FROM tbl_estatus WHERE id_estatus='3'; Thu Nov 13 14:19:25 VET 2014]]></LOG><LOG TP='BD'><![CDATA[13/11/2014 -> SELECT * FROM tbl_estatus WHERE id_estatus='4'; Thu Nov 13 14:19:25 VET 2014]]></LOG><LOG TP='BD'><![CDATA[13/11/2014 -> SELECT * FROM tbl_rol_usr WHERE id_rol_usr=3; Thu Nov 13 14:19:25 VET 2014]]></LOG><LOG TP='BD'><![CDATA[13/11/2014 -> SELECT * FROM usuarios WHERE tx_login='jose3' and clave='12345'; Thu Nov 13 14:39:33 VET 2014]]></LOG><LOG TP='BD'><![CDATA[13/11/2014 -> SELECT * FROM usuarios WHERE tx_login='jose3' and clave='12345'; Thu Nov 13 14:39:33 VET 2014]]></LOG><LOG TP='BD'><![CDATA[13/11/2014 -> SELECT * FROM usuarios WHERE tx_login='jose3' and clave='12345'; Thu Nov 13 14:39:33 VET 2014]]></LOG><LOG TP='BD'><![CDATA[13/11/2014 -> SELECT * FROM tbl_estatus WHERE id_estatus='1'; Thu Nov 13 14:39:33 VET 2014]]></LOG><LOG TP='BD'><![CDATA[13/11/2014 -> SELECT * FROM usuarios WHERE tx_login='jose3' and clave='12345'; Thu Nov 13 14:39:33 VET 2014]]></LOG><LOG TP='BD'><![CDATA[13/11/2014 -> SELECT * FROM tbl_rol_usr WHERE nb_rol_usr='Administrador'; Thu Nov 13 14:39:33 VET 2014]]></LOG><LOG TP='BD'><![CDATA[13/11/2014 -> SELECT * FROM tbl_rol_usr WHERE nb_rol_usr='Estudiante'; Thu Nov 13 14:39:33 VET 2014]]></LOG><LOG TP='BD'><![CDATA[13/11/2014 -> SELECT * FROM tbl_rol_usr WHERE nb_rol_usr='Maestro'; Thu Nov 13 14:39:33 VET 2014]]></LOG><LOG TP='BD'><![CDATA[13/11/2014 -> SELECT * FROM tbl_rol_usr WHERE nb_rol_usr='Administrador'; Thu Nov 13 14:39:33 VET 2014]]></LOG><LOG TP='BD'><![CDATA[13/11/2014 -> SELECT * FROM tbl_rol_usr WHERE nb_rol_usr='Estudiante'; Thu Nov 13 14:39:33 VET 2014]]></LOG><LOG TP='BD'><![CDATA[13/11/2014 -> SELECT * FROM tbl_rol_usr WHERE nb_rol_usr='Maestro'; Thu Nov 13 14:39:33 VET 2014]]></LOG><LOG TP='BD'><![CDATA[13/11/2014 -> SELECT * FROM tbl_estatus WHERE id_estatus='3'; Thu Nov 13 14:39:33 VET 2014]]></LOG><LOG TP='BD'><![CDATA[13/11/2014 -> SELECT * FROM tbl_estatus WHERE id_estatus='3'; Thu Nov 13 14:39:33 VET 2014]]></LOG><LOG TP='BD'><![CDATA[13/11/2014 -> SELECT * FROM tbl_estatus WHERE id_estatus='4'; Thu Nov 13 14:39:33 VET 2014]]></LOG><LOG TP='BD'><![CDATA[13/11/2014 -> SELECT * FROM tbl_rol_usr WHERE id_rol_usr=3; Thu Nov 13 14:39:33 VET 2014]]></LOG><LOG TP='BD'><![CDATA[13/11/2014 -> SELECT id_estado FROM tbl_estado WHERE nb_estado='Aragua'; Thu Nov 13 14:39:33 VET 2014]]></LOG><LOG TP='BD'><![CDATA[13/11/2014 -> SELECT id_estado FROM tbl_estado WHERE nb_estado='Aragua'; Thu Nov 13 14:39:33 VET 2014]]></LOG><LOG TP='BD'><![CDATA[13/11/2014 -> SELECT id_municipio FROM tbl_municipio WHERE nb_municipio='Sucre'; Thu Nov 13 14:39:33 VET 2014]]></LOG><LOG TP='BD'><![CDATA[13/11/2014 -> SELECT id_municipio FROM tbl_municipio WHERE nb_municipio='Sucre'; Thu Nov 13 14:39:33 VET 2014]]></LOG><LOG TP='BD'><![CDATA[13/11/2014 -> SELECT * FROM usuarios WHERE cedula='24525028'; Thu Nov 13 14:39:33 VET 2014]]></LOG><LOG TP='BD'><![CDATA[13/11/2014 -> SELECT * FROM usuarios WHERE cedula='24525028'; Thu Nov 13 14:39:33 VET 2014]]></LOG><LOG TP='BD'><![CDATA[13/11/2014 -> SELECT * FROM tbl_ciudad WHERE nb_ciudad ='Cumaná'; Thu Nov 13 14:39:33 VET 2014]]></LOG><LOG TP='BD'><![CDATA[13/11/2014 -> UPDATE usuarios SET cedula='24525028',nombre='jose', apellido='chirino', sexo='Masculino', fe_nacim='Wed Sep 03 00:00:00 VET 2014', clave='jose', tx_direccion='eerrr',tx_login='chechu',id_ciudad='159',email='chechu' WHERE id_usuario='36'; Thu Nov 13 14:39:33 VET 2014]]></LOG><LOG TP='BD'><![CDATA[13/11/2014 -> SELECT * FROM usuarios WHERE tx_login='jose2' and clave='12345'; Thu Nov 13 15:03:40 VET 2014]]></LOG><LOG TP='BD'><![CDATA[13/11/2014 -> SELECT * FROM usuarios WHERE tx_login='jose2' and clave='12345'; Thu Nov 13 15:03:40 VET 2014]]></LOG><LOG TP='BD'><![CDATA[13/11/2014 -> SELECT * FROM usuarios WHERE tx_login='jose2' and clave='12345'; Thu Nov 13 15:03:40 VET 2014]]></LOG><LOG TP='BD'><![CDATA[13/11/2014 -> SELECT * FROM tbl_estatus WHERE id_estatus='null'; Thu Nov 13 15:03:40 VET 2014ERROR= ERROR: la sintaxis de entrada no es válida para integer: «null»
  Position: 44]]></LOG><LOG TP='BD'><![CDATA[13/11/2014 -> SELECT * FROM usuarios WHERE tx_login='jose2' and clave='12345'; Thu Nov 13 15:03:40 VET 2014]]></LOG><LOG TP='BD'><![CDATA[13/11/2014 -> SELECT * FROM usuarios WHERE tx_login='jose2' and clave='12345'; Thu Nov 13 15:03:40 VET 2014]]></LOG><LOG TP='BD'><![CDATA[13/11/2014 -> SELECT * FROM usuarios WHERE tx_login='jose2' and clave='12345'; Thu Nov 13 15:03:40 VET 2014]]></LOG><LOG TP='BD'><![CDATA[13/11/2014 -> SELECT * FROM tbl_estatus WHERE id_estatus='null'; Thu Nov 13 15:03:40 VET 2014ERROR= ERROR: la sintaxis de entrada no es válida para integer: «null»
  Position: 44]]></LOG><LOG TP='BD'><![CDATA[13/11/2014 -> SELECT * FROM usuarios WHERE tx_login='jose   ' and clave='12345'; Thu Nov 13 15:03:40 VET 2014]]></LOG><LOG TP='BD'><![CDATA[13/11/2014 -> SELECT * FROM usuarios WHERE tx_login='jose' and clave='12345'; Thu Nov 13 15:03:40 VET 2014]]></LOG><LOG TP='BD'><![CDATA[13/11/2014 -> SELECT * FROM usuarios WHERE tx_login='jose' and clave='12345'; Thu Nov 13 15:03:40 VET 2014]]></LOG><LOG TP='BD'><![CDATA[13/11/2014 -> SELECT * FROM usuarios WHERE tx_login='jose' and clave='12345'; Thu Nov 13 15:03:40 VET 2014]]></LOG><LOG TP='BD'><![CDATA[13/11/2014 -> SELECT * FROM tbl_estatus WHERE id_estatus='1'; Thu Nov 13 15:03:40 VET 2014]]></LOG><LOG TP='BD'><![CDATA[13/11/2014 -> SELECT * FROM usuarios WHERE tx_login='jose' and clave='12345'; Thu Nov 13 15:03:40 VET 2014]]></LOG><LOG TP='BD'><![CDATA[13/11/2014 -> SELECT * FROM tbl_rol_usr WHERE nb_rol_usr='Administrador'; Thu Nov 13 15:03:40 VET 2014]]></LOG><LOG TP='BD'><![CDATA[13/11/2014 -> SELECT * FROM tbl_rol_usr WHERE nb_rol_usr='Estudiante'; Thu Nov 13 15:03:40 VET 2014]]></LOG><LOG TP='BD'><![CDATA[13/11/2014 -> SELECT * FROM tbl_rol_usr WHERE nb_rol_usr='Maestro'; Thu Nov 13 15:03:40 VET 2014]]></LOG><LOG TP='BD'><![CDATA[13/11/2014 -> SELECT * FROM tbl_rol_usr WHERE nb_rol_usr='Administrador'; Thu Nov 13 15:03:40 VET 2014]]></LOG><LOG TP='BD'><![CDATA[13/11/2014 -> SELECT * FROM tbl_rol_usr WHERE nb_rol_usr='Estudiante'; Thu Nov 13 15:03:40 VET 2014]]></LOG><LOG TP='BD'><![CDATA[13/11/2014 -> SELECT * FROM tbl_rol_usr WHERE nb_rol_usr='Maestro'; Thu Nov 13 15:03:40 VET 2014]]></LOG><LOG TP='BD'><![CDATA[13/11/2014 -> SELECT * FROM tbl_estatus WHERE id_estatus='3'; Thu Nov 13 15:03:40 VET 2014]]></LOG><LOG TP='BD'><![CDATA[13/11/2014 -> SELECT * FROM tbl_estatus WHERE id_estatus='3'; Thu Nov 13 15:03:40 VET 2014]]></LOG><LOG TP='BD'><![CDATA[13/11/2014 -> SELECT * FROM tbl_estatus WHERE id_estatus='3'; Thu Nov 13 15:03:40 VET 2014]]></LOG><LOG TP='BD'><![CDATA[13/11/2014 -> SELECT * FROM tbl_rol_usr WHERE id_rol_usr=3; Thu Nov 13 15:03:40 VET 2014]]></LOG><LOG TP='BD'><![CDATA[13/11/2014 -> SELECT * FROM usuarios WHERE tx_login='frejolano' and clave='1234'; Thu Nov 13 15:10:32 VET 2014]]></LOG><LOG TP='BD'><![CDATA[13/11/2014 -> SELECT * FROM usuarios WHERE tx_login='frejolano' and clave='1234'; Thu Nov 13 15:10:32 VET 2014]]></LOG><LOG TP='BD'><![CDATA[13/11/2014 -> SELECT * FROM usuarios WHERE tx_login='frejolano' and clave='1234'; Thu Nov 13 15:10:32 VET 2014]]></LOG><LOG TP='BD'><![CDATA[13/11/2014 -> SELECT * FROM tbl_estatus WHERE id_estatus='1'; Thu Nov 13 15:10:32 VET 2014]]></LOG><LOG TP='BD'><![CDATA[13/11/2014 -> SELECT * FROM usuarios WHERE tx_login='frejolano' and clave='1234'; Thu Nov 13 15:10:32 VET 2014]]></LOG><LOG TP='BD'><![CDATA[13/11/2014 -> SELECT * FROM tbl_rol_usr WHERE nb_rol_usr='Administrador'; Thu Nov 13 15:10:32 VET 2014]]></LOG><LOG TP='BD'><![CDATA[13/11/2014 -> SELECT * FROM tbl_rol_usr WHERE nb_rol_usr='Estudiante'; Thu Nov 13 15:10:32 VET 2014]]></LOG><LOG TP='BD'><![CDATA[13/11/2014 -> SELECT * FROM tbl_rol_usr WHERE nb_rol_usr='Maestro'; Thu Nov 13 15:10:32 VET 2014]]></LOG><LOG TP='BD'><![CDATA[13/11/2014 -> SELECT * FROM tbl_rol_usr WHERE nb_rol_usr='Administrador'; Thu Nov 13 15:10:32 VET 2014]]></LOG><LOG TP='BD'><![CDATA[13/11/2014 -> SELECT * FROM tbl_rol_usr WHERE nb_rol_usr='Estudiante'; Thu Nov 13 15:10:32 VET 2014]]></LOG><LOG TP='BD'><![CDATA[13/11/2014 -> SELECT * FROM tbl_rol_usr WHERE nb_rol_usr='Maestro'; Thu Nov 13 15:10:32 VET 2014]]></LOG><LOG TP='BD'><![CDATA[13/11/2014 -> SELECT * FROM tbl_estatus WHERE id_estatus='3'; Thu Nov 13 15:10:32 VET 2014]]></LOG><LOG TP='BD'><![CDATA[13/11/2014 -> SELECT * FROM tbl_estatus WHERE id_estatus='3'; Thu Nov 13 15:10:32 VET 2014]]></LOG><LOG TP='BD'><![CDATA[13/11/2014 -> SELECT * FROM tbl_estatus WHERE id_estatus='3'; Thu Nov 13 15:10:32 VET 2014]]></LOG><LOG TP='BD'><![CDATA[13/11/2014 -> SELECT * FROM tbl_rol_usr WHERE id_rol_usr=1; Thu Nov 13 15:10:32 VET 2014]]></LOG><LOG TP='BD'><![CDATA[13/11/2014 -> SELECT * FROM tbl_estatus WHERE nb_estatus='activo'and tx_estatus='tbl_rol_usr'; Thu Nov 13 15:10:32 VET 2014]]></LOG>