<LOG TP='BD'><![CDATA[1/11/2014 -> SELECT * FROM usuarios WHERE tx_login='jesus' and clave='12345'; Sat Nov 01 09:26:33 VET 2014]]></LOG><LOG TP='BD'><![CDATA[1/11/2014 -> SELECT * FROM usuarios WHERE tx_login='jesus' and clave='12345'; Sat Nov 01 09:26:33 VET 2014]]></LOG><LOG TP='BD'><![CDATA[1/11/2014 -> SELECT * FROM tbl_rol_usr WHERE nb_rol_usr='Administrador'; Sat Nov 01 09:26:33 VET 2014]]></LOG><LOG TP='BD'><![CDATA[1/11/2014 -> SELECT * FROM tbl_rol_usr WHERE nb_rol_usr='Estudiante'; Sat Nov 01 09:26:33 VET 2014]]></LOG><LOG TP='BD'><![CDATA[1/11/2014 -> SELECT * FROM tbl_rol_usr WHERE nb_rol_usr='Maestro'; Sat Nov 01 09:26:33 VET 2014]]></LOG><LOG TP='BD'><![CDATA[1/11/2014 -> SELECT * FROM usuarios WHERE cedula='777'; Sat Nov 01 09:26:33 VET 2014]]></LOG><LOG TP='BD'><![CDATA[1/11/2014 -> SELECT * FROM usuarios WHERE cedula='777'; Sat Nov 01 09:26:33 VET 2014]]></LOG><LOG TP='BD'><![CDATA[1/11/2014 -> SELECT * FROM usuarios WHERE cedula='777'; Sat Nov 01 09:26:33 VET 2014]]></LOG><LOG TP='BD'><![CDATA[1/11/2014 -> SELECT * FROM usuarios WHERE cedula='777'; Sat Nov 01 09:26:33 VET 2014]]></LOG><LOG TP='BD'><![CDATA[1/11/2014 -> SELECT * FROM usuarios WHERE cedula='777'; Sat Nov 01 09:26:33 VET 2014]]></LOG><LOG TP='BD'><![CDATA[1/11/2014 -> SELECT * FROM usuarios WHERE cedula='777'; Sat Nov 01 09:26:33 VET 2014]]></LOG><LOG TP='BD'><![CDATA[1/11/2014 -> SELECT * FROM usuarios WHERE cedula='777'; Sat Nov 01 09:26:33 VET 2014]]></LOG><LOG TP='BD'><![CDATA[1/11/2014 -> SELECT * FROM usuarios WHERE cedula='777'; Sat Nov 01 09:26:33 VET 2014]]></LOG><LOG TP='BD'><![CDATA[1/11/2014 -> SELECT * FROM usuarios WHERE cedula='777'; Sat Nov 01 09:26:33 VET 2014]]></LOG><LOG TP='BD'><![CDATA[1/11/2014 -> SELECT * FROM usuarios WHERE cedula='777'; Sat Nov 01 09:26:33 VET 2014]]></LOG><LOG TP='BD'><![CDATA[1/11/2014 -> SELECT * FROM usuarios WHERE cedula='777'; Sat Nov 01 09:26:33 VET 2014]]></LOG><LOG TP='BD'><![CDATA[1/11/2014 -> SELECT * FROM usuarios WHERE cedula='777'; Sat Nov 01 09:26:33 VET 2014]]></LOG><LOG TP='BD'><![CDATA[1/11/2014 -> SELECT * FROM usuarios WHERE cedula='777'; Sat Nov 01 09:26:33 VET 2014]]></LOG><LOG TP='BD'><![CDATA[1/11/2014 -> SELECT * FROM usuarios WHERE cedula='777'; Sat Nov 01 09:26:33 VET 2014]]></LOG><LOG TP='BD'><![CDATA[1/11/2014 -> SELECT * FROM usuarios WHERE cedula='777'; Sat Nov 01 09:26:33 VET 2014]]></LOG><LOG TP='BD'><![CDATA[1/11/2014 -> SELECT * FROM usuarios WHERE cedula='777'; Sat Nov 01 09:26:33 VET 2014]]></LOG><LOG TP='BD'><![CDATA[1/11/2014 -> SELECT * FROM usuarios WHERE tx_login='jesus' and clave='12345'; Sat Nov 01 09:29:23 VET 2014]]></LOG><LOG TP='BD'><![CDATA[1/11/2014 -> SELECT * FROM usuarios WHERE tx_login='jesus' and clave='12345'; Sat Nov 01 09:29:23 VET 2014]]></LOG><LOG TP='BD'><![CDATA[1/11/2014 -> SELECT * FROM tbl_rol_usr WHERE nb_rol_usr='Administrador'; Sat Nov 01 09:29:23 VET 2014]]></LOG><LOG TP='BD'><![CDATA[1/11/2014 -> SELECT * FROM tbl_rol_usr WHERE nb_rol_usr='Estudiante'; Sat Nov 01 09:29:23 VET 2014]]></LOG><LOG TP='BD'><![CDATA[1/11/2014 -> SELECT * FROM tbl_rol_usr WHERE nb_rol_usr='Maestro'; Sat Nov 01 09:29:23 VET 2014]]></LOG><LOG TP='BD'><![CDATA[1/11/2014 -> SELECT * FROM usuarios WHERE cedula='45'; Sat Nov 01 09:29:23 VET 2014]]></LOG><LOG TP='BD'><![CDATA[1/11/2014 -> SELECT id_estado FROM tbl_estado WHERE nb_estado='Barinas'; Sat Nov 01 09:29:23 VET 2014]]></LOG><LOG TP='BD'><![CDATA[1/11/2014 -> SELECT id_estado FROM tbl_estado WHERE nb_estado='Barinas'; Sat Nov 01 09:29:23 VET 2014]]></LOG><LOG TP='BD'><![CDATA[1/11/2014 -> SELECT id_estado FROM tbl_estado WHERE nb_estado='Carabobo'; Sat Nov 01 09:29:23 VET 2014]]></LOG><LOG TP='BD'><![CDATA[1/11/2014 -> SELECT id_estado FROM tbl_estado WHERE nb_estado='Carabobo'; Sat Nov 01 09:29:23 VET 2014]]></LOG><LOG TP='BD'><![CDATA[1/11/2014 -> SELECT id_estado FROM tbl_estado WHERE nb_estado='Amazonas'; Sat Nov 01 09:29:23 VET 2014]]></LOG><LOG TP='BD'><![CDATA[1/11/2014 -> SELECT id_estado FROM tbl_estado WHERE nb_estado='Amazonas'; Sat Nov 01 09:29:23 VET 2014]]></LOG><LOG TP='BD'><![CDATA[1/11/2014 -> SELECT id_municipio FROM tbl_municipios WHERE nb_municipio='Item 2'; Sat Nov 01 09:29:23 VET 2014ERROR= ERROR: no existe la relación «tbl_municipios»
  Position: 26]]></LOG><LOG TP='BD'><![CDATA[1/11/2014 -> SELECT * FROM usuarios WHERE tx_login='jesus' and clave='12345'; Sat Nov 01 09:42:37 VET 2014]]></LOG><LOG TP='BD'><![CDATA[1/11/2014 -> SELECT * FROM usuarios WHERE tx_login='jesus' and clave='12345'; Sat Nov 01 09:42:37 VET 2014]]></LOG><LOG TP='BD'><![CDATA[1/11/2014 -> SELECT * FROM tbl_rol_usr WHERE nb_rol_usr='Administrador'; Sat Nov 01 09:42:37 VET 2014]]></LOG><LOG TP='BD'><![CDATA[1/11/2014 -> SELECT * FROM tbl_rol_usr WHERE nb_rol_usr='Estudiante'; Sat Nov 01 09:42:37 VET 2014]]></LOG><LOG TP='BD'><![CDATA[1/11/2014 -> SELECT * FROM tbl_rol_usr WHERE nb_rol_usr='Maestro'; Sat Nov 01 09:42:37 VET 2014]]></LOG><LOG TP='BD'><![CDATA[1/11/2014 -> SELECT * FROM usuarios WHERE cedula='22323'; Sat Nov 01 09:42:37 VET 2014]]></LOG><LOG TP='BD'><![CDATA[1/11/2014 -> SELECT id_estado FROM tbl_estado WHERE nb_estado='Cojedes'; Sat Nov 01 09:42:37 VET 2014]]></LOG><LOG TP='BD'><![CDATA[1/11/2014 -> SELECT id_estado FROM tbl_estado WHERE nb_estado='Cojedes'; Sat Nov 01 09:42:37 VET 2014]]></LOG><LOG TP='BD'><![CDATA[1/11/2014 -> SELECT * FROM usuarios WHERE tx_login='jesus' and clave='12345'; Sat Nov 01 09:50:16 VET 2014]]></LOG><LOG TP='BD'><![CDATA[1/11/2014 -> SELECT * FROM usuarios WHERE tx_login='jesus' and clave='12345'; Sat Nov 01 09:50:16 VET 2014]]></LOG><LOG TP='BD'><![CDATA[1/11/2014 -> SELECT * FROM tbl_rol_usr WHERE nb_rol_usr='Administrador'; Sat Nov 01 09:50:16 VET 2014]]></LOG><LOG TP='BD'><![CDATA[1/11/2014 -> SELECT * FROM tbl_rol_usr WHERE nb_rol_usr='Estudiante'; Sat Nov 01 09:50:16 VET 2014]]></LOG><LOG TP='BD'><![CDATA[1/11/2014 -> SELECT * FROM tbl_rol_usr WHERE nb_rol_usr='Maestro'; Sat Nov 01 09:50:16 VET 2014]]></LOG><LOG TP='BD'><![CDATA[1/11/2014 -> SELECT * FROM usuarios WHERE cedula='23455'; Sat Nov 01 09:50:16 VET 2014]]></LOG><LOG TP='BD'><![CDATA[1/11/2014 -> SELECT id_estado FROM tbl_estado WHERE nb_estado='Barinas'; Sat Nov 01 09:50:16 VET 2014]]></LOG><LOG TP='BD'><![CDATA[1/11/2014 -> SELECT id_estado FROM tbl_estado WHERE nb_estado='Barinas'; Sat Nov 01 09:50:16 VET 2014]]></LOG><LOG TP='BD'><![CDATA[1/11/2014 -> SELECT id_estado FROM tbl_estado WHERE nb_estado='Carabobo'; Sat Nov 01 09:50:16 VET 2014]]></LOG><LOG TP='BD'><![CDATA[1/11/2014 -> SELECT id_estado FROM tbl_estado WHERE nb_estado='Carabobo'; Sat Nov 01 09:50:16 VET 2014]]></LOG><LOG TP='BD'><![CDATA[1/11/2014 -> SELECT id_municipio FROM tbl_municipio WHERE nb_municipio='Item 3'; Sat Nov 01 09:50:16 VET 2014]]></LOG><LOG TP='BD'><![CDATA[1/11/2014 -> SELECT id_municipio FROM tbl_municipio WHERE nb_municipio='Item 3'; Sat Nov 01 09:50:16 VET 2014]]></LOG><LOG TP='BD'><![CDATA[1/11/2014 -> SELECT id_municipio FROM tbl_municipio WHERE nb_municipio='Item 4'; Sat Nov 01 09:50:16 VET 2014]]></LOG><LOG TP='BD'><![CDATA[1/11/2014 -> SELECT * FROM usuarios WHERE tx_login='frejolano' and clave='1234'; Sat Nov 01 10:58:14 VET 2014]]></LOG><LOG TP='BD'><![CDATA[1/11/2014 -> SELECT * FROM usuarios WHERE tx_login='frejolano' and clave='1234'; Sat Nov 01 10:58:14 VET 2014]]></LOG><LOG TP='BD'><![CDATA[1/11/2014 -> SELECT * FROM tbl_rol_usr WHERE nb_rol_usr='Administrador'; Sat Nov 01 10:58:14 VET 2014]]></LOG><LOG TP='BD'><![CDATA[1/11/2014 -> SELECT * FROM tbl_rol_usr WHERE nb_rol_usr='Estudiante'; Sat Nov 01 10:58:14 VET 2014]]></LOG><LOG TP='BD'><![CDATA[1/11/2014 -> SELECT * FROM tbl_rol_usr WHERE nb_rol_usr='Maestro'; Sat Nov 01 10:58:14 VET 2014]]></LOG><LOG TP='BD'><![CDATA[1/11/2014 -> SELECT * FROM tbl_rol_usr WHERE id_rol_usr=1; Sat Nov 01 10:58:14 VET 2014]]></LOG><LOG TP='BD'><![CDATA[1/11/2014 -> SELECT * FROM usuarios WHERE tx_login='frejolano' and clave='1234'; Sat Nov 01 11:06:23 VET 2014]]></LOG><LOG TP='BD'><![CDATA[1/11/2014 -> SELECT * FROM usuarios WHERE tx_login='frejolano' and clave='1234'; Sat Nov 01 11:06:23 VET 2014]]></LOG><LOG TP='BD'><![CDATA[1/11/2014 -> SELECT * FROM tbl_rol_usr WHERE nb_rol_usr='Administrador'; Sat Nov 01 11:06:23 VET 2014]]></LOG><LOG TP='BD'><![CDATA[1/11/2014 -> SELECT * FROM tbl_rol_usr WHERE nb_rol_usr='Estudiante'; Sat Nov 01 11:06:23 VET 2014]]></LOG><LOG TP='BD'><![CDATA[1/11/2014 -> SELECT * FROM tbl_rol_usr WHERE nb_rol_usr='Maestro'; Sat Nov 01 11:06:23 VET 2014]]></LOG><LOG TP='BD'><![CDATA[1/11/2014 -> SELECT * FROM tbl_rol_usr WHERE id_rol_usr=1; Sat Nov 01 11:06:23 VET 2014]]></LOG><LOG TP='BD'><![CDATA[1/11/2014 -> SELECT * FROM usuarios WHERE tx_login='frejolano' and clave='1234'; Sat Nov 01 11:52:25 VET 2014]]></LOG><LOG TP='BD'><![CDATA[1/11/2014 -> SELECT * FROM usuarios WHERE tx_login='frejolano' and clave='1234'; Sat Nov 01 11:52:25 VET 2014]]></LOG><LOG TP='BD'><![CDATA[1/11/2014 -> SELECT * FROM tbl_rol_usr WHERE nb_rol_usr='Administrador'; Sat Nov 01 11:52:25 VET 2014]]></LOG><LOG TP='BD'><![CDATA[1/11/2014 -> SELECT * FROM tbl_rol_usr WHERE nb_rol_usr='Estudiante'; Sat Nov 01 11:52:25 VET 2014]]></LOG><LOG TP='BD'><![CDATA[1/11/2014 -> SELECT * FROM tbl_rol_usr WHERE nb_rol_usr='Maestro'; Sat Nov 01 11:52:25 VET 2014]]></LOG><LOG TP='BD'><![CDATA[1/11/2014 -> SELECT * FROM tbl_rol_usr WHERE id_rol_usr=1; Sat Nov 01 11:52:25 VET 2014]]></LOG><LOG TP='BD'><![CDATA[1/11/2014 -> SELECT * FROM usuarios WHERE tx_login='frejolano' and clave='12345'; Sat Nov 01 12:04:09 VET 2014]]></LOG><LOG TP='BD'><![CDATA[1/11/2014 -> SELECT * FROM usuarios WHERE tx_login='frejolano' and clave='1234'; Sat Nov 01 12:04:09 VET 2014]]></LOG><LOG TP='BD'><![CDATA[1/11/2014 -> SELECT * FROM usuarios WHERE tx_login='frejolano' and clave='1234'; Sat Nov 01 12:04:09 VET 2014]]></LOG><LOG TP='BD'><![CDATA[1/11/2014 -> SELECT * FROM tbl_rol_usr WHERE nb_rol_usr='Administrador'; Sat Nov 01 12:04:09 VET 2014]]></LOG><LOG TP='BD'><![CDATA[1/11/2014 -> SELECT * FROM tbl_rol_usr WHERE nb_rol_usr='Estudiante'; Sat Nov 01 12:04:09 VET 2014]]></LOG><LOG TP='BD'><![CDATA[1/11/2014 -> SELECT * FROM tbl_rol_usr WHERE nb_rol_usr='Maestro'; Sat Nov 01 12:04:09 VET 2014]]></LOG><LOG TP='BD'><![CDATA[1/11/2014 -> SELECT * FROM tbl_rol_usr WHERE id_rol_usr=1; Sat Nov 01 12:04:09 VET 2014]]></LOG><LOG TP='BD'><![CDATA[1/11/2014 -> SELECT * FROM usuarios WHERE tx_login='frejolano' and clave='1234'; Sat Nov 01 12:11:04 VET 2014]]></LOG><LOG TP='BD'><![CDATA[1/11/2014 -> SELECT * FROM usuarios WHERE tx_login='frejolano' and clave='1234'; Sat Nov 01 12:11:04 VET 2014]]></LOG><LOG TP='BD'><![CDATA[1/11/2014 -> SELECT * FROM tbl_rol_usr WHERE nb_rol_usr='Administrador'; Sat Nov 01 12:11:04 VET 2014]]></LOG><LOG TP='BD'><![CDATA[1/11/2014 -> SELECT * FROM tbl_rol_usr WHERE nb_rol_usr='Estudiante'; Sat Nov 01 12:11:04 VET 2014]]></LOG><LOG TP='BD'><![CDATA[1/11/2014 -> SELECT * FROM tbl_rol_usr WHERE nb_rol_usr='Maestro'; Sat Nov 01 12:11:04 VET 2014]]></LOG><LOG TP='BD'><![CDATA[1/11/2014 -> SELECT * FROM tbl_rol_usr WHERE id_rol_usr=1; Sat Nov 01 12:11:04 VET 2014]]></LOG><LOG TP='BD'><![CDATA[1/11/2014 -> SELECT * FROM usuarios WHERE tx_login='frejolano' and clave='12345'; Sat Nov 01 12:49:58 VET 2014]]></LOG><LOG TP='BD'><![CDATA[1/11/2014 -> SELECT * FROM usuarios WHERE tx_login='frejolano' and clave='1234'; Sat Nov 01 12:49:58 VET 2014]]></LOG><LOG TP='BD'><![CDATA[1/11/2014 -> SELECT * FROM usuarios WHERE tx_login='frejolano' and clave='1234'; Sat Nov 01 12:49:58 VET 2014]]></LOG><LOG TP='BD'><![CDATA[1/11/2014 -> SELECT * FROM tbl_rol_usr WHERE nb_rol_usr='Administrador'; Sat Nov 01 12:49:58 VET 2014]]></LOG><LOG TP='BD'><![CDATA[1/11/2014 -> SELECT * FROM tbl_rol_usr WHERE nb_rol_usr='Estudiante'; Sat Nov 01 12:49:58 VET 2014]]></LOG><LOG TP='BD'><![CDATA[1/11/2014 -> SELECT * FROM tbl_rol_usr WHERE nb_rol_usr='Maestro'; Sat Nov 01 12:49:58 VET 2014]]></LOG><LOG TP='BD'><![CDATA[1/11/2014 -> SELECT * FROM tbl_rol_usr WHERE id_rol_usr=1; Sat Nov 01 12:49:58 VET 2014]]></LOG><LOG TP='BD'><![CDATA[1/11/2014 -> SELECT * FROM usuarios WHERE tx_login='frejolano' and clave='1234'; Sat Nov 01 12:55:58 VET 2014]]></LOG><LOG TP='BD'><![CDATA[1/11/2014 -> SELECT * FROM usuarios WHERE tx_login='frejolano' and clave='1234'; Sat Nov 01 12:55:58 VET 2014]]></LOG><LOG TP='BD'><![CDATA[1/11/2014 -> SELECT * FROM tbl_rol_usr WHERE nb_rol_usr='Administrador'; Sat Nov 01 12:55:58 VET 2014]]></LOG><LOG TP='BD'><![CDATA[1/11/2014 -> SELECT * FROM tbl_rol_usr WHERE nb_rol_usr='Estudiante'; Sat Nov 01 12:55:58 VET 2014]]></LOG><LOG TP='BD'><![CDATA[1/11/2014 -> SELECT * FROM tbl_rol_usr WHERE nb_rol_usr='Maestro'; Sat Nov 01 12:55:58 VET 2014]]></LOG><LOG TP='BD'><![CDATA[1/11/2014 -> SELECT * FROM tbl_rol_usr WHERE id_rol_usr=1; Sat Nov 01 12:55:58 VET 2014]]></LOG><LOG TP='BD'><![CDATA[1/11/2014 -> SELECT * FROM usuarios WHERE tx_login='frejolano' and clave='12345'; Sat Nov 01 12:58:44 VET 2014]]></LOG><LOG TP='BD'><![CDATA[1/11/2014 -> SELECT * FROM usuarios WHERE tx_login='frejolano' and clave='1234'; Sat Nov 01 12:58:44 VET 2014]]></LOG><LOG TP='BD'><![CDATA[1/11/2014 -> SELECT * FROM usuarios WHERE tx_login='frejolano' and clave='1234'; Sat Nov 01 12:58:44 VET 2014]]></LOG><LOG TP='BD'><![CDATA[1/11/2014 -> SELECT * FROM tbl_rol_usr WHERE nb_rol_usr='Administrador'; Sat Nov 01 12:58:44 VET 2014]]></LOG><LOG TP='BD'><![CDATA[1/11/2014 -> SELECT * FROM tbl_rol_usr WHERE nb_rol_usr='Estudiante'; Sat Nov 01 12:58:44 VET 2014]]></LOG><LOG TP='BD'><![CDATA[1/11/2014 -> SELECT * FROM tbl_rol_usr WHERE nb_rol_usr='Maestro'; Sat Nov 01 12:58:44 VET 2014]]></LOG><LOG TP='BD'><![CDATA[1/11/2014 -> SELECT * FROM tbl_rol_usr WHERE id_rol_usr=1; Sat Nov 01 12:58:44 VET 2014]]></LOG><LOG TP='BD'><![CDATA[1/11/2014 -> SELECT * FROM usuarios WHERE tx_login='frejolano' and clave='1234'; Sat Nov 01 13:09:20 VET 2014]]></LOG><LOG TP='BD'><![CDATA[1/11/2014 -> SELECT * FROM usuarios WHERE tx_login='frejolano' and clave='1234'; Sat Nov 01 13:09:20 VET 2014]]></LOG><LOG TP='BD'><![CDATA[1/11/2014 -> SELECT * FROM tbl_rol_usr WHERE nb_rol_usr='Administrador'; Sat Nov 01 13:09:20 VET 2014]]></LOG><LOG TP='BD'><![CDATA[1/11/2014 -> SELECT * FROM tbl_rol_usr WHERE nb_rol_usr='Estudiante'; Sat Nov 01 13:09:20 VET 2014]]></LOG><LOG TP='BD'><![CDATA[1/11/2014 -> SELECT * FROM tbl_rol_usr WHERE nb_rol_usr='Maestro'; Sat Nov 01 13:09:20 VET 2014]]></LOG><LOG TP='BD'><![CDATA[1/11/2014 -> SELECT * FROM tbl_rol_usr WHERE id_rol_usr=1; Sat Nov 01 13:09:20 VET 2014]]></LOG><LOG TP='BD'><![CDATA[1/11/2014 -> SELECT * FROM usuarios WHERE tx_login='frejolano' and clave='1234'; Sat Nov 01 14:07:50 VET 2014]]></LOG><LOG TP='BD'><![CDATA[1/11/2014 -> SELECT * FROM usuarios WHERE tx_login='frejolano' and clave='1234'; Sat Nov 01 14:07:50 VET 2014]]></LOG><LOG TP='BD'><![CDATA[1/11/2014 -> SELECT * FROM tbl_rol_usr WHERE nb_rol_usr='Administrador'; Sat Nov 01 14:07:50 VET 2014]]></LOG><LOG TP='BD'><![CDATA[1/11/2014 -> SELECT * FROM tbl_rol_usr WHERE nb_rol_usr='Estudiante'; Sat Nov 01 14:07:50 VET 2014]]></LOG><LOG TP='BD'><![CDATA[1/11/2014 -> SELECT * FROM tbl_rol_usr WHERE nb_rol_usr='Maestro'; Sat Nov 01 14:07:50 VET 2014]]></LOG><LOG TP='BD'><![CDATA[1/11/2014 -> SELECT * FROM tbl_rol_usr WHERE id_rol_usr=1; Sat Nov 01 14:07:50 VET 2014]]></LOG><LOG TP='BD'><![CDATA[1/11/2014 -> SELECT * FROM usuarios WHERE tx_login='frejolano' and clave='1234'; Sat Nov 01 14:11:33 VET 2014]]></LOG><LOG TP='BD'><![CDATA[1/11/2014 -> SELECT * FROM usuarios WHERE tx_login='frejolano' and clave='1234'; Sat Nov 01 14:11:33 VET 2014]]></LOG><LOG TP='BD'><![CDATA[1/11/2014 -> SELECT * FROM tbl_rol_usr WHERE nb_rol_usr='Administrador'; Sat Nov 01 14:11:33 VET 2014]]></LOG><LOG TP='BD'><![CDATA[1/11/2014 -> SELECT * FROM tbl_rol_usr WHERE nb_rol_usr='Estudiante'; Sat Nov 01 14:11:33 VET 2014]]></LOG><LOG TP='BD'><![CDATA[1/11/2014 -> SELECT * FROM tbl_rol_usr WHERE nb_rol_usr='Maestro'; Sat Nov 01 14:11:33 VET 2014]]></LOG><LOG TP='BD'><![CDATA[1/11/2014 -> SELECT * FROM tbl_rol_usr WHERE id_rol_usr=1; Sat Nov 01 14:11:33 VET 2014]]></LOG><LOG TP='BD'><![CDATA[1/11/2014 -> SELECT * FROM usuarios WHERE tx_login='frejolano' and clave='12345'; Sat Nov 01 14:16:38 VET 2014]]></LOG><LOG TP='BD'><![CDATA[1/11/2014 -> SELECT * FROM usuarios WHERE tx_login='frejolano' and clave='1234'; Sat Nov 01 14:16:38 VET 2014]]></LOG><LOG TP='BD'><![CDATA[1/11/2014 -> SELECT * FROM usuarios WHERE tx_login='frejolano' and clave='1234'; Sat Nov 01 14:16:38 VET 2014]]></LOG><LOG TP='BD'><![CDATA[1/11/2014 -> SELECT * FROM tbl_rol_usr WHERE nb_rol_usr='Administrador'; Sat Nov 01 14:16:38 VET 2014]]></LOG><LOG TP='BD'><![CDATA[1/11/2014 -> SELECT * FROM tbl_rol_usr WHERE nb_rol_usr='Estudiante'; Sat Nov 01 14:16:38 VET 2014]]></LOG><LOG TP='BD'><![CDATA[1/11/2014 -> SELECT * FROM tbl_rol_usr WHERE nb_rol_usr='Maestro'; Sat Nov 01 14:16:38 VET 2014]]></LOG><LOG TP='BD'><![CDATA[1/11/2014 -> SELECT * FROM tbl_rol_usr WHERE id_rol_usr=1; Sat Nov 01 14:16:38 VET 2014]]></LOG><LOG TP='BD'><![CDATA[1/11/2014 -> SELECT * FROM usuarios WHERE tx_login='frejolano' and clave='1234'; Sat Nov 01 14:20:39 VET 2014]]></LOG><LOG TP='BD'><![CDATA[1/11/2014 -> SELECT * FROM usuarios WHERE tx_login='frejolano' and clave='1234'; Sat Nov 01 14:20:39 VET 2014]]></LOG><LOG TP='BD'><![CDATA[1/11/2014 -> SELECT * FROM tbl_rol_usr WHERE nb_rol_usr='Administrador'; Sat Nov 01 14:20:39 VET 2014]]></LOG><LOG TP='BD'><![CDATA[1/11/2014 -> SELECT * FROM tbl_rol_usr WHERE nb_rol_usr='Estudiante'; Sat Nov 01 14:20:39 VET 2014]]></LOG><LOG TP='BD'><![CDATA[1/11/2014 -> SELECT * FROM tbl_rol_usr WHERE nb_rol_usr='Maestro'; Sat Nov 01 14:20:39 VET 2014]]></LOG><LOG TP='BD'><![CDATA[1/11/2014 -> SELECT * FROM tbl_rol_usr WHERE id_rol_usr=1; Sat Nov 01 14:20:39 VET 2014]]></LOG><LOG TP='BD'><![CDATA[1/11/2014 -> SELECT * FROM tbl_libro WHERE nb_libro='Deuteronomio'; Sat Nov 01 14:20:39 VET 2014]]></LOG><LOG TP='BD'><![CDATA[1/11/2014 -> INSERT INTO tbl_preguntas(tx_preguntas,resp_correcta,id_etapa,id_libro) VALUES('gdvddggd','jbhfhhhhh',3,'5'); Sat Nov 01 14:20:39 VET 2014ERROR= ERROR: no existe la columna «resp_correcta» en la relación «tbl_preguntas»
  Position: 40]]></LOG><LOG TP='BD'><![CDATA[1/11/2014 -> SELECT * FROM usuarios WHERE tx_login='frejolano' and clave='1234'; Sat Nov 01 14:24:16 VET 2014]]></LOG><LOG TP='BD'><![CDATA[1/11/2014 -> SELECT * FROM usuarios WHERE tx_login='frejolano' and clave='1234'; Sat Nov 01 14:24:16 VET 2014]]></LOG><LOG TP='BD'><![CDATA[1/11/2014 -> SELECT * FROM tbl_rol_usr WHERE nb_rol_usr='Administrador'; Sat Nov 01 14:24:16 VET 2014]]></LOG><LOG TP='BD'><![CDATA[1/11/2014 -> SELECT * FROM tbl_rol_usr WHERE nb_rol_usr='Estudiante'; Sat Nov 01 14:24:16 VET 2014]]></LOG><LOG TP='BD'><![CDATA[1/11/2014 -> SELECT * FROM tbl_rol_usr WHERE nb_rol_usr='Maestro'; Sat Nov 01 14:24:16 VET 2014]]></LOG><LOG TP='BD'><![CDATA[1/11/2014 -> SELECT * FROM tbl_rol_usr WHERE id_rol_usr=1; Sat Nov 01 14:24:16 VET 2014]]></LOG><LOG TP='BD'><![CDATA[1/11/2014 -> SELECT * FROM tbl_libro WHERE nb_libro='Numeros'; Sat Nov 01 14:24:16 VET 2014]]></LOG><LOG TP='BD'><![CDATA[1/11/2014 -> INSERT INTO tbl_preguntas(tx_preguntas,respuesta_correcta,id_etapa,id_libro) VALUES('hhhhhhhhh','jjjjjj',3,'4'); Sat Nov 01 14:24:16 VET 2014]]></LOG><LOG TP='BD'><![CDATA[1/11/2014 -> SELECT * FROM usuarios WHERE tx_login='frejolano' and clave='1234'; Sat Nov 01 14:47:34 VET 2014]]></LOG><LOG TP='BD'><![CDATA[1/11/2014 -> SELECT * FROM usuarios WHERE tx_login='frejolano' and clave='1234'; Sat Nov 01 14:47:34 VET 2014]]></LOG><LOG TP='BD'><![CDATA[1/11/2014 -> SELECT * FROM tbl_rol_usr WHERE nb_rol_usr='Administrador'; Sat Nov 01 14:47:34 VET 2014]]></LOG><LOG TP='BD'><![CDATA[1/11/2014 -> SELECT * FROM tbl_rol_usr WHERE nb_rol_usr='Estudiante'; Sat Nov 01 14:47:34 VET 2014]]></LOG><LOG TP='BD'><![CDATA[1/11/2014 -> SELECT * FROM tbl_rol_usr WHERE nb_rol_usr='Maestro'; Sat Nov 01 14:47:34 VET 2014]]></LOG><LOG TP='BD'><![CDATA[1/11/2014 -> SELECT * FROM tbl_rol_usr WHERE id_rol_usr=1; Sat Nov 01 14:47:34 VET 2014]]></LOG><LOG TP='BD'><![CDATA[1/11/2014 -> SELECT * FROM tbl_libro WHERE nb_libro='Deuteronomio'; Sat Nov 01 14:47:34 VET 2014]]></LOG><LOG TP='BD'><![CDATA[1/11/2014 -> INSERT INTO tbl_preguntas(tx_preguntas,respuesta_correcta,id_etapa,id_libro) VALUES('hhhh','vvcfcf',3,'5'); Sat Nov 01 14:47:34 VET 2014]]></LOG><LOG TP='BD'><![CDATA[1/11/2014 -> SELECT * FROM tbl_preguntas WHERE tx_pregunta='hhhh'; Sat Nov 01 14:47:34 VET 2014ERROR= ERROR: no existe la columna «tx_pregunta»
  Position: 35]]></LOG><LOG TP='BD'><![CDATA[1/11/2014 -> SELECT * FROM usuarios WHERE tx_login='frejolano' and clave='1234'; Sat Nov 01 14:51:16 VET 2014]]></LOG><LOG TP='BD'><![CDATA[1/11/2014 -> SELECT * FROM usuarios WHERE tx_login='frejolano' and clave='1234'; Sat Nov 01 14:51:16 VET 2014]]></LOG><LOG TP='BD'><![CDATA[1/11/2014 -> SELECT * FROM tbl_rol_usr WHERE nb_rol_usr='Administrador'; Sat Nov 01 14:51:16 VET 2014]]></LOG><LOG TP='BD'><![CDATA[1/11/2014 -> SELECT * FROM tbl_rol_usr WHERE nb_rol_usr='Estudiante'; Sat Nov 01 14:51:16 VET 2014]]></LOG><LOG TP='BD'><![CDATA[1/11/2014 -> SELECT * FROM tbl_rol_usr WHERE nb_rol_usr='Maestro'; Sat Nov 01 14:51:16 VET 2014]]></LOG><LOG TP='BD'><![CDATA[1/11/2014 -> SELECT * FROM tbl_rol_usr WHERE id_rol_usr=1; Sat Nov 01 14:51:16 VET 2014]]></LOG><LOG TP='BD'><![CDATA[1/11/2014 -> SELECT * FROM tbl_libro WHERE nb_libro='Deuteronomio'; Sat Nov 01 14:51:16 VET 2014]]></LOG><LOG TP='BD'><![CDATA[1/11/2014 -> INSERT INTO tbl_preguntas(tx_preguntas,respuesta_correcta,id_etapa,id_libro) VALUES('errrr','eeeer',3,'5'); Sat Nov 01 14:51:16 VET 2014]]></LOG><LOG TP='BD'><![CDATA[1/11/2014 -> SELECT * FROM tbl_preguntas WHERE tx_preguntas='errrr'; Sat Nov 01 14:51:16 VET 2014]]></LOG>